offer_id,vendor_code,portal_category_id,category_name,audit_prom_category_id,audit_xml_category_id,decision,audit_product_name,note
2591e6f4-3867-44d9-bf4e-b03d96dd3f02,MI6562,13240409,Комплектуючі до побутових фільтрів,13240409,13240417,Оставить Prom,Кран для питьевой воды MIXXUS MONO-07.SUS FILTER GRAPHITE из нержавеющей стали MI6562,
720f8098-d059-4652-8a5a-dad95c15dd4b,MI6563,13240409,Комплектуючі до побутових фільтрів,13240409,13240417,Оставить Prom,Двойной кран для питьевой воды MIXXUS MONO-08.SUS FILTER из нерж. стали MI6563,
3e7fe2de-45b6-4734-81f0-e59ba0d6d3da,MI6028,13240409,Комплектуючі до побутових фільтрів,13240409,13240417,Оставить Prom,Кран для питьевой воды MIXXUS MONO-07.SUS FILTER с отдельным подключением арт. MI6028,
983cc35f-f7d8-4ea9-bce5-246a1401110b,MI6029,13240409,Комплектуючі до побутових фільтрів,13240409,13240417,Оставить Prom,Кран для питьевой воды MIXXUS MONO-07.SUS FILTER BLACK из нержавеющей стали MI6029,
92e8dedd-84a3-4080-82cf-0459abcd0b9f,KR6193,13240409,Комплектуючі до побутових фільтрів,13240409,13240417,Оставить Prom,"Соединительный модуль с байпасом KOER KR.1129 1""ВРx1""ЗР для монтажа фильтров — артикул KR6193",
13708990-49a4-49fa-9c90-abd2965655da,KR3167,13240409,Комплектуючі до побутових фільтрів,13240409,13240417,Оставить Prom,Мембрана ультрафильтрационная KOER Arctic KV.0490 из полипропилена для воды KR3167,
1d7f33ed-a706-4d07-b120-41c0ffca565d,KR3160,13240409,Комплектуючі до побутових фільтрів,13240409,13240417,Оставить Prom,"Сменный картридж KOER KV.0105 2,5""х10"" из полипропиленовой нити для воды KR3160",
0a7f9e31-7a9b-420b-8075-900ead4b6720,KR4777,13240409,Комплектуючі до побутових фільтрів,13240409,13240417,Оставить Prom,"Сменный картридж ВВ KOER KV-01-4510-05 4,5""х10"" полипропилен от 5 мкм (KR4777)",
0a114ae2-191e-4353-ab45-7051047729f6,KR3156,13240409,Комплектуючі до побутових фільтрів,13240409,13240417,Оставить Prom,"Сменный полипропиленовый картридж KOER PP5 2,5""х10"" с фильтрацией от 5 мкм KR3156",
438fb1eb-4aed-4b49-bdb2-48ab8d763926,KR5028,13240409,Комплектуючі до побутових фільтрів,13240409,13240417,Оставить Prom,"Сменный картридж ВВ KOER KV-02-4510-20 полипропиленовая нить 4,5""х10"" KR5028",
b49be24a-7f42-40a3-89c8-9ad3547089fe,KR3159,13240409,Комплектуючі до побутових фільтрів,13240409,13240417,Оставить Prom,"Сменный картридж KOER KV.0101 полипропиленовая нить 2,5х10"" с удержанием от 1 мкм KR3159",
21913096-dada-4465-9ffc-4344e7934108,KR5031,13240409,Комплектуючі до побутових фільтрів,13240409,13240417,Оставить Prom,Сменный картридж ВВ KOER KV-04-4520 с гранулированным углем и ресурсом до 60000 л (KR5031),
dba22871-1a48-4180-8945-1f4f7e0a50c1,KR4780,13240409,Комплектуючі до побутових фільтрів,13240409,13240417,Оставить Prom,"Сменный картридж ВВ KOER KV.5220 4,5""х20"" из полипропилена от 20 мкм (KR4780)",
6a4e0648-446b-4fb1-929a-f9df29b07d44,KR4778,13240409,Комплектуючі до побутових фільтрів,13240409,13240417,Оставить Prom,"Сменный картридж ВВ KOER KV.4205 полипропиленовый 4,5""х20"" 5 мкм KR4778",
511a8e39-d9fd-4eb3-9dcc-a4ab5790d248,KR5542,13240409,Комплектуючі до побутових фільтрів,13240409,13240417,Оставить Prom,"Сменный картридж KOER KV-03-2510 с ионообменной смолой 2,5""x10"" (KR5542)",
4e323eac-4eab-4d5a-8a04-c0c605bd0877,KR5030,13240409,Комплектуючі до побутових фільтрів,13240409,13240417,Оставить Prom,"Сменный картридж ВВ KOER KV-04-4510 4,5""x10"" с гранулированным углем (KR5030)",
6717bf09-f1ee-4917-802f-526d0dad62fc,KR5032,13240409,Комплектуючі до побутових фільтрів,13240409,13240417,Оставить Prom,Картридж угольный постфильтр KOER KV-45 для воды — чистая и свежая вода (KR5032),
c1946ac7-343a-464a-af10-498e5a9eb5ec,KR3158,13240409,Комплектуючі до побутових фільтрів,13240409,13240417,Оставить Prom,"Сменный картридж KOER KV.0020 полипропиленовый 2,5""х10"" 20 мкм (KR3158)",
5c584722-3eed-4907-b3c1-692183213220,KR3161,13240409,Комплектуючі до побутових фільтрів,13240409,13240417,Оставить Prom,"Сменный картридж KOER KV-0110 из полипропиленовой нити 2,5""х10"" для воды KR3161",
fccb233c-b196-475e-9da1-01399041b65f,KR3162,13240409,Комплектуючі до побутових фільтрів,13240409,13240417,Оставить Prom,"Сменный картридж KOER KV.0120 полипропиленовая нить 2,5""х10"" 20 мкм KR3162",
f62eaa43-cc87-4227-b1b8-868569a70735,KR5540,13240409,Комплектуючі до побутових фільтрів,13240409,13240417,Оставить Prom,"Сменный картридж KOER KV-04-2510 с активированным гранулированным углем 2,5""х10"" KR5540",
60a7a160-90a7-4e5a-8169-e683edc51443,KR3157,13240409,Комплектуючі до побутових фільтрів,13240409,13240417,Оставить Prom,"Сменный картридж полипропиленовый KOER KV.0010 2,5х10 10 мкм KR3157",
985bb2e8-65ca-4b00-af18-63127104feb2,KR3172,13240409,Комплектуючі до побутових фільтрів,13240409,13240417,Оставить Prom,Биоактиватор для воды KOER Arctic KV.0700 полипропилен (KR3172),
f7b11f00-412f-4495-a16a-abd09565ff0f,KR5467,13240409,Комплектуючі до побутових фільтрів,13240409,13240417,Оставить Prom,"Сменный картридж KOER KV-05-2510 с активированным спрессованным углем 2,5""х10"" KR5467",
7cfd3ffb-7510-4be3-b4c7-78054745218b,KR3166,13240409,Комплектуючі до побутових фільтрів,13240409,13240417,Оставить Prom,Мембрана обратноосмотическая KOER KV.0475 75 GPD для очистки воды из полипропилена KR3166,
8e23c4ea-3568-4913-94f6-13e71fc9804f,KR3367,13240409,Комплектуючі до побутових фільтрів,13240409,13240417,Оставить Prom,"Сменный картридж для воды KOER KV-06-2510 2,5""х10"" для удаления железа KR3367",
80590d0c-cc8e-48ed-8916-3db6d21ac357,KR3165,13240409,Комплектуючі до побутових фільтрів,13240409,13240417,Оставить Prom,Мембрана обратного осмоса KOER KV.0450 50 GPD — надежный полипропиленовый элемент для воды (KR3165),
0158fe3a-cb25-4933-b579-3c49ac262926,KR3155,13240409,Комплектуючі до побутових фільтрів,13240409,13240417,Оставить Prom,"Сменный полипропиленовый картридж KOER KV.0001 2,5""х10"" с удержанием от 1 мкм (KR3155)",
7b14cdbb-bf61-4fac-af40-675550501fa9,KR5033,13240409,Комплектуючі до побутових фільтрів,13240409,13240417,Оставить Prom,Минерализатор для воды KOER KV-50 — надежный картридж для очистки (KR5033),
2cab9b84-8cdb-4b34-8f49-c5e054c28caa,KR3169,13240409,Комплектуючі до побутових фільтрів,13240409,13240417,Оставить Prom,Сменный картридж KOER KV.0520 Arctic угольный постфильтр с корректировкой pH ARCTIC Арт. KR3169,
d2b9c8b7-8806-42ef-8c86-824fe4cd3c45,EP6226,13240409,Комплектуючі до побутових фільтрів,13240409,13240417,Оставить Prom,"Сменный картридж EUROPRODUCT EPV-01-2510-01 2,5""x10"" вспененный полипропилен (EP6226)",
92823eac-ad00-4e6a-aca8-53c81e8500d8,EP5451,13240409,Комплектуючі до побутових фільтрів,13240409,13240417,Оставить Prom,"Сменный картридж Europroduct EPV-07-2510 2,5""х10"" с ионообменной смолой для воды (EP5451)",
006a683e-8edc-486f-ace0-c65c66c08417,EP6232,13240409,Комплектуючі до побутових фільтрів,13240409,13240417,Оставить Prom,"Сменный картридж EUROPRODUCT EPV-02-2510-10 из полипропиленовой нити 2,5""х10"" (EP6232)",
f568089e-35ed-4fd4-8a89-eeca95b16e4e,EP6230,13240409,Комплектуючі до побутових фільтрів,13240409,13240417,Оставить Prom,"Сменный картридж EUROPRODUCT EPV-02-2510-01 из полипропиленовой нити 2,5""х10"" EP6230",
02799799-1f6f-4a3d-8b92-3b07a79fe06a,EP6231,13240409,Комплектуючі до побутових фільтрів,13240409,13240417,Оставить Prom,"Сменный картридж EUROPRODUCT EPV-02-2510-05 полипропиленовая нить 2,5""x10"" (EP6231)",
aa73988d-9178-4372-8c9e-33460922e9fa,EP6228,13240409,Комплектуючі до побутових фільтрів,13240409,13240417,Оставить Prom,"Сменный картридж EUROPRODUCT EPV-01-2510-10 полипропиленовый 2,5""х10"" 10 мкм (EP6228)",
2a0633a5-edcc-42e0-8c7b-41018778b37d,EP6229,13240409,Комплектуючі до побутових фільтрів,13240409,13240417,Оставить Prom,"Сменный картридж EUROPRODUCT EPV-01-2510-20 2,5""х10"" для воды (EP6229)",
2e6c34c5-038a-4029-9607-7b1599b53de6,EP5456,13240409,Комплектуючі до побутових фільтрів,13240409,13240417,Оставить Prom,"Комплект картриджей Europroduct EPV-102 для воды 2,5""х10"" из полипропилена (EP5456)",
c507e3b0-fc98-4feb-8922-46b4be19a193,EP5455,13240409,Комплектуючі до побутових фільтрів,13240409,13240417,Оставить Prom,Комплект сменных картриджей Europroduct EPV-101 ПП 5мкм+уголь+ПП 1мкм для воды (EP5455),
b9bb86fc-10ed-441f-a3d4-6a39ee36ff66,EP6233,13240409,Комплектуючі до побутових фільтрів,13240409,13240417,Оставить Prom,"Сменный картридж EUROPRODUCT EPV-02-2510-20 из полипропиленовой нити 2,5""х10"" (EP6233)",
b21b151c-895f-46a9-8877-d40b45ad753f,EP5454,13240409,Комплектуючі до побутових фільтрів,13240409,13240417,Оставить Prom,Комплект сменных картриджей Europroduct EPV-100 полипропилен EP5454,
bcd99d5d-eed7-42ce-8de2-d4f92bf14897,EP5453,13240409,Комплектуючі до побутових фільтрів,13240409,13240417,Оставить Prom,"Сменный картридж Europroduct EPV-09-2510 2,5""х10"" с активированным спрессованным углем для воды (EP5453)",
eba01069-218b-4047-8b98-6181c4d7a325,EP6227,13240409,Комплектуючі до побутових фільтрів,13240409,13240417,Оставить Prom,"Сменный картридж EUROPRODUCT EPV-01-2510-05 полипропиленовый 2,5""x10"" (EP6227)",
0eb98d17-170a-4982-9624-007eca37f298,EP5452,13240409,Комплектуючі до побутових фільтрів,13240409,13240417,Оставить Prom,"Сменный картридж EUROPRODUCT EPV-08-2510 2,5""х10"" с гранулированным углем (EP5452)",
rs4u425,ТР-00000897,13240409,Комплектуючі до побутових фільтрів,13240409,13240417,Оставить Prom,"Сменный фильтрующий элемент USTM Картридж 20ВВ UST-M умягчающий, Полипропилен, 10 мкр (ТР-00000897)",
rs4u266,ТР-00000894,13240409,Комплектуючі до побутових фільтрів,13240409,13240417,Оставить Prom,Картридж гофрированный UST-M 20ВВ 10 мкм Made in Poland (ТР-00000894),
14554,000014554,13240409,Комплектуючі до побутових фільтрів,13240409,13240417,Оставить Prom,Картридж шнурковый  Bio+ Systems PPW-20L-LN (50 мкм) BigBlue 20″,
rs4u37870,ТР-00026958,13240409,Комплектуючі до побутових фільтрів,13240409,13240417,Оставить Prom,"Картридж полипропиленовый для воды ASCO 10BB 4,5""х10"" 5 мкм (ТР-00026958)",
12414,000012414,13240409,Комплектуючі до побутових фільтрів,13240409,13240417,Оставить Prom,"Картридж для устранения железа Bio+ Systems IRC-10L Big Blue 10"" BIRM (12414)",
30715,000030715,13240409,Комплектуючі до побутових фільтрів,13240409,13240417,Оставить Prom,"Картридж-минерализатор 5 в 1 для фильтров воды !NoName, Тип - минерализатор",
12497,000012497,13240409,Комплектуючі до побутових фільтрів,13240409,13240417,Оставить Prom,Картридж для устранения сероводорода Угольный Bio+ systems CX-20L Big Blue 20″,
3494,000003494,13240409,Комплектуючі до побутових фільтрів,13240409,13240417,Оставить Prom,Картридж-минерализатор !NoName MB-10 (3494),
rs4u38631,ТР-00027700,13240409,Комплектуючі до побутових фільтрів,13240409,13240417,Оставить Prom,Картридж фильтрации для воды нитяной NO Brand 10ВВ Полипропилен (ТР-00027700),
rs4u4555,ТР-00002493,13240409,Комплектуючі до побутових фільтрів,13240409,13240417,Оставить Prom,Картридж полипропиленовый для воды FORA 20 мкм белый (ТР-00002493),
rs4u38547,ТР-00027600,13240409,Комплектуючі до побутових фільтрів,13240409,13240417,Оставить Prom,Картридж прессованного активированного угля для воды NO Brand СТО 10SL,
rs4u36864,ТР-00025592,13240409,Комплектуючі до побутових фільтрів,13240409,13240417,Оставить Prom,Картридж полипропиленовый для воды NO Brand 20 мкм (ТР-00025592),
rs4u4554,ТР-00003855,13240409,Комплектуючі до побутових фільтрів,13240409,13240417,Оставить Prom,Картридж нитка для воды FORA Полипропилен 20 мкм белый (ТР-00003855),
23043,000023043,13240409,Комплектуючі до побутових фільтрів,13240409,13240417,Оставить Prom,Картридж угольный прессованный для механической очистки !NoName CTO-20L BigBlue 20″,
rs4u4553,ТР-00003854,13240409,Комплектуючі до побутових фільтрів,13240409,13240417,Оставить Prom,Картридж ниточный для воды FORA полипропилен 10 мкм (ТР-00003854),
9651,000009651,13240409,Комплектуючі до побутових фільтрів,13240409,13240417,Оставить Prom,Пост-фильтр угольный для фильтра обратного осмоса !NoName T33B Уголь (9651),
14110,000014110,13240409,Комплектуючі до побутових фільтрів,13240409,13240417,Оставить Prom,Картридж шнурковый для механической очистки Bio+ Systems PPW-20 полипропиленовый (10 мкм) 14110,
rs4u4552,ТР-00003853,13240409,Комплектуючі до побутових фільтрів,13240409,13240417,Оставить Prom,Картридж ниточный FORA полипропилен для воды белый (ТР-00003853),
rs4u487,ТР-00000901,13240409,Комплектуючі до побутових фільтрів,13240409,13240417,Оставить Prom,Картридж для воды USTM 20BB из полипропилена 10 мкм белый (ТР-00000901),
rs4u37435,ТР-00026211,13240409,Комплектуючі до побутових фільтрів,13240409,13240417,Оставить Prom,Картридж для воды GAC-С ВВ10 для сорбционной и сероводородной очистки Полипропилен белый (ТР-00026211),
rs4u37434,ТР-00026210,13240409,Комплектуючі до побутових фільтрів,13240409,13240417,Оставить Prom,Картридж GAC BB20 для сорбционной очистки NO Brand Полипропилен Черный (ТР-00026210),
rs4u36387,ТР-00025284,13240409,Комплектуючі до побутових фільтрів,13240409,13240417,Оставить Prom,Картридж для фильтра Карбоноблок NO Brand СТО - 20ВВ,
rs4u35468,ТР-00024269,13240409,Комплектуючі до побутових фільтрів,13240409,13240417,Оставить Prom,Картридж из Ионообменной смолы для очистки воды от железа NO Brand BB10 Big Blue 1/4 (ТР-00024269),
rs4u19066,ТР-00005629,13240409,Комплектуючі до побутових фільтрів,13240409,13240417,Оставить Prom,"Картридж из полипропилена для очистки воды от железа Plumbershop BB20 Big Blue 4,5"" x 20"" (ТР-00005629)",
rs4u37869,ТР-00026957,13240409,Комплектуючі до побутових фільтрів,13240409,13240417,Оставить Prom,Картридж для магистрального фильтра ASCO SC-10 EKP 10 мкм полипропилен (ТР-00026957),
rs4u37868,ТР-00026956,13240409,Комплектуючі до побутових фільтрів,13240409,13240417,Оставить Prom,Картридж для воды ASCO Прессованный активированный уголь Черный (ТР-00026956),
rs4u37867,ТР-00026955,13240409,Комплектуючі до побутових фільтрів,13240409,13240417,Оставить Prom,Картридж для воды ASCO полипропиленовый ниточный 20 мкм (ТР-00026955),
rs4u37866,ТР-00026954,13240409,Комплектуючі до побутових фільтрів,13240409,13240417,Оставить Prom,Картридж ниточный ASCO полипропилен для воды 10 мкм белый (ТР-00026954),
rs4u37865,ТР-00026953,13240409,Комплектуючі до побутових фільтрів,13240409,13240417,Оставить Prom,Картридж ниточный для воды ASCO Полипропилен 5 мкм белый (ТР-00026953),
rs4u37438,ТР-00026214,13240409,Комплектуючі до побутових фільтрів,13240409,13240417,Оставить Prom,Комплект Мембрана Полипропилен + Постфильтр NO Brand Черный (ТР-00026214),
rs4u37437,ТР-00026213,13240409,Комплектуючі до побутових фільтрів,13240409,13240417,Оставить Prom,Комплект картриджей умягчения воды полипропилена NO Brand (RO+/CA/FE) черный (ТР-00026213),
rs4u37436,ТР-00026212,13240409,Комплектуючі до побутових фільтрів,13240409,13240417,Оставить Prom,Картридж сорбционный GAC-С ВВ20 для сероводородной очистки NO Brand Полипропилен (ТР-00026212),
rs4u37433,ТР-00026209,13240409,Комплектуючі до побутових фільтрів,13240409,13240417,Оставить Prom,Картридж для магистрального фильтра GAC ВВ10 Полипропилен белый (ТР-00026209),
rs4u37432,ТР-00026208,13240409,Комплектуючі до побутових фільтрів,13240409,13240417,Оставить Prom,Картридж для смягчения воды Big Blue BB20 NO Brand полипропилен (ТР-00026208),
rs4u37170,ТР-00025956,13240409,Комплектуючі до побутових фільтрів,13240409,13240417,Оставить Prom,Картридж для умягчения воды Ионообменная смола BB10 Big Blue (ТР-00025956),
rs4u36388,ТР-00025285,13240409,Комплектуючі до побутових фільтрів,13240409,13240417,Оставить Prom,Картридж для фильтра Карбоноблок NO Brand СТО - 10ВВ,
rs4u36048,ТР-00024905,13240409,Комплектуючі до побутових фільтрів,13240409,13240417,Оставить Prom,Картридж для фильтра прессованный активированный уголь для воды NO Brand Черный (ТР-00024905),
rs4u4944,ТР-00000877,13240409,Комплектуючі до побутових фільтрів,13240409,13240417,Оставить Prom,Картридж полипропиленовый для воды FORA 10 мкм (ТР-00000877),
rs4u4943,ТР-00000878,13240409,Комплектуючі до побутових фільтрів,13240409,13240417,Оставить Prom,Картридж полипропиленовый для воды FORA 5 мкм (ТР-00000878),
rs4u4549,ТР-00001491,13240409,Комплектуючі до побутових фільтрів,13240409,13240417,Оставить Prom,Картридж Умягчающий Полипропилен FORA ST-10 (ТР-00001491),
rs4u4548,ТР-00001490,13240409,Комплектуючі до побутових фільтрів,13240409,13240417,Оставить Prom,Картридж обезжелезивания FORA IR-10 Полипропилен (ТР-00001490),
rs4u4547,ТР-00001489,13240409,Комплектуючі до побутових фільтрів,13240409,13240417,Оставить Prom,Картридж GAC10 угольный гранулированный для воды FORA,
rs4u486,ТР-00000900,13240409,Комплектуючі до побутових фільтрів,13240409,13240417,Оставить Prom,Картридж полипропиленовый для воды USTM 10ВВ 10 мкм (ТР-00000900),
rs4u485,ТР-00000890,13240409,Комплектуючі до побутових фільтрів,13240409,13240417,Оставить Prom,Картридж ниточный USTM 10ВВ для воды полипропилен (ТР-00000890),
rs4u267,ТР-00000895,13240409,Комплектуючі до побутових фільтрів,13240409,13240417,Оставить Prom,Картридж ниточный для воды USTM 20BB Big Blue полипропилен белый (ТР-00000895),
1878,000001878,13240409,Комплектуючі до побутових фільтрів,13240409,13240417,Оставить Prom,Картридж угольный прессованный Bio+ Systems CTO-10 Уголь (1878),
12328,000012328,13240409,Комплектуючі до побутових фільтрів,13240409,13240417,Оставить Prom,Картридж полипропиленовый для механической очистки Bio+ systems PP-20 (5 мкм),
12329,000012329,13240409,Комплектуючі до побутових фільтрів,13240409,13240417,Оставить Prom,Картридж полипропиленовый для воды Bio+ Systems PP-20 (10 мкм),
11875,000011875,13240409,Комплектуючі до побутових фільтрів,13240409,13240417,Оставить Prom,"Картридж угольный Bio+ systems UDF-20L BigBlue 20"" для магистрального фильтра",
18202,000018202,13240409,Комплектуючі до побутових фільтрів,13240409,13240417,Оставить Prom,Картридж шнурковый для воды Bio+ Systems PPW-10L-LN (50 мкм) BigBlue 10″ полипропиленовый,
17901,000017901,13240409,Комплектуючі до побутових фільтрів,13240409,13240417,Оставить Prom,Картридж полипропиленовый для механической очистки Bio+ Systems PP-20 (1 мкм),
15335,000015335,13240409,Комплектуючі до побутових фільтрів,13240409,13240417,Оставить Prom,Картридж шнурковый для воды Bio+ systems PPW-20 (5 мкм) полипропиленовый,
27788,000027788,13240409,Комплектуючі до побутових фільтрів,13240409,13240417,Оставить Prom,"Картридж-минерализатор для фильтров 4 в 1 !NoName, соединение Quick, типоразмер 2,5""х10""",
27284,000027284,13240409,Комплектуючі до побутових фільтрів,13240409,13240417,Оставить Prom,Картридж шнурковый для воды (механическая очистка) OZON Bio+ PPW-10 Полипропилен (5 мкм) (27284),
22972,000022972,13240409,Комплектуючі до побутових фільтрів,13240409,13240417,Оставить Prom,Картридж шнурковый для магистрального фильтра Bio+ Systems PPW-20L-LN (10 мкм) Полипропиленовый,
21833,000021833,13240409,Комплектуючі до побутових фільтрів,13240409,13240417,Оставить Prom,"Картридж умягчения (катионитовая смола) Bio+ Systems RS-20L BigBlue 20""",
21762,000021762,13240409,Комплектуючі до побутових фільтрів,13240409,13240417,Оставить Prom,Картридж полипропиленовый для механической очистки Bio+ systems PPF-5 (10 мкм) (Пара),
21743,000021743,13240409,Комплектуючі до побутових фільтрів,13240409,13240417,Оставить Prom,Картридж полипропиленовый для колбы Bio+ Systems PP-5 mini (10 мкм) (пара),
21013,000021013,13240409,Комплектуючі до побутових фільтрів,13240409,13240417,Оставить Prom,Картридж умягчающий Bio+ Systems RS-10-LN из катионитовой смолы для воды,
20561,000020561,13240409,Комплектуючі до побутових фільтрів,13240409,13240417,Оставить Prom,"Картридж полипропиленовый для воды (механическая очистка) Bio+ Systems PP-20L (10 мкм) BigBlue 20""",
20559,000020559,13240409,Комплектуючі до побутових фільтрів,13240409,13240417,Оставить Prom,Картридж полипропиленовый для воды (механическая очистка) Bio+ systems PP-10L (10 мкм) BigBlue 10″,
20424,000020424,13240409,Комплектуючі до побутових фільтрів,13240409,13240417,Оставить Prom,Картридж угольный Bio+ systems GAC-10-LN для механической очистки,
20083,000020083,13240409,Комплектуючі до побутових фільтрів,13240409,13240417,Оставить Prom,Картридж для смягчения воды Bio+ Systems RS-10 из катионитовой смолы (20083),
20054,000020054,13240409,Комплектуючі до побутових фільтрів,13240409,13240417,Оставить Prom,"Комплект картриджей для систем очистки Bio+ Systems ""Осмос"" (PP, СТО, РР) Полипропилен (20054)",
18388,000018388,13240409,Комплектуючі до побутових фільтрів,13240409,13240417,Оставить Prom,Картридж шнурковый для механической очистки Bio+ Systems PPW-10L-LN Полипропиленовый шнур (18388),
18387,000018387,13240409,Комплектуючі до побутових фільтрів,13240409,13240417,Оставить Prom,Картридж для воды шнурковый Bio+ Systems PPW-10-LN (20 мкм) полипропиленовый,
17382,000017382,13240409,Комплектуючі до побутових фільтрів,13240409,13240417,Оставить Prom,Картридж угольный прессованный !NoName CTO-10 (5 мкм),
15508,000015508,13240409,Комплектуючі до побутових фільтрів,13240409,13240417,Оставить Prom,Картридж полипропиленовый для механической очистки Bio+ Systems PPS-10 (10 мкм),
15336,000015336,13240409,Комплектуючі до побутових фільтрів,13240409,13240417,Оставить Prom,Картридж шнурковый для воды Bio+ systems PPW-20 (механическая очистка) полипропиленовый 20 мкм (15336),
14491,000014491,13240409,Комплектуючі до побутових фільтрів,13240409,13240417,Оставить Prom,Картридж шнурковый для механической очистки Bio+ Systems PPW-20L-LN (5 мкм) BigBlue 20″ полипропилен,
14490,000014490,13240409,Комплектуючі до побутових фільтрів,13240409,13240417,Оставить Prom,Картридж шнурковой Bio+ Systems PPW-20L-LN (20 мкм) BigBlue 20″ полипропиленовый,
14489,000014489,13240409,Комплектуючі до побутових фільтрів,13240409,13240417,Оставить Prom,Картридж шнурковый для механической очистки Bio+ Systems PPW-10L-LN (5 мкм) полипропиленовый BigBlue 10″ (14489),
14488,000014488,13240409,Комплектуючі до побутових фільтрів,13240409,13240417,Оставить Prom,Картридж шнурковой для механической очистки Bio+ Systems PPW-10L-LN Полипропилен (20 мкм) (14488),
14196,000014196,13240409,Комплектуючі до побутових фільтрів,13240409,13240417,Оставить Prom,Картридж шнурковый Bio+ Systems SC-10W-LN полипропиленовый для механической очистки (14196),
14195,000014195,13240409,Комплектуючі до побутових фільтрів,13240409,13240417,Оставить Prom,Картридж шнурковой Bio+ Systems PPW-10-LN (10 мкм) Полипропилен (14195),
14194,000014194,13240409,Комплектуючі до побутових фільтрів,13240409,13240417,Оставить Prom,Картридж шнурковый Bio+ Systems PPW-10-LN (5 мкм) полипропиленовый,
12621,000012621,13240409,Комплектуючі до побутових фільтрів,13240409,13240417,Оставить Prom,Картридж угольный насыпной OZON Bio+ GAC-10RW для фильтров воды из активированного кокосового угля,
12306,000012306,13240409,Комплектуючі до побутових фільтрів,13240409,13240417,Оставить Prom,Картридж шнурковый для механической очистки OZON Bio+ PPW-10 полипропиленовый (10 мкм) 12306,
12064,000012064,13240409,Комплектуючі до побутових фільтрів,13240409,13240417,Оставить Prom,Картридж шнурковый Bio+ Systems PPW-10B (20 мкм) Полипропилен для воды (12064),
10371,000010371,13240409,Комплектуючі до побутових фільтрів,13240409,13240417,Оставить Prom,"Картридж для устранения железа Bio+ Systems IRC-20L Big Blue 20"" BIRM (10371)",
10004,000010004,13240409,Комплектуючі до побутових фільтрів,13240409,13240417,Оставить Prom,Картридж полипропиленовый для воды Bio+ systems PP-20L (20 мкм) BigBlue 20″ (10004),
10003,000010003,13240409,Комплектуючі до побутових фільтрів,13240409,13240417,Оставить Prom,Картридж полипропиленовый Bio+ systems PP-20L (50 мкм) BigBlue 20″ для механической очистки,
10002,000010002,13240409,Комплектуючі до побутових фільтрів,13240409,13240417,Оставить Prom,Картридж полипропиленовый для механической очистки Bio+ systems PP-10L (50 мкм) BigBlue 10″,
10001,000010001,13240409,Комплектуючі до побутових фільтрів,13240409,13240417,Оставить Prom,Картридж полипропиленовый для механической очистки Bio+ systems PP-10L (20 мкм) BigBlue 10″,
9892,000009892,13240409,Комплектуючі до побутових фільтрів,13240409,13240417,Оставить Prom,"Комплект картриджей для систем очистки Bio+ Systems ""Умягчение"" (PP, RS, CTO) полипропилен",
9891,000009891,13240409,Комплектуючі до побутових фільтрів,13240409,13240417,Оставить Prom,"Комплект картриджей для систем очистки Bio+ Systems ""Стандарт"" (PP, GAS, СТО) Полипропилен (9891)",
8349,000008349,13240409,Комплектуючі до побутових фільтрів,13240409,13240417,Оставить Prom,Картридж для устранения железа Bio+ Systems IRC-10 BIRM (8349),
8288,000008288,13240409,Комплектуючі до побутових фільтрів,13240409,13240417,Оставить Prom,Картридж шнурковый для воды Bio+ Systems PPW-10B Полипропиленовый 10 мкм (8288),
8253,000008253,13240409,Комплектуючі до побутових фільтрів,13240409,13240417,Оставить Prom,Картридж шнурковый для механической очистки Bio+ Systems PPW-10B полипропиленовый (5 мкм),
5243,000005243,13240409,Комплектуючі до побутових фільтрів,13240409,13240417,Оставить Prom,Картридж полипропиленовый для горячей воды Bio+ Systems PP-10H (10 мкм),
5139,000005139,13240409,Комплектуючі до побутових фільтрів,13240409,13240417,Оставить Prom,Картридж полипропиленовый для воды Bio+ Systems PP-10 (20 мкм),
5138,000005138,13240409,Комплектуючі до побутових фільтрів,13240409,13240417,Оставить Prom,Картридж полипропиленовый для механической очистки Bio+ Systems PP-10 (1 мкм),
4865,000004865,13240409,Комплектуючі до побутових фільтрів,13240409,13240417,Оставить Prom,Картридж шнурковый для механической очистки Bio+ Systems SC-10W полипропиленовый,
4864,000004864,13240409,Комплектуючі до побутових фільтрів,13240409,13240417,Оставить Prom,Картридж угольный Bio+ systems CTO-10L BigBlue 10″ прессованный активированный уголь для механической очистки (4864),
4355,000004355,13240409,Комплектуючі до побутових фільтрів,13240409,13240417,Оставить Prom,Картридж прессованный активированный уголь Bio+ Systems CTO-20L BigBlue 20″,
4186,000004186,13240409,Комплектуючі до побутових фільтрів,13240409,13240417,Оставить Prom,Картридж прессованный активированный уголь CTO-10F для механической очистки !NoName,
3797,000003797,13240409,Комплектуючі до побутових фільтрів,13240409,13240417,Оставить Prom,Картридж полипропиленовый для механической очистки Bio+ Systems PP-10 (5 мкм),
3756,000003756,13240409,Комплектуючі до побутових фільтрів,13240409,13240417,Оставить Prom,Картридж полипропиленовый Bio+ systems PP-20L (5 мкм) BigBlue 20″,
3427,000003427,13240409,Комплектуючі до побутових фільтрів,13240409,13240417,Оставить Prom,Картридж полипропиленовый для механической очистки Bio+ systems PP-10L (5 мкм) BigBlue 10″,
3208,000003208,13240409,Комплектуючі до побутових фільтрів,13240409,13240417,Оставить Prom,Пост-фильтр угольный (тонкий) для фильтра обратного осмоса !NoName T33 A Уголь (3208),
2387,000002387,13240409,Комплектуючі до побутових фільтрів,13240409,13240417,Оставить Prom,Картридж комбинированный (полипропилен + уголь) Bio+ systems PC-10,
1879,000001879,13240409,Комплектуючі до побутових фільтрів,13240409,13240417,Оставить Prom,Картридж угольный насыпной Bio+ systems UDF-10A (GAC) Уголь (1879),
1850,000001850,13240409,Комплектуючі до побутових фільтрів,13240409,13240417,Оставить Prom,Картридж сетчатый для фильтра механической очистки !NoName Полипропилен WS 10-50 (SC-10FT),
1840,000001840,13240409,Комплектуючі до побутових фільтрів,13240409,13240417,Оставить Prom,Картридж полипропиленовый для механической очистки Bio+ Systems PP-10 (10 мкм),
SD00054077,SD00054077,13241102,Комплектуючі для водонагрівачів,13241102,13240122,Оставить Prom,"ТЭН Thermo Alliance Galmet GE, 3 кВт, 230 В - 6/4"" (200 л) с термостатом (SD00054077)",
SD00054075,SD00054075,13241102,Комплектуючі для водонагрівачів,13241102,13240122,Оставить Prom,"ТЭН с термостатом Galmet GE, 3 кВт, 230 В - 5/4 (1 1/4) (100-140 л) (SD00054075)",
SD00054076,SD00054076,13241102,Комплектуючі для водонагрівачів,13241102,13240122,Оставить Prom,ТЭН Galmet GE 2 кВт с термостатом для бойлера 200 л (SD00054076),
SD00054074,SD00054074,13241102,Комплектуючі для водонагрівачів,13241102,13240122,Оставить Prom,"ТЭН Thermo Alliance GE, 2 кВт с термостатом для водонагревателей (SD00054074)",
SD00057863,SD00057863,13241102,Комплектуючі для водонагрівачів,13241102,13240122,Оставить Prom,Прокладка анода Thermo Alliance M-015548 для водонагревателей (SD00057863),
SD00056929,SD00056929,13241102,Комплектуючі для водонагрівачів,13241102,13240122,Оставить Prom,Колба для сухого ТЭНа Thermo Alliance 31300335 для водонагревателя (SD00056929),
SD00056930,SD00056930,13241102,Комплектуючі для водонагрівачів,13241102,13240122,Оставить Prom,ТЭН сухой Thermo Alliance 800 Вт L=300–335 мм для водонагревателей (SD00056930),
SD00057068,SD00057068,13241102,Комплектуючі для водонагрівачів,13241102,13240122,Оставить Prom,Прокладка Thermo Alliance M-005893 для водонагревателей (SD00057068),
SD00055278,SD00055278,13241102,Комплектуючі для водонагрівачів,13241102,13240122,Оставить Prom,"Фланец Thermo Alliance 40-130600 в сборе Neptun 125 мм / 5 винтов, ТЭН 2 кВт (SD00055278)",
SD00055276,SD00055276,13241102,Комплектуючі для водонагрівачів,13241102,13240122,Оставить Prom,"Магниевый анод Thermo Alliance Neptun Ø25х390 мм, М8 (SD00055276)",
SD00055277,SD00055277,13241102,Комплектуючі для водонагрівачів,13241102,13240122,Оставить Prom,"Магниевый анод Thermo Alliance Vulcan Ø26 мм / 550 мм, M8 для водонагревателей (SD00055277)",
SD00054410,SD00054410,13241102,Комплектуючі для водонагрівачів,13241102,13240122,Оставить Prom,Уплотнение круглое Thermo Alliance CWH 125 EPDM (14945),
SD00052676,SD00052676,13241102,Комплектуючі для водонагрівачів,13241102,13240122,Оставить Prom,"ТЭН Thermo Alliance Neptun 2.0 кВт, ""мокрый"" тип, из нержавеющей стали для водонагревателя (SD00052676)",
SD00054411,SD00054411,13241102,Комплектуючі для водонагрівачів,13241102,13240122,Оставить Prom,Пластиковая крышка для бойлера Thermo Alliance CWH 30-120 л (1703060046),
SD00054402,SD00054402,13241102,Комплектуючі для водонагрівачів,13241102,13240122,Оставить Prom,"Магниевый анод Thermo Alliance 1708230784 для водонагревателя, Ø 22/26 мм, L 320 мм (SD00054402)",
SD00054415,SD00054415,13241102,Комплектуючі для водонагрівачів,13241102,13240122,Оставить Prom,Фланец овальный Thermo Alliance 16003 для водонагревателя (SD00054415),
SD00051026,SD00051026,13241102,Комплектуючі для водонагрівачів,13241102,13240122,Оставить Prom,Магниевый анод Thermo Alliance (38200080) для водонагревателя (SD00051026),
SD00042945,SD00042945,13241102,Комплектуючі для водонагрівачів,13241102,13240122,Оставить Prom,Термостат капиллярный для регулировки Thermo Alliance WY75M-C1 75±5°С для цилиндрических водонагревателей (SD00042945),
SD00032672,SD00032672,13241102,Комплектуючі для водонагрівачів,13241102,13240122,Оставить Prom,Термостат капиллярный Thermo Alliance 36300090 для электрических водонагревателей (SD00032672),
SD00032661,SD00032661,13241102,Комплектуючі для водонагрівачів,13241102,13240122,Оставить Prom,Фланец из никелированной стали Thermo Alliance 31300100 для плоских электрических водонагревателей (SD00032661),
SD00058150,SD00058150,13241102,Комплектуючі для водонагрівачів,13241102,13240122,Оставить Prom,"Анод магниевый Aquatronic ECO 109, М6х10, 100 мм для водонагревателя (SD00058150)",
SD00058148,SD00058148,13241102,Комплектуючі для водонагрівачів,13241102,13240122,Оставить Prom,Фланец Aquatronic ECO ЕВН-50.70.001 (125685) для водонагревателей (SD00058148),
SD00058144,SD00058144,13241102,Комплектуючі для водонагрівачів,13241102,13240122,Оставить Prom,"Термостат Aquatronic ECO для водонагревателя 16 А/250 В, 78/90 (SD00058144)",
SD00058146,SD00058146,13241102,Комплектуючі для водонагрівачів,13241102,13240122,Оставить Prom,Клапан предохранительный Aquatronic ECO VCS MF 6 бар для водонагревателя (SD00058146),
SD00058142,SD00058142,13241102,Комплектуючі для водонагрівачів,13241102,13240122,Оставить Prom,"Анод магниевый Aquatronic ECO, M6х10, 250 мм для водонагревателей (SD00058142)",
SD00058149,SD00058149,13241102,Комплектуючі для водонагрівачів,13241102,13240122,Оставить Prom,Уплотнение Aquatronic ECO ЕВН-50.70.002 для водонагревателей Aquatronic ECO (SD00058149),
SD00058147,SD00058147,13241102,Комплектуючі для водонагрівачів,13241102,13240122,Оставить Prom,Лампа индикаторная Aquatronic ECO 495 для водонагревателей (SD00058147),
SD00058143,SD00058143,13241102,Комплектуючі для водонагрівачів,13241102,13240122,Оставить Prom,"ТЭН Aquatronic ECO 132460 для водонагревателя, 1500 Вт / 230 В (SD00058143)",
SD00058141,SD00058141,13241102,Комплектуючі для водонагрівачів,13241102,13240122,Оставить Prom,"Анод магниевый Aquatronic ECO, M6, 200 мм для водонагревателей (SD00058141)",
SD00058145,SD00058145,13241102,Комплектуючі для водонагрівачів,13241102,13240122,Оставить Prom,Термометр Aquatronic ECO 119502 для водонагревателей (SD00058145),
SD00032663,SD00032663,13241102,Комплектуючі для водонагрівачів,13241102,13240122,Оставить Prom,Переключатель ТЭНов Thermo Alliance (35300180),
SD00057223,SD00057223,13241102,Комплектуючі для водонагрівачів,13241102,13240122,Оставить Prom,Прокладка EPDM Thermo Alliance 0Е-00002815 Ø94 мм для фланца Ø128 мм водонагревателя (SD00057223),
SD00057221,SD00057221,13241102,Комплектуючі для водонагрівачів,13241102,13240122,Оставить Prom,ТЭН Thermo Alliance HCF200230V10 с фланцем Ø48 (0Е-00002811) для водонагревателя (SD00057221),
SD00057222,SD00057222,13241102,Комплектуючі для водонагрівачів,13241102,13240122,Оставить Prom,ТЭН Thermo Alliance HCF150230V10 с фланцем Ø48 (0Е-00003399) для водонагревателя (SD00057222),
SD00057224,SD00057224,13241102,Комплектуючі для водонагрівачів,13241102,13240122,Оставить Prom,Прокладка Thermo Alliance 0Е-00002816 Ø94 для фланца Ø128 (сухой ТЭН) (SD00057224),
SD00057226,SD00057226,13241102,Комплектуючі для водонагрівачів,13241102,13240122,Оставить Prom,ТЭН сухой 800W 230V Thermo Alliance 00-00001400 для водонагревателя (SD00057226),
SD00057220,SD00057220,13241102,Комплектуючі для водонагрівачів,13241102,13240122,Оставить Prom,Анод Thermo Alliance 00-00000206 для водонагревателя (SD00057220),
SD00057225,SD00057225,13241102,Комплектуючі для водонагрівачів,13241102,13240122,Оставить Prom,ТЭН сухой Thermo Alliance 00-00001398 1000W для водонагревателя (SD00057225),
SD00057219,SD00057219,13241102,Комплектуючі для водонагрівачів,13241102,13240122,Оставить Prom,"Анод магниевый Thermo Alliance 00-00000205 для водонагревателя, 21,3x320 мм, резьба М6 (SD00057219)",
SD00055607,SD00055607,13241102,Комплектуючі для водонагрівачів,13241102,13240122,Оставить Prom,Термостат капиллярный Aquatronic 30230100400023 для водонагревателей 10-15 л (SD00055607),
SD00055600,SD00055600,13241102,Комплектуючі для водонагрівачів,13241102,13240122,Оставить Prom,ТЭН мокрый Aquatronic 1500 Вт (302301001000004) для цилиндрических водонагревателей 30-100 л (SD00055600),
SD00055610,SD00055610,13241102,Комплектуючі для водонагрівачів,13241102,13240122,Оставить Prom,Анод магниевый Aquatronic 30230800100124 для водонагревателей Compact 10-15 л (SD00055610),
SD00055606,SD00055606,13241102,Комплектуючі для водонагрівачів,13241102,13240122,Оставить Prom,Прокладка под фланец силиконовая Aquatronic 30230500300114 для водонагревателя (SD00055606),
SD00055609,SD00055609,13241102,Комплектуючі для водонагрівачів,13241102,13240122,Оставить Prom,"Мокрый ТЭН Aquatronic 302301001000033, 1500 Вт, для водонагревателей (SD00055609)",
SD00055611,SD00055611,13241102,Комплектуючі для водонагрівачів,13241102,13240122,Оставить Prom,Колба сухого ТЭНа Aquatronic для цилиндрических водонагревателей 30-100 л (SD00055611),
SD00055605,SD00055605,13241102,Комплектуючі для водонагрівачів,13241102,13240122,Оставить Prom,Сухой стержневой ТЭН Aquatronic 30230100101202 для водонагревателя (SD00055605),
SD00055604,SD00055604,13241102,Комплектуючі для водонагрівачів,13241102,13240122,Оставить Prom,"Сухой ТЭН стержневой стальной Aquatronic 30230100101203 для водонагревателя 1,2 кВт (SD00055604)",
SD00055608,SD00055608,13241102,Комплектуючі для водонагрівачів,13241102,13240122,Оставить Prom,Термостат защитный Aquatronic 2050703022 для водонагревателей 10-15 л (SD00055608),
SD00055603,SD00055603,13241102,Комплектуючі для водонагрівачів,13241102,13240122,Оставить Prom,Магниевый анод Aquatronic 302308001000007 для водонагревателей 30-100 л (SD00055603),
SD00054352,SD00054352,13241102,Комплектуючі для водонагрівачів,13241102,13240122,Оставить Prom,Колба сухого ТЭНа Thermo Alliance 31300337 для водонагревателя (SD00054352),
SD00054353,SD00054353,13241102,Комплектуючі для водонагрівачів,13241102,13240122,Оставить Prom,ТЭН сухой Thermo Alliance 1200W L=420-455mm для водонагревателя (36201972) (SD00054353),
SD00055206,SD00055206,13241102,Комплектуючі для водонагрівачів,13241102,13240122,Оставить Prom,Анод магниевый Thermo Alliance 22x160 мм с резистором для водонагревателя (SD00055206),
SD00055205,SD00055205,13241102,Комплектуючі для водонагрівачів,13241102,13240122,Оставить Prom,Магниевый анод с резистором Thermo Alliance 38200360 для водонагревателя 16x110 мм (SD00055205),
SD00055204,SD00055204,13241102,Комплектуючі для водонагрівачів,13241102,13240122,Оставить Prom,Магниевый анод с резистором Thermo Alliance 20x325 мм 38200330 для водонагревателя (SD00055204),
SD00054351,SD00054351,13241102,Комплектуючі для водонагрівачів,13241102,13240122,Оставить Prom,"Колба сухого ТЭНа Thermo Alliance 31300462, L=325-350мм для водонагревателя (SD00054351)",
SD00054354,SD00054354,13241102,Комплектуючі для водонагрівачів,13241102,13240122,Оставить Prom,"Сухой ТЭН Thermo Alliance 36201982 премиум-класса для водонагревателя, мощностью 800 Вт, длиной 420-455 мм, из стали (SD00054354)",
SD00054348,SD00054348,13241102,Комплектуючі для водонагрівачів,13241102,13240122,Оставить Prom,Дисплей WHITE Thermo Alliance для водонагревателя 10-15 л над мойкой (SD00054348),
SD00054350,SD00054350,13241102,Комплектуючі для водонагрівачів,13241102,13240122,Оставить Prom,Дисплей Thermo Alliance 36500471 для водонагревателя 10–15 л (SD00054350),
SD00054412,SD00054412,13241102,Комплектуючі для водонагрівачів,13241102,13240122,Оставить Prom,Прижимная планка Thermo Alliance CWH (16201) для водонагревателя (SD00054412),
SD00054405,SD00054405,13241102,Комплектуючі для водонагрівачів,13241102,13240122,Оставить Prom,Термостат перегрева Thermo Alliance 14583 для водонагревателя (SD00054405),
SD00054416,SD00054416,13241102,Комплектуючі для водонагрівачів,13241102,13240122,Оставить Prom,Фланец для керамического ТЭНа Thermo Alliance 997372 для водонагревателя CWH 50-200 л (SD00054416),
SD00054414,SD00054414,13241102,Комплектуючі для водонагрівачів,13241102,13240122,Оставить Prom,Термостат регулировочный Thermo Alliance 14305 для водонагревателя (SD00054414),
SD00054406,SD00054406,13241102,Комплектуючі для водонагрівачів,13241102,13240122,Оставить Prom,Термостат перегрева Thermo Alliance CWH SPC-M 95 Green (14337) для водонагревателя (SD00054406),
SD00054407,SD00054407,13241102,Комплектуючі для водонагрівачів,13241102,13240122,Оставить Prom,ТЭН керамический стеатитовый Thermo Alliance CWH 2000 Вт для водонагревателя (SD00054407),
SD00054403,SD00054403,13241102,Комплектуючі для водонагрівачів,13241102,13240122,Оставить Prom,Кнопка питания Thermo Alliance 1703060374 для водонагревателя (SD00054403),
SD00053312,SD00053312,13241102,Комплектуючі для водонагрівачів,13241102,13240122,Оставить Prom,Комплект титанового анода Thermo Alliance 38200210 (с колабой и платой) для водонагревателя (SD00053312),
SD00053294,SD00053294,13241102,Комплектуючі для водонагрівачів,13241102,13240122,Оставить Prom,"Комплект ТЭН, фланец эмалированный и анод Thermo Alliance (CWH) 2 кВт, 320 мм для водонагревателя (SD00053294)",
SD00053293,SD00053293,13241102,Комплектуючі для водонагрівачів,13241102,13240122,Оставить Prom,ТЭН мокрый Thermo Alliance HC300230V11 3000 Вт для водонагревателей (SD00053293),
SD00053292,SD00053292,13241102,Комплектуючі для водонагрівачів,13241102,13240122,Оставить Prom,"ТЭН мокрый Thermo Alliance HC200230V10, 2000 Вт, медный, для электрических водонагревателей (SD00053292)",
SD00053291,SD00053291,13241102,Комплектуючі для водонагрівачів,13241102,13240122,Оставить Prom,Индикатор температуры Thermo Alliance CWH круглый для водонагревателей (SD00053291),
SD00053168,SD00053168,13241102,Комплектуючі для водонагрівачів,13241102,13240122,Оставить Prom,Колба для сухого ТЭНа Thermo Alliance 31300332 для водонагревателей (SD00053168),
SD00053093,SD00053093,13241102,Комплектуючі для водонагрівачів,13241102,13240122,Оставить Prom,Колба для сухого ТЭНа Thermo Alliance 31300333 для водонагревателя (SD00053093),
SD00052673,SD00052673,13241102,Комплектуючі для водонагрівачів,13241102,13240122,Оставить Prom,Термостат капиллярный предохранительный Thermo Alliance Neptun 95°C для водонагревателей (SD00052673),
SD00052672,SD00052672,13241102,Комплектуючі для водонагрівачів,13241102,13240122,Оставить Prom,"Прокладка под фланец Thermo Alliance Neptun фланца 89,5 мм (M-010442) для водонагревателей (SD00052672)",
SD00051119,SD00051119,13241102,Комплектуючі для водонагрівачів,13241102,13240122,Оставить Prom,Плата дисплея Thermo Alliance 36500470 для электрического водонагревателя 10-15 л (SD00051119),
SD00051118,SD00051118,13241102,Комплектуючі для водонагрівачів,13241102,13240122,Оставить Prom,Плата питания и управления Thermo Alliance 36500470 для водонагревателей 10-15 л (SD00051118),
SD00051117,SD00051117,13241102,Комплектуючі для водонагрівачів,13241102,13240122,Оставить Prom,Плата дисплея Thermo Alliance 36500220 для электрических водонагревателей 10-15 л (SD00051117),
SD00051116,SD00051116,13241102,Комплектуючі для водонагрівачів,13241102,13240122,Оставить Prom,Плата питания и дисплея ThermoAlliance 36500220 для водонагревателя 10-15 л над мойкой (SD00051116),
SD00052677,SD00052677,13241102,Комплектуючі для водонагрівачів,13241102,13240122,Оставить Prom,Колба для капиллярного датчика Thermo Alliance Neptun (M-009271) для водонагревателей (SD00052677),
SD00052674,SD00052674,13241102,Комплектуючі для водонагрівачів,13241102,13240122,Оставить Prom,Капиллярный термостат Thermo Alliance Neptun (M-008688) для водонагревателей (SD00052674),
SD00051027,SD00051027,13241102,Комплектуючі для водонагрівачів,13241102,13240122,Оставить Prom,Комплект проводки Thermo Alliance SFN(D) series (36400221) для водонагревателей (SD00051027),
SD00047737,SD00047737,13241102,Комплектуючі для водонагрівачів,13241102,13240122,Оставить Prom,"Накладка декоративная Thermo Alliance для панели водонагревателя, глянцевый металлик, пластик (SD00047737)",
SD00047735,SD00047735,13241102,Комплектуючі для водонагрівачів,13241102,13240122,Оставить Prom,"ТЭН медный Thermo Alliance 36202970 для водонагревателей, 1200 Вт, 220 В (SD00047735)",
SD00042937,SD00042937,13241102,Комплектуючі для водонагрівачів,13241102,13240122,Оставить Prom,"Накладка декоративная Thermo Alliance (36102620) для водонагревателей, глянцевый металлик, пластик (SD00042937)",
SD00042946,SD00042946,13241102,Комплектуючі для водонагрівачів,13241102,13240122,Оставить Prom,Ручка регулятора Thermo Alliance (35300410) для электрических водонагревателей (SD00042946),
SD00042943,SD00042943,13241102,Комплектуючі для водонагрівачів,13241102,13240122,Оставить Prom,Плата питания и дисплейная плата Thermo Alliance 36500520 для водонагревателя (SD00042943),
SD00042935,SD00042935,13241102,Комплектуючі для водонагрівачів,13241102,13240122,Оставить Prom,Колба для сухого ТЭНа Thermo Alliance 31300460 для водонагревателей (SD00042935),
SD00042944,SD00042944,13241102,Комплектуючі для водонагрівачів,13241102,13240122,Оставить Prom,"ТЭН мокрый Thermo Alliance 36200340 для цилиндрических водонагревателей 30-100 л, 1500 Вт (SD00042944)",
SD00042947,SD00042947,13241102,Комплектуючі для водонагрівачів,13241102,13240122,Оставить Prom,Термостат капиллярный предохранительный Thermo Alliance WQB93J для водонагревателей (SD00042947),
SD00047736,SD00047736,13241102,Комплектуючі для водонагрівачів,13241102,13240122,Оставить Prom,ТЭН медный Thermo Alliance 800 Вт 220 В для водонагревателей (SD00047736),
SD00042934,SD00042934,13241102,Комплектуючі для водонагрівачів,13241102,13240122,Оставить Prom,"ТЭН мокрый Thermo Alliance 800 Вт для водонагревателя, медный, L=235 мм (SD00042934)",
SD00042936,SD00042936,13241102,Комплектуючі для водонагрівачів,13241102,13240122,Оставить Prom,Дисплей Thermo Alliance 36500780 для водонагревателей (SD00042936),
SD00037000,SD00037000,13241102,Комплектуючі для водонагрівачів,13241102,13240122,Оставить Prom,Декоративная накладка на регулятор температуры Thermo Alliance (35300570) для водонагревателей (SD00037000),
SD00036999,SD00036999,13241102,Комплектуючі для водонагрівачів,13241102,13240122,Оставить Prom,Ручка регулятора температуры Thermo Alliance (35300580) для электрических водонагревателей (SD00036999),
SD00036998,SD00036998,13241102,Комплектуючі для водонагрівачів,13241102,13240122,Оставить Prom,"Декоративная наклейка на панель управления Thermo Alliance для вертикальных плоских водонагревателей, глянцевая, черная",
SD00036997,SD00036997,13241102,Комплектуючі для водонагрівачів,13241102,13240122,Оставить Prom,Плата питания и дисплейная плата Thermo Alliance 36500470 для водонагревателя под мойкой (SD00036997),
SD00036996,SD00036996,13241102,Комплектуючі для водонагрівачів,13241102,13240122,Оставить Prom,"Декоративная наклейка Thermo Alliance 36101940 для панели управления, плоских водонагревателей, самоклеющаяся, черная (SD00036996)",
SD00036995,SD00036995,13241102,Комплектуючі для водонагрівачів,13241102,13240122,Оставить Prom,Панель управления Thermo Alliance 35200740 для плоских водонагревателей (SD00036995),
SD00036994,SD00036994,13241102,Комплектуючі для водонагрівачів,13241102,13240122,Оставить Prom,"Кронштейн для крепления водонагревателя Thermo Alliance 35400370, для плоских вертикальных бойлеров 10-15 л, Стальной (SD00036994)",
SD00036993,SD00036993,13241102,Комплектуючі для водонагрівачів,13241102,13240122,Оставить Prom,Плата питания и дисплея Thermo Alliance (36500220) для электрического водонагревателя (SD00036993),
SD00036991,SD00036991,13241102,Комплектуючі для водонагрівачів,13241102,13240122,Оставить Prom,"Термостат предохранительный накладной Thermo Alliance 36300200 для водонагревателей 10-15 л, 93±3 °С (SD00036991)",
SD00036978,SD00036978,13241102,Комплектуючі для водонагрівачів,13241102,13240122,Оставить Prom,ТЭН мокрый 1.5 кВт Thermo Alliance 36200830 для водонагревателя (SD00036978),
SD00034816,SD00034816,13241102,Комплектуючі для водонагрівачів,13241102,13240122,Оставить Prom,ТЭН мокрый Thermo Alliance 800W+1200W для горизонтального водонагревателя (SD00034816),
SD00034815,SD00034815,13241102,Комплектуючі для водонагрівачів,13241102,13240122,Оставить Prom,ТЭН мокрый медный Thermo Alliance 800W+1200W (36202120) для вертикального водонагревателя (SD00034815),
SD00033331,SD00033331,13241102,Комплектуючі для водонагрівачів,13241102,13240122,Оставить Prom,ТЭН сухой Thermo Alliance 1200W (36201970) для водонагревателей (SD00033331),
SD00032678,SD00032678,13241102,Комплектуючі для водонагрівачів,13241102,13240122,Оставить Prom,Магниевый анод Thermo Alliance 38200030 для вертикального водонагревателя (SD00032678),
SD00032676,SD00032676,13241102,Комплектуючі для водонагрівачів,13241102,13240122,Оставить Prom,Предохранительный клапан Thermo Alliance 38000020 для электрических водонагревателей (SD00032676),
SD00032675,SD00032675,13241102,Комплектуючі для водонагрівачів,13241102,13240122,Оставить Prom,Плата дисплея Thermo Alliance 36501160 для вертикального водонагревателя (SD00032675),
SD00032674,SD00032674,13241102,Комплектуючі для водонагрівачів,13241102,13240122,Оставить Prom,Дисплей Thermo Alliance 36501150 для электрического водонагревателя (SD00032674),
SD00032673,SD00032673,13241102,Комплектуючі для водонагрівачів,13241102,13240122,Оставить Prom,Плата питания и дисплейная плата Thermo Alliance 36500370 для водонагревателей (SD00032673),
SD00032671,SD00032671,13241102,Комплектуючі для водонагрівачів,13241102,13240122,Оставить Prom,"Термостат предохранительный Thermo Alliance 36300020 для горизонтального водонагревателя, 98±3°C (SD00032671)",
SD00032668,SD00032668,13241102,Комплектуючі для водонагрівачів,13241102,13240122,Оставить Prom,Прокладка силиконовая Thermo Alliance 35500030 для водонагревателя (SD00032668),
SD00032665,SD00032665,13241102,Комплектуючі для водонагрівачів,13241102,13240122,Оставить Prom,Заглушка вторичного бака Thermo Alliance 35400070 для электрических водонагревателей (SD00032665),
SD00032664,SD00032664,13241102,Комплектуючі для водонагрівачів,13241102,13240122,Оставить Prom,Ручка регулятора Thermo Alliance 35300460 для электрических водонагревателей (SD00032664),
SD00032662,SD00032662,13241102,Комплектуючі для водонагрівачів,13241102,13240122,Оставить Prom,ТЭН сухой Thermo Alliance 800W (36201980) для водонагревателей (SD00032662),
rs4u15309,ТР-00001015,13100610,"Муфти для труб, монтажні гільзи",1250346,13100610,Использовать XML,Муфта компрессионная SANTEHPLAST Внутренняя резьба 3'' для труб ПЭ Ø110 Пластик Черная (ТР-00001015),
rs4u15347,00000018000,13100610,"Муфти для труб, монтажні гільзи",1250346,13100610,Использовать XML,Муфта редукционная для полиэтиленовых труб SANTEHPLAST МР Ø63 х 50 Пластик Черный (00000018000),
rs4u15308,00000005042,13100610,"Муфти для труб, монтажні гільзи",1250346,13100610,Использовать XML,"Муфта зажимная SANTEHPLAST МНР Ø25 х 1/2'' Наружная резьба, пластик черная (00000005042)",
rs4u15286,00000004869,13100610,"Муфти для труб, монтажні гільзи",1250346,13100610,Использовать XML,Муфта компрессионная SANTEHPLAST Ø40 х 1'' полиэтилен черная (00000004869),
rs4u15282,00000004846,13100610,"Муфти для труб, монтажні гільзи",1250346,13100610,Использовать XML,Муфта компрессионная SANTEHPLAST для ПЭ труб Ø32 х 3/4'' внутренняя резьба полиэтиленовая черная (00000004846),
rs4u15357,00000009954,13100610,"Муфти для труб, монтажні гільзи",1250346,13100610,Использовать XML,Муфта компрессионная SANTEHPLAST для ПЭ труб 63 мм с внутренней резьбой 2'' полиэтиленовая черная (00000009954),
rs4u15354,00000009951,13100610,"Муфти для труб, монтажні гільзи",1250346,13100610,Использовать XML,"Муфта компрессионная SANTEHPLAST для ПЭ труб Ø63 х 2'' наружная резьба, полиэтилен, черная (00000009951)",
rs4u15353,00000009950,13100610,"Муфти для труб, монтажні гільзи",1250346,13100610,Использовать XML,Муфта компрессионная SANTEHPLAST для труб ПЭ 63 мм с наружной резьбой 1 1/4'' полиэтиленовая черная (00000009950),
rs4u15352,00000009949,13100610,"Муфти для труб, монтажні гільзи",1250346,13100610,Использовать XML,"Муфта компрессионная SANTEHPLAST для ПЭ труб наружная резьба 1 1/2 дюйм, Ø63, Пластик Черная (00000009949)",
rs4u15351,00000009948,13100610,"Муфти для труб, монтажні гільзи",1250346,13100610,Использовать XML,Муфта зажимная SANTEHPLAST Ø63 полиэтиленовая черная (00000009948),
rs4u15349,00000014607,13100610,"Муфти для труб, монтажні гільзи",1250346,13100610,Использовать XML,"Муфта компрессионная SANTEHPLAST для ПЭ труб Ø32 х 1 1/4'' внутренняя резьба, полиэтилен, черная (00000014607)",
rs4u15346,00000017999,13100610,"Муфти для труб, монтажні гільзи",1250346,13100610,Использовать XML,Муфта редукционная SANTEHPLAST МР Ø63 х 40 мм полиэтиленовая черная (00000017999),
rs4u15345,00000017998,13100610,"Муфти для труб, монтажні гільзи",1250346,13100610,Использовать XML,Муфта редукционная SANTEHPLAST МР компрессионная Ø63 x 32 мм Полиэтилен Черная (00000017998),
rs4u15344,00000017997,13100610,"Муфти для труб, монтажні гільзи",1250346,13100610,Использовать XML,Муфта редукционная SANTEHPLAST МР Ø50х40 Полиэтилен Черный (00000017997),
rs4u15343,00000017996,13100610,"Муфти для труб, монтажні гільзи",1250346,13100610,Использовать XML,Муфта редукционная SANTEHPLAST МР Ø50 x 25 Полиэтилен Черный (00000017996),
rs4u15334,00000010181,13100610,"Муфти для труб, монтажні гільзи",1250346,13100610,Использовать XML,Муфта компрессионная SANTEHPLAST для ПЭ труб Ø20 внутренняя резьба 3/4'' пластиковая черная (00000010181),
rs4u15333,00000010180,13100610,"Муфти для труб, монтажні гільзи",1250346,13100610,Использовать XML,Муфта компрессионная SANTEHPLAST Ø20 с внутренней резьбой 1/2'' Полиэтилен Черная (00000010180),
rs4u15332,00000010179,13100610,"Муфти для труб, монтажні гільзи",1250346,13100610,Использовать XML,Муфта компрессионная SANTEHPLAST МНР Ø20 х 1'' Полиэтилен Черная (00000010179),
rs4u15331,00000010178,13100610,"Муфти для труб, монтажні гільзи",1250346,13100610,Использовать XML,Муфта компрессионная SANTEHPLAST МНР Ø20 х 3/4'' наружная резьба полиэтиленовая черная (00000010178),
rs4u15330,00000010177,13100610,"Муфти для труб, монтажні гільзи",1250346,13100610,Использовать XML,"Муфта компрессионная SANTEHPLAST МНР Ø20 х 1/2'' Наружная резьба, полиэтилен, черная (00000010177)",
rs4u15329,00000010176,13100610,"Муфти для труб, монтажні гільзи",1250346,13100610,Использовать XML,Муфта компрессионная SANTEHPLAST МЗ Ø20 для ПЭ труб полиэтиленовая черная (00000010176),
rs4u15328,00000013846,13100610,"Муфти для труб, монтажні гільзи",1250346,13100610,Использовать XML,Муфта редукционная SANTEHPLAST МР Ø40 x 25 Полиэтиленовая Черная (00000013846),
rs4u15327,00000005899,13100610,"Муфти для труб, монтажні гільзи",1250346,13100610,Использовать XML,Муфта компрессионная SANTEHPLAST для ПЭ труб наружная резьба 1 1/4'' Ø50 мм Полиэтилен Черная (00000005899),
rs4u15326,00000005898,13100610,"Муфти для труб, монтажні гільзи",1250346,13100610,Использовать XML,Муфта компрессионная SANTEHPLAST наружная резьба МНР Ø50 х 1 1/2'' полиэтиленовая черная (00000005898),
rs4u15325,00000005897,13100610,"Муфти для труб, монтажні гільзи",1250346,13100610,Использовать XML,"Муфта зажимная SANTEHPLAST Ø50 x 1'' наружная резьба, полиэтилен, черная (00000005897)",
rs4u15324,00000005896,13100610,"Муфти для труб, монтажні гільзи",1250346,13100610,Использовать XML,Муфта зажимная SANTEHPLAST МЗ Ø50 Полиэтиленовая Черная (00000005896),
rs4u15323,00000005895,13100610,"Муфти для труб, монтажні гільзи",1250346,13100610,Использовать XML,"Муфта компрессионная SANTEHPLAST с внутренней резьбой 1 1/4'' для трубы 50 мм, Пластик Черная (00000005895)",
rs4u15322,00000005894,13100610,"Муфти для труб, монтажні гільзи",1250346,13100610,Использовать XML,Муфта компрессионная SANTEHPLAST для ПЭ труб внутренняя резьба 1 1/2'' х 50 мм Полиэтилен Черная (00000005894),
rs4u15321,00000005888,13100610,"Муфти для труб, монтажні гільзи",1250346,13100610,Использовать XML,Муфта компрессионная SANTEHPLAST для ПЭ труб Ø32 х 1/2'' наружная резьба черная (00000005888),
rs4u15320,00000005887,13100610,"Муфти для труб, монтажні гільзи",1250346,13100610,Использовать XML,"Муфта компрессионная SANTEHPLAST МНР Ø25 х 3/4'' наружная резьба, пластик черный (00000005887)",
rs4u15319,00000005886,13100610,"Муфти для труб, монтажні гільзи",1250346,13100610,Использовать XML,Муфта редукционная SANTEHPLAST МР Ø40 x 32 мм Полиэтилен Черная (00000005886),
rs4u15318,00000005885,13100610,"Муфти для труб, монтажні гільзи",1250346,13100610,Использовать XML,Муфта редукционная SANTEHPLAST МР Ø32 x 25 полиэтиленовая черная для ПЭ труб (00000005885),
rs4u15317,00000005884,13100610,"Муфти для труб, монтажні гільзи",1250346,13100610,Использовать XML,Муфта компрессионная для полиэтиленовых труб SANTEHPLAST зажимная Ø32 мм полиэтилен черная (00000005884),
rs4u15316,00000017016,13100610,"Муфти для труб, монтажні гільзи",1250346,13100610,Использовать XML,Муфта редукционная SANTEHPLAST МР Ø50 x 32 компрессионная полиэтиленовая черная (00000017016),
rs4u15301,00000015297,13100610,"Муфти для труб, монтажні гільзи",1250346,13100610,Использовать XML,"Муфта редукционная SANTEHPLAST МР Ø25 х 20 для полиэтиленовых труб, полиэтилен, черная (00000015297)",
rs4u15300,00000015296,13100610,"Муфти для труб, монтажні гільзи",1250346,13100610,Использовать XML,Муфта компрессионная SANTEHPLAST наружная резьба Ø50 х 2'' полиэтиленовая черная (00000015296),
rs4u15299,00000015295,13100610,"Муфти для труб, монтажні гільзи",1250346,13100610,Использовать XML,"Муфта компрессионная SANTEHPLAST для ПЭ труб Ø40 с наружной резьбой 2 дюйма, полиэтилен, черная (00000015295)",
rs4u15298,00000015294,13100610,"Муфти для труб, монтажні гільзи",1250346,13100610,Использовать XML,Муфта компрессионная SANTEHPLAST МНР Ø40 х 1 1/2'' Полиэтилен Черная (00000015294),
rs4u15287,00000004870,13100610,"Муфти для труб, монтажні гільзи",1250346,13100610,Использовать XML,Муфта компрессионная SANTEHPLAST МВР Ø40 х 1 1/4'' Полиэтилен Черная (00000004870),
rs4u15285,00000004868,13100610,"Муфти для труб, монтажні гільзи",1250346,13100610,Использовать XML,Муфта компрессионная SANTEHPLAST МНР Ø40 x 1 1/4'' полиэтиленовая черная (00000004868),
rs4u15284,00000004867,13100610,"Муфти для труб, монтажні гільзи",1250346,13100610,Использовать XML,Муфта компрессионная SANTEHPLAST МНР Ø40 х 1'' полиэтиленовая черная (00000004867),
rs4u15283,00000004866,13100610,"Муфти для труб, монтажні гільзи",1250346,13100610,Использовать XML,Муфта зажимная SANTEHPLAST Ø40 полиэтиленовая черная для труб ПЭ (00000004866),
rs4u15281,00000004845,13100610,"Муфти для труб, монтажні гільзи",1250346,13100610,Использовать XML,Муфта компрессионная SANTEHPLAST для ПЭ труб Ø32 х 1/2'' внутренняя резьба Пластик Черная (00000004845),
rs4u15280,00000004844,13100610,"Муфти для труб, монтажні гільзи",1250346,13100610,Использовать XML,Муфта компрессионная SANTEHPLAST МВР Ø32 х 1'' полиэтиленовая черная (00000004844),
rs4u15279,00000004843,13100610,"Муфти для труб, монтажні гільзи",1250346,13100610,Использовать XML,Муфта компрессионная SANTEHPLAST для ПЭ труб внутренняя резьба 3/4'' полиэтилен Ø25 черная (00000004843),
rs4u15278,00000004842,13100610,"Муфти для труб, монтажні гільзи",1250346,13100610,Использовать XML,Муфта компрессионная SANTEHPLAST МВР Ø25 х 1/2 дюйма Полиэтиленовая Черная (00000004842),
rs4u15277,00000004841,13100610,"Муфти для труб, монтажні гільзи",1250346,13100610,Использовать XML,"Муфта соединительная SANTEHPLAST МВР Ø25 х 1'' внутренняя резьба, пластик, черная (00000004841)",
rs4u15276,00000004840,13100610,"Муфти для труб, монтажні гільзи",1250346,13100610,Использовать XML,Муфта компрессионная SANTEHPLAST МНР для ПЭ труб Ø32 х 1 1/4'' наружная резьба полиэтилен черная (00000004840),
rs4u15275,00000004839,13100610,"Муфти для труб, монтажні гільзи",1250346,13100610,Использовать XML,"Муфта компрессионная SANTEHPLAST для ПЭ труб Ø32 х 1'' наружная резьба, полиэтилен, черная (00000004839)",
rs4u15274,00000004838,13100610,"Муфти для труб, монтажні гільзи",1250346,13100610,Использовать XML,Муфта компрессионная SANTEHPLAST МНР Ø32 x 3/4'' полиэтиленовая черная (00000004838),
rs4u15273,00000004837,13100610,"Муфти для труб, монтажні гільзи",1250346,13100610,Использовать XML,Муфта компрессионная SANTEHPLAST для ПЭ труб Ø25 мм с наружной резьбой 1'' полиэтиленовая черная (00000004837),
rs4u15272,00000004836,13100610,"Муфти для труб, монтажні гільзи",1250346,13100610,Использовать XML,Муфта зажимная для ПЭ труб SANTEHPLAST МЗ Ø25 Полиэтилен Черный (00000004836),
7882,000007882,13100610,"Муфти для труб, монтажні гільзи",1250346,13100610,Использовать XML,Муфта зажимная ПНД VS Plast 2003 50х2'' с наружной резьбой полипропиленовая (7882),
5617,000005617,13100610,"Муфти для труб, монтажні гільзи",1250346,13100610,Использовать XML,Муфта компрессионная для ПНД труб VSplast 40х40 мм Пластик (5617),
5409,000005409,13100610,"Муфти для труб, монтажні гільзи",1250346,13100610,Использовать XML,Муфта редукционная компрессионная VSplast для ПНД труб 20x25 мм Полипропилен (5409),
7870,000007870,13100610,"Муфти для труб, монтажні гільзи",1250346,13100610,Использовать XML,Муфта компрессионная VSplast для ПНД труб 50 мм полипропилен (7870),
5457,000005457,13100610,"Муфти для труб, монтажні гільзи",1250346,13100610,Использовать XML,"Муфта редукционная ПНД Vsplast 2004 для полиэтиленовых труб 25х32 мм, полипропилен (5457)",
5408,000005408,13100610,"Муфти для труб, монтажні гільзи",1250346,13100610,Использовать XML,Муфта зажимная полипропиленовая VSplast 32х1 1/4' Н 2003 (5408),
5395,000005395,13100610,"Муфти для труб, монтажні гільзи",1250346,13100610,Использовать XML,Муфта для ПНД труб VSplast зажимная с внутренней резьбой 25х1 дюйм пластиковая (5395),
5394,000005394,13100610,"Муфти для труб, монтажні гільзи",1250346,13100610,Использовать XML,Муфта зажимная ПНД VSplast 25x3/4'' с внутренней резьбой пластиковая (5394),
5393,000005393,13100610,"Муфти для труб, монтажні гільзи",1250346,13100610,Использовать XML,Муфта ПНД VSplast зажимная 25 мм с внутренней резьбой 1/2'' ВР для полиэтиленовых труб (5393),
7873,000007873,13100610,"Муфти для труб, монтажні гільзи",1250346,13100610,Использовать XML,Муфта редукционная Vsplast 32x50 ПНД для полиэтиленовых труб (7873),
5620,000005620,13100610,"Муфти для труб, монтажні гільзи",1250346,13100610,Использовать XML,Муфта компрессионная ПНД VSplast 40х1 1/2'' Н полипропилен (5620),
5619,000005619,13100610,"Муфти для труб, монтажні гільзи",1250346,13100610,Использовать XML,Муфта зажимная VSplast 2003 40x1 1/4'' с наружной резьбой пластиковая (5619),
5618,000005618,13100610,"Муфти для труб, монтажні гільзи",1250346,13100610,Использовать XML,Муфта компрессионная ПНД VSplast 40х1'' наружная резьба 2049 (5618),
5407,000005407,13100610,"Муфти для труб, монтажні гільзи",1250346,13100610,Использовать XML,Муфта ПНД компрессионная с наружной резьбой VSplast 32x1'' полипропилен (5407),
5406,000005406,13100610,"Муфти для труб, монтажні гільзи",1250346,13100610,Использовать XML,Муфта компрессионная ПНД VSplast 32x3/4'' с наружной резьбой пластиковая (5406),
5405,000005405,13100610,"Муфти для труб, монтажні гільзи",1250346,13100610,Использовать XML,Муфта компрессионная ПНД Vsplast 2003 32х1/2'' с наружной резьбой Полипропилен (5405),
5404,000005404,13100610,"Муфти для труб, монтажні гільзи",1250346,13100610,Использовать XML,Муфта компрессионная Vsplast 2003 с наружной резьбой 25 мм х 1'' полипропиленовая (5404),
5403,000005403,13100610,"Муфти для труб, монтажні гільзи",1250346,13100610,Использовать XML,"Муфта ПНД Vsplast зажимная 25х3/4'' с наружной резьбой, Пластик (5403)",
5402,000005402,13100610,"Муфти для труб, монтажні гільзи",1250346,13100610,Использовать XML,Муфта компрессионная ПНД VSplast 2003 25х1/2'' наружная резьба пластиковая (5402),
5401,000005401,13100610,"Муфти для труб, монтажні гільзи",1250346,13100610,Использовать XML,"Муфта зажимная VSplast ПНД 20х3/4'' Н 2003 с наружной резьбой, полипропилен (5401)",
5400,000005400,13100610,"Муфти для труб, монтажні гільзи",1250346,13100610,Использовать XML,Муфта ПНД Vsplast 20х1/2'' с наружной резьбой пластиковая (5400),
5399,000005399,13100610,"Муфти для труб, монтажні гільзи",1250346,13100610,Использовать XML,Муфта компрессионная ПНД VSplast 32х1 1/4'' ВР полипропиленовая (5399),
5398,000005398,13100610,"Муфти для труб, монтажні гільзи",1250346,13100610,Использовать XML,Муфта зажимная Vsplast 2002 32х1'' ВР для полиэтиленовых труб полипропилен (5398),
5397,000005397,13100610,"Муфти для труб, монтажні гільзи",1250346,13100610,Использовать XML,Муфта компрессионная VSplast 32x3/4'' с внутренней резьбой для ПНД труб (5397),
5396,000005396,13100610,"Муфти для труб, монтажні гільзи",1250346,13100610,Использовать XML,Муфта компрессионная ПНД VSplast 2002 32х1/2'' ВР полипропиленовая для труб (5396),
5392,000005392,13100610,"Муфти для труб, монтажні гільзи",1250346,13100610,Использовать XML,Муфта компрессионная ПНД VSplast 20 мм x 3/4 дюйма ВР пластиковая (5392),
5391,000005391,13100610,"Муфти для труб, монтажні гільзи",1250346,13100610,Использовать XML,"Муфта ПНД VSplast 20x1/2'' с внутренней резьбой, полипропиленовая (5391)",
5390,000005390,13100610,"Муфти для труб, монтажні гільзи",1250346,13100610,Использовать XML,Муфта ПНД VSplast 32х32 мм 2001 для полиэтиленовых труб (5390),
5389,000005389,13100610,"Муфти для труб, монтажні гільзи",1250346,13100610,Использовать XML,Муфта компрессионная для ПНД труб VSplast 25х25 мм полипропиленовая (5389),
5388,000005388,13100610,"Муфти для труб, монтажні гільзи",1250346,13100610,Использовать XML,Муфта соединительная ПНД VSplast 20х20 мм для полиэтиленовых труб (5388),
rs4u15431,ТР-00002683,13100611,Трійники,1250346,13100611,Использовать XML,Тройник редукционный компрессионный SANTEHPLAST ТР 110х90х110 Пластик Черный (ТР-00002683),
rs4u15478,00000018011,13100611,Трійники,1250346,13100611,Использовать XML,Тройник компрессионный SANTEHPLAST для ПЭ труб Ø63 х 2'' х 63 Пластик Черный (00000018011),
rs4u15466,00000018010,13100611,Трійники,1250346,13100611,Использовать XML,Тройник компрессионный SANTEHPLAST наружная резьба Ø63 х 1 1/2'' х 63 Пластик Черный (00000018010),
rs4u15427,00000014512,13100611,Трійники,1250346,13100611,Использовать XML,"Тройник редукционный SANTEHPLAST ТР для ПЭ труб Ø63 х 25 х 63 мм, Пластик, Черный (00000014512)",
5420,000005420,13100611,Трійники,1250346,13100611,Использовать XML,Тройник ПНД Vsplast 25*1*25 &apos;&apos; ** В 3002,
rs4u15453,00000009947,13100611,Трійники,1250346,13100611,Использовать XML,Тройник компрессионный SANTEHPLAST ТВР Ø25 х 3/4'' х 25 пластиковый черный (00000009947),
rs4u15417,ТР-00000474,13100611,Трійники,1250346,13100611,Использовать XML,Тройник редукционный SANTEHPLAST ТР Ø75 х 63 х 75 1/8'' Пластиковый Черный (ТР-00000474),
rs4u15428,00000014513,13100611,Трійники,1250346,13100611,Использовать XML,Тройник редукционный SANTEHPLAST ТР Ø63 х 32 х 63 мм Пластик Черный (00000014513),
rs4u15451,00000009945,13100611,Трійники,1250346,13100611,Использовать XML,Компрессионный тройник SANTEHPLAST ТВР Ø32 х 1/2'' х 32 Пластиковый Черный (00000009945),
rs4u15430,00000014515,13100611,Трійники,1250346,13100611,Использовать XML,"Тройник редукционный SANTEHPLAST ТР Ø63 х 50 х 63 для ПЭ труб, пластиковый, черный (00000014515)",
rs4u15446,00000018005,13100611,Трійники,1250346,13100611,Использовать XML,"Тройник компрессионный SANTEHPLAST ТВР с внутренней резьбой 2 дюйма, для труб Ø50, Пластик Черный (00000018005)",
rs4u15429,00000014514,13100611,Трійники,1250346,13100611,Использовать XML,"Тройник редукционный SANTEHPLAST ТР Ø63 х 40 х 63 для ПЭ труб, пластиковый, черный (00000014514)",
rs4u15444,00000018002,13100611,Трійники,1250346,13100611,Использовать XML,"Тройник компрессионный SANTEHPLAST ТВР Ø40 х 1 1/4'' х 40 с внутренней резьбой, пластик, черный (00000018002)",
rs4u36927,ТР-00025658,13100611,Трійники,1250346,13100611,Использовать XML,Тройник компрессионный SANTEHPLAST ТВР Ø40 х 1 1/2'' х 40 Пластик Черный (ТР-00025658),
rs4u15494,ТР-00008213,13100611,Трійники,1250346,13100611,Использовать XML,Тройник редукционный SANTEHPLAST ТР для ПЭ труб Ø75 х 40 х 75 Пластик Черный (ТР-00008213),
rs4u15480,00000005889,13100611,Трійники,1250346,13100611,Использовать XML,Тройник компрессионный SANTEHPLAST ТВР Ø32 x 1'' x 32 пластиковый черный (00000005889),
rs4u15479,00000005890,13100611,Трійники,1250346,13100611,Использовать XML,Тройник редукционный SANTEHPLAST ТР для ПЭ труб Ø32 х 25 х 32 Пластик Черный (00000005890),
rs4u15474,00000004847,13100611,Трійники,1250346,13100611,Использовать XML,Тройник зажимной SANTEHPLAST ТЗ для ПЭ труб Ø25 Пластик Черный (00000004847),
rs4u15473,00000004849,13100611,Трійники,1250346,13100611,Использовать XML,Тройник для ПЭ труб SANTEHPLAST компрессионный наружная резьба 1 дюйм Ø25 х 25 Пластик Черный (00000004849),
rs4u15472,00000004850,13100611,Трійники,1250346,13100611,Использовать XML,"Тройник компрессионный SANTEHPLAST Ø25 х 1/2'' НР х 25 для ПЭ труб, пластиковый черный (00000004850)",
rs4u15471,00000004851,13100611,Трійники,1250346,13100611,Использовать XML,"Тройник компрессионный SANTEHPLAST для ПЭ труб 25 х 3/4'' наружная резьба, черный (00000004851)",
rs4u15470,00000004854,13100611,Трійники,1250346,13100611,Использовать XML,Тройник компрессионный SANTEHPLAST ТНР Ø32 х 3/4'' х 32 Пластик Черный (00000004854),
rs4u15468,00000018001,13100611,Трійники,1250346,13100611,Использовать XML,Тройник для ПЭ труб SANTEHPLAST ТВР Ø40 х 1 дюйм х 40 Пластик Черный (00000018001),
rs4u15467,00000018004,13100611,Трійники,1250346,13100611,Использовать XML,Тройник компрессионный SANTEHPLAST внутренняя резьба 1 1/2'' для труб Ø50 мм Пластик Черный (00000018004),
rs4u15454,00000009955,13100611,Трійники,1250346,13100611,Использовать XML,Тройник для полиэтиленовых труб SANTEHPLAST зажимной Ø63 Пластик Черный (00000009955),
rs4u15452,00000009946,13100611,Трійники,1250346,13100611,Использовать XML,"Тройник SANTEHPLAST Ø25x1/2''x25, внутренняя резьба, пластик, черный (00000009946)",
rs4u15450,00000018009,13100611,Трійники,1250346,13100611,Использовать XML,Тройник компрессионный SANTEHPLAST с наружной резьбой Ø40 x 1 1/2'' x 40 Пластик Черный (00000018009),
rs4u15445,00000018003,13100611,Трійники,1250346,13100611,Использовать XML,Тройник компрессионный SANTEHPLAST Ø50 х 1 1/4'' для ПЭ труб черный (00000018003),
rs4u15440,00000017937,13100611,Трійники,1250346,13100611,Использовать XML,Тройник зажимной SANTEHPLAST ТЗ Ø75 Пластик Черный (00000017937),
rs4u15439,00000010191,13100611,Трійники,1250346,13100611,Использовать XML,"Тройник компрессионный SANTEHPLAST ТНР Ø50 х 2'' х 50 наружная резьба, для ПЭ труб, пластик, черный (00000010191)",
rs4u15438,00000010190,13100611,Трійники,1250346,13100611,Использовать XML,Тройник компрессионный SANTEHPLAST наружная резьба 1 1/4'' для ПЭ труб Ø50 мм Пластик Черный (00000010190),
rs4u15437,00000010183,13100611,Трійники,1250346,13100611,Использовать XML,Тройник компрессионный SANTEHPLAST для ПЭ труб Ø20 х 3/4'' х 20 Пластик Черный (00000010183),
rs4u15436,00000010182,13100611,Трійники,1250346,13100611,Использовать XML,Тройник компрессионный SANTEHPLAST ТЗ Ø20 Пластик Черный (00000010182),
rs4u15435,00000005901,13100611,Трійники,1250346,13100611,Использовать XML,Тройник компрессионный SANTEHPLAST наружная резьба Ø50 х 1 1/2'' х 50 Пластик Черный (00000005901),
rs4u15434,00000005900,13100611,Трійники,1250346,13100611,Использовать XML,"Тройник компрессионный SANTEHPLAST Ø50 для ПЭ труб, пластик, черный (00000005900)",
rs4u15433,00000005891,13100611,Трійники,1250346,13100611,Использовать XML,Тройник компрессионный SANTEHPLAST наружная резьба Ø40 x 1'' x 40 Пластик Черный (00000005891),
rs4u15432,00000023881,13100611,Трійники,1250346,13100611,Использовать XML,"Тройник редукционный SANTEHPLAST ТР для ПЭ труб Ø32 х 20 х 32, Пластик, Черный (00000023881)",
rs4u15426,00000014511,13100611,Трійники,1250346,13100611,Использовать XML,Тройник редукционный SANTEHPLAST Ø50х40х50 Пластик Черный (00000014511),
rs4u15424,00000014509,13100611,Трійники,1250346,13100611,Использовать XML,Тройник редукционный SANTEHPLAST ТР Ø50х25х50 пластиковый черный (00000014509),
rs4u15423,00000014508,13100611,Трійники,1250346,13100611,Использовать XML,Тройник редукционный компрессионный SANTEHPLAST 40х32х40 мм Пластик Черный (00000014508),
rs4u15422,00000014507,13100611,Трійники,1250346,13100611,Использовать XML,"Тройник редукционный SANTEHPLAST для ПЭ труб Ø40 х 25 х 40 пластиковый, черный (00000014507)",
rs4u15421,00000014506,13100611,Трійники,1250346,13100611,Использовать XML,Тройник редукционный SANTEHPLAST Ø40 х 20 х 40 Пластиковый черный (00000014506),
rs4u15420,00000009909,13100611,Трійники,1250346,13100611,Использовать XML,Тройник компрессионный SANTEHPLAST наружная резьба Ø20 х 3/4'' х 20 Пластик Черный (00000009909),
rs4u15419,00000009908,13100611,Трійники,1250346,13100611,Использовать XML,Тройник компрессионный SANTEHPLAST 20х1/2''х20 с наружной резьбой Пластик Черный (00000009908),
rs4u15418,00000009907,13100611,Трійники,1250346,13100611,Использовать XML,Тройник компрессионный SANTEHPLAST для ПЭ труб Ø20 х 1/2'' х 20 Пластиковый Черный (00000009907),
rs4u15415,00000015298,13100611,Трійники,1250346,13100611,Использовать XML,Тройник редукционный SANTEHPLAST ТР Ø25 х 20 х 25 Пластиковый Черный (00000015298),
rs4u15414,00000017144,13100611,Трійники,1250346,13100611,Использовать XML,Тройник компрессионный SANTEHPLAST ТНР 40 х 1 1/4'' х 40 Пластик Черный (00000017144),
rs4u15408,00000004871,13100611,Трійники,1250346,13100611,Использовать XML,Тройник зажимной для ПЭ труб SANTEHPLAST ТЗ Ø40 мм Пластик Черный (00000004871),
rs4u15407,00000004855,13100611,Трійники,1250346,13100611,Использовать XML,Тройник компрессионный SANTEHPLAST для ПЭ труб внутренняя резьба 3/4'' пластиковый черный (00000004855),
rs4u15406,00000004853,13100611,Трійники,1250346,13100611,Использовать XML,Тройник компрессионный SANTEHPLAST для ПЭ труб Ø32 х 1/2'' х 32 Пластик Черный (00000004853),
rs4u15405,00000004852,13100611,Трійники,1250346,13100611,Использовать XML,Тройник компрессионный SANTEHPLAST для ПЭ труб Ø32 х 1'' х 32 пластиковый черный (00000004852),
rs4u15404,00000004848,13100611,Трійники,1250346,13100611,Использовать XML,"Тройник зажимной SANTEHPLAST Ø32 для полиэтиленовых труб, пластиковый, черный (00000004848)",
5435,000005435,13100611,Трійники,1250346,13100611,Использовать XML,Тройник редукционный ПНД Vsplast 32*25*32 ** 3004,
5425,000005425,13100611,Трійники,1250346,13100611,Использовать XML,Тройник ПНД Vsplast 20*1/2*20 &apos;&apos; ** Н 3003,
7381,000007381,13100611,Трійники,1250346,13100611,Использовать XML,Тройник ПНД Vsplast  40*40*40 ** 3001,
5434,000005434,13100611,Трійники,1250346,13100611,Использовать XML,Тройник редукционный ПНД Vsplast 32*20*32 ** 3004,
5431,000005431,13100611,Трійники,1250346,13100611,Использовать XML,Тройник ПНД Vsplast 32*3/4*32 &apos;&apos; ** Н 3003,
5430,000005430,13100611,Трійники,1250346,13100611,Использовать XML,Тройник ПНД Vsplast 32*1/2*32 &apos;&apos; ** Н 3003,
5429,000005429,13100611,Трійники,1250346,13100611,Использовать XML,Тройник ПНД Vsplast 25*1*25 &apos;&apos; ** Н 3003,
5428,000005428,13100611,Трійники,1250346,13100611,Использовать XML,Тройник ПНД Vsplast 25*3/4*25 &apos;&apos; ** Н 3003,
5427,000005427,13100611,Трійники,1250346,13100611,Использовать XML,Тройник ПНД Vsplast 25*1/2*25 &apos;&apos; ** Н 3003,
5426,000005426,13100611,Трійники,1250346,13100611,Использовать XML,Тройник ПНД Vsplast 20*3/4*20 &apos;&apos; ** Н 3003,
5422,000005422,13100611,Трійники,1250346,13100611,Использовать XML,Тройник ПНД Vsplast 32*3/4*32 &apos;&apos; ** В 3002,
5421,000005421,13100611,Трійники,1250346,13100611,Использовать XML,Тройник ПНД Vsplast 32*1/2*32 &apos;&apos; ** ВP 3002,
5417,000005417,13100611,Трійники,1250346,13100611,Использовать XML,Тройник ПНД Vsplast 20*3/4*20 &apos;&apos; ** В 3002,
5416,000005416,13100611,Трійники,1250346,13100611,Использовать XML,Тройник ПНД Vsplast 20*1/2*20 &apos;&apos; ** В 3002,
5415,000005415,13100611,Трійники,1250346,13100611,Использовать XML,Тройник ПНД Vsplast  32*32*32 ** 3001,
5414,000005414,13100611,Трійники,1250346,13100611,Использовать XML,Тройник ПНД Vsplast  25*25*25 ** 3001,
5413,000005413,13100611,Трійники,1250346,13100611,Использовать XML,Тройник ПНД Vsplast  20*20*20 ** 3001,
SD00047862,SD00047862,13100611,Трійники,1250346,13100611,Использовать XML,Тройник для шланга Thermo Alliance Standart 8x8x8 штуцерный латунный,
rs4u38575,ТР-00027644,140309,Свердловинні насоси,140309,13241405,Оставить Prom,Насос глубинный вихревой toНасосы 4SKM150 1.1кВт для системы водоснабжения (ТР-00027644),
rs4u38683,ТР-00027753,140309,Свердловинні насоси,140309,13241405,Оставить Prom,"Скважинный центробежный насос toНасоси 4SDm2/14B, 0.75 кВт, 72 м напор, с кабелем 60 м (ТР-00027753)",
rs4u38682,ТР-00027752,140309,Свердловинні насоси,140309,13241405,Оставить Prom,"Скважинный центробежный насос toНасоси 4SDm2/14A, 0,75 кВт, напор 72 м, с кабелем 2 м и муфтой (ТР-00027752)",
rs4u38681,ТР-00027751,140309,Свердловинні насоси,140309,13241405,Оставить Prom,"Насос скважинный центробежный toНасоси 4SDm2/11B, 0.55 кВт, с кабелем 45 м (ТР-00027751)",
rs4u38680,ТР-00027750,140309,Свердловинні насоси,140309,13241405,Оставить Prom,"Скважинный центробежный насос toНасоси 4SDm2/11A, 0.55 кВт, с 2м кабелем и муфтой (ТР-00027750)",
rs4u38679,ТР-00027749,140309,Свердловинні насоси,140309,13241405,Оставить Prom,"Насос скважинный центробежный toНасоси 4SDm2/8B, 0.37 кВт, напор 41 м, с кабелем 35 м (ТР-00027749)",
rs4u38678,ТР-00027748,140309,Свердловинні насоси,140309,13241405,Оставить Prom,"Насос скважинный центробежный toНасоси 3SDm, с кабелем 60м и шнуром 60м, 1100 Вт, напор 120м, корпус из нержавеющей стали",
rs4u38677,ТР-00027747,140309,Свердловинні насоси,140309,13241405,Оставить Prom,"Насос скважинный центробежный toНасоси 3SDm2.5/21A, 0.75 кВт, 63 м напор, с кабелем 2 м и монтажным набором (ТР-00027747)",
rs4u38676,ТР-00027746,140309,Свердловинні насоси,140309,13241405,Оставить Prom,"Скважинный центробежный насос toНасоси 3SDm2.5/21B, 0,75 кВт, напор 63 м, с кабелем 50 м (ТР-00027746)",
rs4u38675,ТР-00027745,140309,Свердловинні насоси,140309,13241405,Оставить Prom,"Насос центробежный скважинный toНасоси 3SDm2/17A, 0.55 кВт, напор 62 м, с кабелем 2 м (ТР-00027745)",
rs4u38674,ТР-00027744,140309,Свердловинні насоси,140309,13241405,Оставить Prom,"Скважинный центробежный насос toНасоси 3SDm 2/17B, 0.55 кВт, 62 м напор, 40 м кабель (ТР-00027744)",
rs4u38673,ТР-00027743,140309,Свердловинні насоси,140309,13241405,Оставить Prom,"Скважинный центробежный насос toНасоси 3SDm2/11B, 0.37 кВт, 30 л/мин, напор 40 м, с кабелем 30 м (ТР-00027743)",
rs4u38672,ТР-00027742,140309,Свердловинні насоси,140309,13241405,Оставить Prom,"Скважинный центробежный насос toНасоси 3SDm, 0.25 кВт, 29 м напор, с кабелем 25 м (ТР-00027742)",
rs4u38576,ТР-00027645,140309,Свердловинні насоси,140309,13241405,Оставить Prom,"Глубинный шнековый насос toНасоси 3QGD1.2-30 для скважин, мощность 370 Вт, напор 90 м, производительность 30 л/мин, диаметр 75",
rs4u38573,ТР-00027642,140309,Свердловинні насоси,140309,13241405,Оставить Prom,"Насос глубинный шнековый toНасоси 4QGD2-60, 750 Вт, напор 155 м, с переходником и термоусадочной муфтой, для водоснабжения",
rs4u38572,ТР-00027641,140309,Свердловинні насоси,140309,13241405,Оставить Prom,"Глубинный шнековый насос toНасоси 3QGD1-50, 550 Вт, напор 110 м, производительность 32 л/мин, диаметр 75 мм, кабель 2 м",
rs4u36451,ТР-00025349,140309,Свердловинні насоси,140309,13241405,Оставить Prom,"Насос скважинный центробежный FROG 3SDm1.8/37, 1.1 кВт, напор 151 м, производительность 2.8 м³/ч (ТР-00025349)",
rs4u36455,ТР-00025353,140309,Свердловинні насоси,140309,13241405,Оставить Prom,Насос скважинный погружной центробежный FROG 4SDm2/11 0.55 кВт 75 м (кабель 45 м) усиленный латунным фланцем (FRS_013),
rs4u37833,ТР-00026926,140309,Свердловинні насоси,140309,13241405,Оставить Prom,Насос скважинный центробежный FROG 4SD6/20 2.2кВт 126м (10.2м³/час) Ø100мм (ТР-00026926),
rs4u37832,ТР-00026925,140309,Свердловинні насоси,140309,13241405,Оставить Prom,Насос скважинный центробежный FROG 4SD4/22 2.2кВт 151м (6.6м³/час) Ø100мм (ТР-00026925),
rs4u37831,ТР-00026924,140309,Свердловинні насоси,140309,13241405,Оставить Prom,Насос скважинный центробежный FROG 4SD3/27 2.2кВт 196м (5.4м³/час) Ø100мм (ТР-00026924),
rs4u37830,ТР-00026923,140309,Свердловинні насоси,140309,13241405,Оставить Prom,Насос скважинный центробежный FROG 3SE 0.75кВт 110м (2.8м³/час) Ø75мм (ТР-00026923),
rs4u37829,ТР-00026922,140309,Свердловинні насоси,140309,13241405,Оставить Prom,Насос скважинный центробежный FROG 3SE 0.55кВт 81м (2.8м³/час) Ø75мм (ТР-00026922),
rs4u37828,ТР-00026921,140309,Свердловинні насоси,140309,13241405,Оставить Prom,Насос скважинный центробежный FROG 3SE 0.37кВт 57м (2.8м³/час) Ø75мм (ТР-00026921),
rs4u36752,ТР-00022226,140309,Свердловинні насоси,140309,13241405,Оставить Prom,Насос скважинный шнековый FROG 4QGD1.2-50 0.37кВт 10м (1.2м³/час) Ø100мм (ТР-00022226),
rs4u36459,ТР-00025357,140309,Свердловинні насоси,140309,13241405,Оставить Prom,Насос скважинный центробежный FROG 4SD 1.1кВт 126м (3.6м³/час) Ø100мм (ТР-00025357),
rs4u36458,ТР-00025356,140309,Свердловинні насоси,140309,13241405,Оставить Prom,Насос скважинный центробежный FROG 4SD 1.1кВт 126м (3.6м³/час) Ø100мм (ТР-00025356),
rs4u36457,ТР-00025355,140309,Свердловинні насоси,140309,13241405,Оставить Prom,Насос скважинный центробежный FROG 4SD 0.75кВт 93м (3.6м³/час) Ø100мм (ТР-00025355),
rs4u36456,ТР-00025354,140309,Свердловинні насоси,140309,13241405,Оставить Prom,Насос скважинный центробежный FROG 4SD 0.75кВт 93м (3.6м³/час) Ø100мм (ТР-00025354),
rs4u36454,ТР-00025352,140309,Свердловинні насоси,140309,13241405,Оставить Prom,Насос скважинный центробежный FROG 4SD 0.55кВт 75м (3.6м³/час) Ø100мм (ТР-00025352),
rs4u36453,ТР-00025351,140309,Свердловинні насоси,140309,13241405,Оставить Prom,Насос скважинный центробежный FROG 4SD 0.37кВт 53м (3.6м³/час) Ø100мм (ТР-00025351),
rs4u36452,ТР-00025350,140309,Свердловинні насоси,140309,13241405,Оставить Prom,Насос скважинный центробежный FROG 4SD 0.37кВт 53м (3.6м³/час) Ø100мм (ТР-00025350),
rs4u36450,ТР-00025348,140309,Свердловинні насоси,140309,13241405,Оставить Prom,Насос скважинный центробежный FROG 3SD 0.75кВт 110м (2.8м³/час) Ø75мм (ТР-00025348),
rs4u36449,ТР-00025347,140309,Свердловинні насоси,140309,13241405,Оставить Prom,Насос скважинный центробежный FROG 3SD 0.75кВт 110м (2.8м³/час) Ø75мм (ТР-00025347),
rs4u36447,ТР-00025345,140309,Свердловинні насоси,140309,13241405,Оставить Prom,Насос скважинный центробежный FROG 3SD 0.55кВт 81м (2.8м³/час) Ø75мм (ТР-00025345),
rs4u36446,ТР-00025344,140309,Свердловинні насоси,140309,13241405,Оставить Prom,Насос скважинный центробежный FROG 3SD 0.55кВт 81м (0.0м³/час) Ø75мм (ТР-00025344),
rs4u36445,ТР-00025343,140309,Свердловинні насоси,140309,13241405,Оставить Prom,Насос скважинный центробежный FROG 3SD 0.55кВт 81м (2.8м³/час) Ø75мм (ТР-00025343),
rs4u36444,ТР-00025342,140309,Свердловинні насоси,140309,13241405,Оставить Prom,Насос скважинный центробежный FROG 3SD 0.37кВт 57м (2.8м³/час) Ø75мм (ТР-00025342),
rs4u36443,ТР-00025341,140309,Свердловинні насоси,140309,13241405,Оставить Prom,Насос скважинный центробежный FROG 3SD 0.37кВт 57м (2.8м³/час) Ø75мм (ТР-00025341),
rs4u33331,ТР-00022257,140309,Свердловинні насоси,140309,13241405,Оставить Prom,Насос скважинный центробежный FROG 4SKM100 0.75кВт 10м (0.0м³/час) Ø75мм (ТР-00022257),
rs4u33330,ТР-00022256,140309,Свердловинні насоси,140309,13241405,Оставить Prom,Насос скважинный шнековый FROG 4QGD1.2-100 0.75кВт 10м (1.2м³/час) Ø100мм (ТР-00022256),
rs4u33329,ТР-00022255,140309,Свердловинні насоси,140309,13241405,Оставить Prom,Насос скважинный шнековый FROG 4QGD1.8-50 0.55кВт 10м (1.8м³/час) Ø100мм (ТР-00022255),
rs4u20092,ТР-00008585,140309,Свердловинні насоси,140309,13241405,Оставить Prom,Насос скважинный центробежный FROG 3.5SD 1.1кВт 123м (5.4м³/час) Ø75мм (ТР-00008585),
rs4u20086,ТР-00008579,140309,Свердловинні насоси,140309,13241405,Оставить Prom,Насос скважинный центробежный FROG 3.5SD 0.75кВт 90м (5.4м³/час) Ø75мм (ТР-00008579),
rs4u20084,ТР-00008577,140309,Свердловинні насоси,140309,13241405,Оставить Prom,Насос скважинный центробежный FROG 3.5SD 0.55кВт 73м (5.4м³/час) Ø75мм (ТР-00008577),
rs4u20083,ТР-00008576,140309,Свердловинні насоси,140309,13241405,Оставить Prom,Насос скважинный центробежный FROG 4SD 2.2кВт 126м (10.2м³/час) Ø100мм (ТР-00008576),
rs4u20080,ТР-00008573,140309,Свердловинні насоси,140309,13241405,Оставить Prom,Насос скважинный центробежный FROG 4SD 1.5кВт 88м (10.2м³/час) Ø100мм (ТР-00008573),
rs4u20079,ТР-00008572,140309,Свердловинні насоси,140309,13241405,Оставить Prom,Насос скважинный центробежный FROG 4SD 1.5кВт 110м (6.6м³/час) Ø100мм (ТР-00008572),
rs4u20078,ТР-00008571,140309,Свердловинні насоси,140309,13241405,Оставить Prom,Насос скважинный центробежный FROG 4SD 1.1кВт 83м (6.6м³/час) Ø100мм (ТР-00008571),
rs4u20077,ТР-00008570,140309,Свердловинні насоси,140309,13241405,Оставить Prom,Насос скважинный центробежный FROG 4SD 1.1кВт 83м (6.6м³/час) Ø100мм (ТР-00008570),
rs4u20074,ТР-00008567,140309,Свердловинні насоси,140309,13241405,Оставить Prom,Насос скважинный центробежный FROG 4SD 1.5кВт 145м (6.0м³/час) Ø100мм (ТР-00008567),
rs4u20073,ТР-00008566,140309,Свердловинні насоси,140309,13241405,Оставить Prom,Насос скважинный центробежный FROG 4SD 2.2кВт 252м (3.6м³/час) Ø100мм (ТР-00008566),
rs4u20072,ТР-00008565,140309,Свердловинні насоси,140309,13241405,Оставить Prom,Насос скважинный центробежный FROG 2SD 0.37кВт 44м (1.8м³/час) Ø50мм (ТР-00008565),
rs4u20071,ТР-00008564,140309,Свердловинні насоси,140309,13241405,Оставить Prom,Насос скважинный центробежный FROG 4SD 0.75кВт 93м (3.6м³/час) Ø100мм (ТР-00008564),
rs4u20070,ТР-00008563,140309,Свердловинні насоси,140309,13241405,Оставить Prom,Насос скважинный центробежный FROG 4SD 0.55кВт 75м (3.6м³/час) Ø100мм (ТР-00008563),
rs4u20069,ТР-00008562,140309,Свердловинні насоси,140309,13241405,Оставить Prom,Насос скважинный центробежный FROG 4SD 0.37кВт 53м (3.6м³/час) Ø100мм (ТР-00008562),
SD00055710,SD00055710,13100648,З'єднання «американка»,13100624,13100648,Использовать XML,"Сгон-американка угловой Thermo Alliance Forte TAFG191W25, латунный, никелированный, 1 дюйм ВН, под плоскую прокладку (SD00055710)",
SD00055708,SD00055708,13100648,З'єднання «американка»,13100624,13100648,Использовать XML,"Сгон-американка угловой Thermo Alliance Forte 1/2"" под плоскую прокладку, никелированный (SD00055708)",
SD00055707,SD00055707,13100648,З'єднання «американка»,13100624,13100648,Использовать XML,"Сгон-американка Thermo Alliance Forte TAFG190W50, прямая под плоскую прокладку, 2"" ВН, никелированная латунь (SD00055707)",
SD00055703,SD00055703,13100648,З'єднання «американка»,13100624,13100648,Использовать XML,"Сгон-американка Thermo Alliance Forte, прямой, латунный 3/4"" (ВН), никелированный, для надежных трубопроводных систем (SD00055703)",
SD00055705,SD00055705,13100648,З'єднання «американка»,13100624,13100648,Использовать XML,"Сгон-американка Thermo Alliance Forte прямой никелированный 1 1/4"" под плоскую прокладку (SD00055705)",
SD00055704,SD00055704,13100648,З'єднання «американка»,13100624,13100648,Использовать XML,"Сгон-американка Thermo Alliance Forte, прямой, латунный, никелированный, под плоскую прокладку, 1 дюйм (SD00055704)",
SD00055702,SD00055702,13100648,З'єднання «американка»,13100624,13100648,Использовать XML,"Сгон-американка Thermo Alliance Forte 1/2 ВН, прямая, латунная, никелированная (SD00055702)",
SD00055706,SD00055706,13100648,З'єднання «американка»,13100624,13100648,Использовать XML,"Сгон-американка Thermo Alliance Forte прямой, никелированный, 1 1/2"" ВН (SD00055706)",
2492,000002492,13100648,З'єднання «американка»,13100624,13100648,Использовать XML,"Сгон американка прямая Solomon 1620, хромированная латунь, 3/4″ (2492)",
1128,000001128,13100648,З'єднання «американка»,13100624,13100648,Использовать XML,Сгон-американка угловой SOLOMON 1 1/4″ НИКЕЛЬ 1600,
SD00053408,SD00053408,13100648,З'єднання «американка»,13100624,13100648,Использовать XML,Сгон-американка угловая Thermo Alliance Standart 1''ВН никелированная латунь TAS191W25 (SD00053408),
SD00053407,SD00053407,13100648,З'єднання «американка»,13100624,13100648,Использовать XML,Сгон-американка угловая Thermo Alliance Standart 3/4''ВН латунная никелированная (SD00053407),
SD00053406,SD00053406,13100648,З'єднання «американка»,13100624,13100648,Использовать XML,Сгон-американка угловой Thermo Alliance Standart 1/2''ВН латунь никель (SD00053406),
SD00053405,SD00053405,13100648,З'єднання «американка»,13100624,13100648,Использовать XML,Сгон-американка Thermo Alliance Standart 2''ВН никель прямой латунный,
SD00053404,SD00053404,13100648,З'єднання «американка»,13100624,13100648,Использовать XML,Сгон-американка Thermo Alliance Standart 1 1/2''ВН прямой латунный никелированный,
SD00053403,SD00053403,13100648,З'єднання «американка»,13100624,13100648,Использовать XML,Сгон-американка Thermo Alliance Standart 1 1/4''ВН никель прямой (TAS190W32),
SD00053402,SD00053402,13100648,З'єднання «американка»,13100624,13100648,Использовать XML,"Сгон-американка Thermo Alliance Standart 1''ВН никель, прямая, латунь TAS190W25",
SD00053401,SD00053401,13100648,З'єднання «американка»,13100624,13100648,Использовать XML,"Сгон-американка Thermo Alliance Standart 3/4''ВН, прямой латунный никель SD00053401",
SD00053400,SD00053400,13100648,З'єднання «американка»,13100624,13100648,Использовать XML,"Сгон-американка Thermo Alliance Standart 1/2''ВН никель, прямой",
SD00008346,SD00008346,13100648,З'єднання «американка»,13100624,13100648,Использовать XML,"Сгон-американка Thermo Alliance Base 2''ВН никелированная, прямая, латунная SD190W50",
SD00008337,SD00008337,13100648,З'єднання «американка»,13100624,13100648,Использовать XML,"Сгон-американка Thermo Alliance Base 1/2''ВН угловая, никель, латунь (SD00008337)",
SD00008324,SD00008324,13100648,З'єднання «американка»,13100624,13100648,Использовать XML,"Сгон-американка Thermo Alliance Base 1''ВН прямая, никелированная, латунь SD190W25",
SD00008321,SD00008321,13100648,З'єднання «американка»,13100624,13100648,Использовать XML,Сгон-американка Thermo Alliance Base 1 1/4'' ВН прямой латунный никель SD190W32,
2493,000002493,13100648,З'єднання «американка»,13100624,13100648,Использовать XML,"Американка прямая SOLOMON 1″ для труб, хромированная латунь (1620)",
1126,000001126,13100648,З'єднання «американка»,13100624,13100648,Использовать XML,"Американка-сгон прямая Solomon 1 1/4"" резьбовая никелированная латунь 1620 (1126)",
1053,000001053,13100648,З'єднання «американка»,13100624,13100648,Использовать XML,"Американка-сгон прямая Solomon 3/4"" никелированная латунь (1053)",
SD00008309,SD00008309,13100648,З'єднання «американка»,13100624,13100648,Использовать XML,"Сгон ""Американка"" угловой Thermo Alliance Forte 1/2'' Внутренняя/Наружная Латунь никелированная (SD00008309)",
5106,000005106,13100648,З'єднання «американка»,13100624,13100648,Использовать XML,Американка-сгон прямая PROFESSIONAL 1″ никелированная латунь QP160,
2472,000002472,13100648,З'єднання «американка»,13100624,13100648,Использовать XML,Американка угловая SOLOMON 1″ CHROM (ВН) хромированная латунь фитинг для труб водоснабжения и отопления (2472),
13964,000013964,13100648,З'єднання «американка»,13100624,13100648,Использовать XML,"Американка прямая Quality Professional QP160 1/2"" резьбовая никелированная латунь (13964)",
5103,000005103,13100648,З'єднання «американка»,13100624,13100648,Использовать XML,"Американка-сгон прямая Q PROFESSIONAL QP160 3/4"" резьбовая никелированная латунь",
2457,000002457,13100648,З'єднання «американка»,13100624,13100648,Использовать XML,"Американка-сгон прямая Solomon 1/2"" резьбовая хромированная латунь (2457)",
2456,000002456,13100648,З'єднання «американка»,13100624,13100648,Использовать XML,"Американка угловая SOLOMON 3/4"" резьбовая хромированная латунь для водопровода (2456)",
2455,000002455,13100648,З'єднання «американка»,13100624,13100648,Использовать XML,"Американка угловая Solomon 1/2"" наружная/внутренняя хромированная латунь для водопровода (2455)",
1227,000001227,13100648,З'єднання «американка»,13100624,13100648,Использовать XML,"Американка-сгон прямая Solomon 1 1/2"" никелированная для труб (латунь CW614N) 1227",
1127,000001127,13100648,З'єднання «американка»,13100624,13100648,Использовать XML,"Американка угловая SOLOMON 1″ НИКЕЛЬ для отопления, латунная никелированная (1127)",
1125,000001125,13100648,З'єднання «американка»,13100624,13100648,Использовать XML,Американка-сгон прямая Solomon 1″ НИКЕЛЬ латунная для водопровода (1125),
1055,000001055,13100648,З'єднання «американка»,13100624,13100648,Использовать XML,"Американка угловая Solomon 1/2"" резьбовая никелированная из латуни (1055)",
1052,000001052,13100648,З'єднання «американка»,13100624,13100648,Использовать XML,"Американка-сгон прямая Solomon 1/2"" никелированная латунная (1052)",
SD00008308,SD00008308,13100648,З'єднання «американка»,13100624,13100648,Использовать XML,Згон 'Американка' Thermo Alliance Forte 2'' прямой резьбовой латунный никелированный,
SD00008307,SD00008307,13100648,З'єднання «американка»,13100624,13100648,Использовать XML,"Згон ""Американка"" Thermo Alliance Forte 1 1/4'' прямой резьбовой латунный никелированный SF190W32",
SD00008306,SD00008306,13100648,З'єднання «американка»,13100624,13100648,Использовать XML,Сгон 'Американка' Thermo Alliance Forte 1 1/2'' прямой латунный никелированный,
SD00008304,SD00008304,13100648,З'єднання «американка»,13100624,13100648,Использовать XML,Сгон 'Американка' Thermo Alliance Forte 3/4'' прямой латунный никелированный (SD00008304),
SD00008303,SD00008303,13100648,З'єднання «американка»,13100624,13100648,Использовать XML,"Сгон ""Американка"" Thermo Alliance Forte 1/2'' прямой резьбовой латунный никелированный",
rs4u15379,00000013602,13100601,Косинці для труб,1250346,13100601,Использовать XML,Колено компрессионное SANTEHPLAST КН Ø25 х 1/2'' пластиковое черное (00000013602),
rs4u15395,00000018015,13100601,Косинці для труб,1250346,13100601,Использовать XML,Колено компрессионное SANTEHPLAST 63 х 1 1/2'' наружная резьба Пластик Черный (00000018015),
rs4u15398,00000018020,13100601,Косинці для труб,1250346,13100601,Использовать XML,"Колено компрессионное SANTEHPLAST для ПЭ Ø40 x 1 1/2 дюйма ВР, пластик, черное (00000018020)",
rs4u15399,00000018022,13100601,Косинці для труб,1250346,13100601,Использовать XML,"Колено компрессионное SANTEHPLAST КВР Ø50 х 1 1/2'' с внутренней резьбой, пластиковое, черное (00000018022)",
rs4u15498,00000018021,13100601,Косинці для труб,1250346,13100601,Использовать XML,Колено компрессионное SANTEHPLAST с внутренней резьбой 1 1/4'' для ПЭ труб 50 мм Пластик Черное (00000018021),
rs4u15491,00000018016,13100601,Косинці для труб,1250346,13100601,Использовать XML,Колено компрессионное SANTEHPLAST с наружной резьбой Ø63 х 2 дюйма Пластик Черное (00000018016),
rs4u15490,00000018017,13100601,Косинці для труб,1250346,13100601,Использовать XML,Колено компрессионное SANTEHPLAST КВР Ø40 х 3/4'' ВР Пластик Черное (00000018017),
rs4u15489,00000005892,13100601,Косинці для труб,1250346,13100601,Использовать XML,Колено зажимное SANTEHPLAST КЗ 3/30 Ø50 Пластиковое Черное (00000005892),
rs4u15488,00000018013,13100601,Косинці для труб,1250346,13100601,Использовать XML,Колено компрессионное SANTEHPLAST Ø50 х 1 1/2'' пластиковое черное (00000018013),
rs4u15487,00000018014,13100601,Косинці для труб,1250346,13100601,Использовать XML,Колено компрессионное SANTEHPLAST с наружной резьбой 50 х 2'' Пластик Черный (00000018014),
rs4u15403,00000009956,13100601,Косинці для труб,1250346,13100601,Использовать XML,Колено зажимное SANTEHPLAST КЗ Ø63 2/14 для ПЭ труб черное (00000009956),
rs4u15402,00000018025,13100601,Косинці для труб,1250346,13100601,Использовать XML,Колено компрессионное SANTEHPLAST КВР Ø63 х 2'' Пластиковое Черное (00000018025),
rs4u15400,00000018023,13100601,Косинці для труб,1250346,13100601,Использовать XML,Компрессионное колено SANTEHPLAST с внутренней резьбой Ø50 х 2'' Пластик Черный (00000018023),
rs4u15397,00000018019,13100601,Косинці для труб,1250346,13100601,Использовать XML,Колено компрессионное SANTEHPLAST с внутренней резьбой ф.40 х 1 1/4'' пластиковое черное (00000018019),
rs4u15396,00000018018,13100601,Косинці для труб,1250346,13100601,Использовать XML,Колено компрессионное SANTEHPLAST внутренняя резьба Ø40 x 1'' пластик черное (00000018018),
rs4u15394,00000018012,13100601,Косинці для труб,1250346,13100601,Использовать XML,Колено компрессионное SANTEHPLAST наружная резьба 1 1/4'' x Ø50 Пластик Черный (00000018012),
rs4u15391,00000010188,13100601,Косинці для труб,1250346,13100601,Использовать XML,Колено компрессионное SANTEHPLAST Ø20 х 3/4'' внутренняя резьба Пластик Черный (00000010188),
rs4u15390,00000010187,13100601,Косинці для труб,1250346,13100601,Использовать XML,Колено компрессионное SANTEHPLAST КВР внутренняя резьба Ø20 x 1/2'' Пластик Черное (00000010187),
rs4u15389,00000010186,13100601,Косинці для труб,1250346,13100601,Использовать XML,"Колено компрессионное SANTEHPLAST Ø20 х 3/4'' наружная резьба, пластик черное (00000010186)",
rs4u15388,00000010185,13100601,Косинці для труб,1250346,13100601,Использовать XML,Колено компрессионное SANTEHPLAST Ø20 х 1/2'' наружная резьба Пластик Черный (00000010185),
rs4u15387,00000010184,13100601,Косинці для труб,1250346,13100601,Использовать XML,Колено зажимное SANTEHPLAST КЗ Ø20 Пластик Черное (00000010184),
rs4u15386,00000005893,13100601,Косинці для труб,1250346,13100601,Использовать XML,Колено компрессионное SANTEHPLAST для ПЭ трубы 40 х 1 1/4'' с наружной резьбой черное (00000005893),
rs4u15373,00000010612,13100601,Косинці для труб,1250346,13100601,Использовать XML,"Колено компрессионное SANTEHPLAST Ø32 х 3/4'' внутренняя резьба для ПЭ труб, пластик, черное (00000010612)",
rs4u15372,00000010611,13100601,Косинці для труб,1250346,13100601,Использовать XML,Колено компрессионное SANTEHPLAST КВР Ø32 х 1/2'' для ПЭ труб пластик черное (00000010611),
rs4u15371,00000010610,13100601,Косинці для труб,1250346,13100601,Использовать XML,"Колено компрессионное SANTEHPLAST для ПЭ трубы Ø25, внутренняя резьба 1'' Пластик Черное (00000010610)",
rs4u15370,00000010609,13100601,Косинці для труб,1250346,13100601,Использовать XML,Колено компрессионное SANTEHPLAST КВР Ø25 x3/4'' внутренняя резьба Пластик Черное (00000010609),
rs4u15369,00000004873,13100601,Косинці для труб,1250346,13100601,Использовать XML,"Колено компрессионное SANTEHPLAST Ø40 х 1'' с наружной резьбой, полиэтиленовое, черное (00000004873)",
rs4u15368,00000004872,13100601,Косинці для труб,1250346,13100601,Использовать XML,"Колено зажимное КЗ SANTEHPLAST Ø40 для полиэтиленовых труб, пластиковое, черное (00000004872)",
rs4u15367,00000004865,13100601,Косинці для труб,1250346,13100601,Использовать XML,"Колено компрессионное SANTEHPLAST КВР Ø32 х 1'' внутренняя резьба, Пластик, Черное (00000004865)",
rs4u15366,00000004864,13100601,Косинці для труб,1250346,13100601,Использовать XML,Колено компрессионное SANTEHPLAST внутренняя резьба Ø25 х 1/2'' пластиковое черное (00000004864),
rs4u15365,00000004863,13100601,Косинці для труб,1250346,13100601,Использовать XML,Колено компрессионное SANTEHPLAST КНР наружная резьба Ø32 х 3/4'' Пластик Черное (00000004863),
rs4u15364,00000004862,13100601,Косинці для труб,1250346,13100601,Использовать XML,Колено компрессионное SANTEHPLAST КНР Ø32 х 1/2'' пластиковое черное (00000004862),
rs4u15363,00000004861,13100601,Косинці для труб,1250346,13100601,Использовать XML,Колено компрессионное для ПЭ труб SANTEHPLAST Наружная резьба Ø32 х 1'' Пластик Черное (00000004861),
rs4u15362,00000004860,13100601,Косинці для труб,1250346,13100601,Использовать XML,Колено компрессионное SANTEHPLAST Ø25 х 3/4'' наружная резьба Пластик Черный (00000004860),
rs4u15361,00000004859,13100601,Косинці для труб,1250346,13100601,Использовать XML,Колено компрессионное SANTEHPLAST для ПЭ труб Наружная резьба Ø25 х 1/2'' пластиковое черное (00000004859),
rs4u15360,00000004858,13100601,Косинці для труб,1250346,13100601,Использовать XML,"Колено компрессионное SANTEHPLAST для ПЭ труб Ø25 х 1'' наружная резьба, Пластик Черный (00000004858)",
rs4u15359,00000004857,13100601,Косинці для труб,1250346,13100601,Использовать XML,Колено зажимное SANTEHPLAST КЗ Ø32 Пластик Черное (00000004857),
rs4u15358,00000004856,13100601,Косинці для труб,1250346,13100601,Использовать XML,Колено зажимное для ПЭ труб SANTEHPLAST Ø25 Пластик Черный (00000004856),
rs4u1393,ТР-00008142,1250346,Фітинги та крани для поливальних систем,1250346,1250342,Оставить Prom,Миникран IRRITEC 16 мм с поджимом и резинкой - Ерш для системы капельного полива (ТР-00008142),
rs4u1116,ТР-00008145,1250346,Фітинги та крани для поливальних систем,1250346,1250342,Оставить Prom,"Кран IRRITEC 16 мм ерш х НР 1/2, пластик (ТР-00008145)",
rs4u1120,ТР-00001506,1250346,Фітинги та крани для поливальних систем,1250346,1250342,Оставить Prom,Кран для капельного полива IRRITEC с поджимом Пластиковый Черный (ТР-00001506),
rs4u1390,ТР-00008139,1250346,Фітинги та крани для поливальних систем,1250346,1250342,Оставить Prom,"Кран для капельного полива IRRITEC, Пластиковый, Черный с зеленым (ТР-00008139)",
rs4u1119,ТР-00001097,1250346,Фітинги та крани для поливальних систем,1250346,1250342,Оставить Prom,"Фильтр сетчатый 1""  5 м3/час  1/50",
rs4u36799,ТР-00025555,1250346,Фітинги та крани для поливальних систем,1250346,1250342,Оставить Prom,Фильтр дисковый IRRITEC 1 1/2'' 20 м3/ч 1/10 Пластик Черный (ТР-00025555),
rs4u1409,ТР-00001063,1250346,Фітинги та крани для поливальних систем,1250346,1250342,Оставить Prom,Стартер для капельного полива IRRITEC LFT 2 зажим 16мм Пластик Черный (ТР-00001063),
rs4u1408,ТР-00001061,1250346,Фітинги та крани для поливальних систем,1250346,1250342,Оставить Prom,Тройник для капельного полива IRRITEC 16 мм Пластик Черный (ТР-00001061),
rs4u1407,ТР-00001060,1250346,Фітинги та крани для поливальних систем,1250346,1250342,Оставить Prom,Тройник стартовый для капельной ленты IRRITEC T-образный с резинкой 16мм Пластик Черный (ТР-00001060),
rs4u1406,ТР-00001059,1250346,Фітинги та крани для поливальних систем,1250346,1250342,Оставить Prom,Колено для капельного полива IRRITEC 16 мм Пластик Черный (ТР-00001059),
rs4u1405,ТР-00001057,1250346,Фітинги та крани для поливальних систем,1250346,1250342,Оставить Prom,"Стартконнектор для капельного полива IRRITEC с поджимом 16 мм, пластиковый, черный (ТР-00001057)",
rs4u1404,ТР-00001056,1250346,Фітинги та крани для поливальних систем,1250346,1250342,Оставить Prom,"Стартконнектор для капельного полива IRRITEC 16 мм с резинкой и поджимом, пластик, черный (ТР-00001056)",
rs4u1403,ТР-00001096,1250346,Фітинги та крани для поливальних систем,1250346,1250342,Оставить Prom,Фильтр дисковый для полива IRRITEC 1'' Пластиковый (ТР-00001096),
rs4u1402,ТР-00001290,1250346,Фітинги та крани для поливальних систем,1250346,1250342,Оставить Prom,Фильтр сетчатый для капельного полива IRRITEC 2'' Пластик (ТР-00001290),
rs4u1401,ТР-00001288,1250346,Фітинги та крани для поливальних систем,1250346,1250342,Оставить Prom,Фильтр сетчатый IRRITEC 1 1/4'' для полива и капельного орошения Пластик (ТР-00001288),
rs4u1400,ТР-00001287,1250346,Фітинги та крани для поливальних систем,1250346,1250342,Оставить Prom,Фильтр сетчатый IRRITEC 3/4'' для капельного полива 5 м3/час Пластик Черный (ТР-00001287),
rs4u1399,ТР-00008150,1250346,Фітинги та крани для поливальних систем,1250346,1250342,Оставить Prom,Фильтр дисковый IRRITEC 2'' 20 м3/час для капельного полива Пластик (ТР-00008150),
rs4u1398,ТР-00008149,1250346,Фітинги та крани для поливальних систем,1250346,1250342,Оставить Prom,Фильтр дисковый IRRITEC 1 1/4'' 10 м³/час Пластик для полива (ТР-00008149),
rs4u1397,ТР-00008147,1250346,Фітинги та крани для поливальних систем,1250346,1250342,Оставить Prom,Фильтр сетчатый для полива IRRITEC 1 1/2'' 10 м3/час Пластиковый Черный (ТР-00008147),
rs4u1396,ТР-00008146,1250346,Фітинги та крани для поливальних систем,1250346,1250342,Оставить Prom,Кран для капельного полива IRRITEC Миникран Ерш х НР 3/4'' Наружная резьба Пластик (ТР-00008146),
rs4u1395,ТР-00008144,1250346,Фітинги та крани для поливальних систем,1250346,1250342,Оставить Prom,Миникран под рукав LFT- ерш IRRITEC 35/350,
rs4u1394,ТР-00008143,1250346,Фітинги та крани для поливальних систем,1250346,1250342,Оставить Prom,Миникран для капельного полива IRRITEC Ерш-Ерш Пластиковый Черный (ТР-00008143),
rs4u1392,ТР-00008141,1250346,Фітинги та крани для поливальних систем,1250346,1250342,Оставить Prom,Кран для капельного полива IRRITEC Ерш 50/600 с резинкой Пластиковый (ТР-00008141),
rs4u1391,ТР-00008140,1250346,Фітинги та крани для поливальних систем,1250346,1250342,Оставить Prom,Кран для капельного полива IRRITEC LFT 35/280 под рукав Пластик (ТР-00008140),
rs4u1389,ТР-00008137,1250346,Фітинги та крани для поливальних систем,1250346,1250342,Оставить Prom,Резиновое кольцо малое Д-15 IRRITEC 100/5000,
rs4u1125,ТР-00001062,1250346,Фітинги та крани для поливальних систем,1250346,1250342,Оставить Prom,Стартер для капельного полива IRRITEC LFT 1 зажим 16мм Пластик Черный (ТР-00001062),
rs4u1124,ТР-00001058,1250346,Фітинги та крани для поливальних систем,1250346,1250342,Оставить Prom,Угловой стартконнектор для капельного полива IRRITEC 16 мм Пластик Черный (ТР-00001058),
rs4u1123,ТР-00001055,1250346,Фітинги та крани для поливальних систем,1250346,1250342,Оставить Prom,Ремонтник 16 мм IRRITEC,
rs4u1118,ТР-00001289,1250346,Фітинги та крани для поливальних систем,1250346,1250342,Оставить Prom,Фильтр сетчатый для капельного полива IRRITEC 1 1/2'' Пластик (ТР-00001289),
rs4u1117,ТР-00008148,1250346,Фітинги та крани для поливальних систем,1250346,1250342,Оставить Prom,Фильтр дисковый IRRITEC 3/4'' для капельного полива Пластик (ТР-00008148),
rs4u1115,ТР-00008138,1250346,Фітинги та крани для поливальних систем,1250346,1250342,Оставить Prom,Резиновое кольцо большое Д-17 IRRITEC 50/5000,
rs4u1114,ТР-00008136,1250346,Фітинги та крани для поливальних систем,1250346,1250342,Оставить Prom,Стартконнектор для капельной ленты IRRITEC LFT 3/4 Пластик (ТР-00008136),
rs4u36300,ТР-00025198,13100643,Сіделки для труб,13100643,420509,Оставить Prom,Хомут для врезки FORA Ø110 х 1'' ПЭ черный с прокладкой (ТР-00025198),
rs4u36299,ТР-00025197,13100643,Сіделки для труб,13100643,420509,Оставить Prom,Хомут для врезки полиэтиленовый FORA Ø63 х 1'' с прокладкой черный (ТР-00025197),
rs4u36298,ТР-00025196,13100643,Сіделки для труб,13100643,420509,Оставить Prom,Хомут для врезки FORA неразборный 1'' полиэтиленовый черный (ТР-00025196),
rs4u36297,ТР-00025195,13100643,Сіделки для труб,13100643,420509,Оставить Prom,"Хомут для врезки FORA Ø50 х 3/4'' с прокладкой, полиэтилен, черный (ТР-00025195)",
rs4u36296,ТР-00025194,13100643,Сіделки для труб,13100643,420509,Оставить Prom,"Хомут для врезки FORA Ø32 х 3/4'' с прокладкой ПЭ, неразборный, черный (ТР-00025194)",
rs4u36295,ТР-00025193,13100643,Сіделки для труб,13100643,420509,Оставить Prom,"Хомут для врезки FORA 1/2'' с прокладкой, неразборный, ПЭ, черный (ТР-00025193)",
rs4u11635,00000018029,13100643,Сіделки для труб,13100643,420509,Оставить Prom,Хомут для врезки SANTEHPLAST STP 1/25 Ø110 х 3/4'' Пластик Черный (00000018029),
rs4u11634,00000018028,13100643,Сіделки для труб,13100643,420509,Оставить Prom,Хомут для врезки SANTEHPLAST STP 1/35 Ø90 x 1'' пластиковый черный (00000018028),
rs4u11633,00000018027,13100643,Сіделки для труб,13100643,420509,Оставить Prom,Хомут для врезки SANTEHPLAST STP 1/80 Ø40 x 3/4'' Пластиковый Черный (00000018027),
rs4u11632,00000018026,13100643,Сіделки для труб,13100643,420509,Оставить Prom,Хомут для врезки на ПЭ трубу SANTEHPLAST Ø40 х 1/2'' Пластик Черный (00000018026),
rs4u11631,00000020336,13100643,Сіделки для труб,13100643,420509,Оставить Prom,Хомут для врезки SANTEHPLAST STP компрессионный Ø32 х 3/4'' Пластик Черный (00000020336),
rs4u11630,00000021014,13100643,Сіделки для труб,13100643,420509,Оставить Prom,Хомут для врезки SANTEHPLAST STP 1/100 32 x 1/2'' Пластиковый Черный (00000021014),
rs4u11629,00000005530,13100643,Сіделки для труб,13100643,420509,Оставить Prom,Хомут для врезки SANTEHPLAST STP 1/35 Ø90 x 3/4'' В Пластиковый Черный (00000005530),
rs4u11628,00000005529,13100643,Сіделки для труб,13100643,420509,Оставить Prom,Хомут для врезки SANTEHPLAST STP 1/10 Ø75 х 3/4'' пластиковый черный (00000005529),
rs4u11627,00000005528,13100643,Сіделки для труб,13100643,420509,Оставить Prom,Хомут для врезки SANTEHPLAST STP 1/45 Ø75 х 1'' пластиковый черный (00000005528),
rs4u11626,00000005527,13100643,Сіделки для труб,13100643,420509,Оставить Prom,Хомут для врезки SANTEHPLAST STP 1/50 Ø63 х 3/4'' Пластиковый Черный (00000005527),
rs4u11625,00000005526,13100643,Сіделки для труб,13100643,420509,Оставить Prom,Хомут для врезки SANTEHPLAST STP 1/50 Ø63 х 1'' Пластиковый Черный (00000005526),
rs4u11624,00000005525,13100643,Сіделки для труб,13100643,420509,Оставить Prom,Хомут для врезки SANTEHPLAST Ø50 x 3/4'' Пластик Черный (00000005525),
rs4u11623,00000005524,13100643,Сіделки для труб,13100643,420509,Оставить Prom,Хомут для врезки SANTEHPLAST STP 1/60 Ø50 х 1'' для ПЭ труб Пластик Черный (00000005524),
rs4u11622,00000005523,13100643,Сіделки для труб,13100643,420509,Оставить Prom,Хомут для врезки SANTEHPLAST Ø40 х 1'' Пластиковый Черный (00000005523),
rs4u11621,00000005522,13100643,Сіделки для труб,13100643,420509,Оставить Prom,Хомут для врезки SANTEHPLAST Ø32 х 1'' Пластик Черный (00000005522),
rs4u11619,00000005520,13100643,Сіделки для труб,13100643,420509,Оставить Prom,Хомут для врезки SANTEHPLAST Ø110 x 1 1/4'' пластиковый черный (00000005520),
rs4u11618,ТР-00000475,13100643,Сіделки для труб,13100643,420509,Оставить Prom,Хомут для врезки SANTEHPLAST STP 1/25 Ø110 х 2'' Пластиковый Черный (ТР-00000475),
rs4u11617,ТР-00008223,13100643,Сіделки для труб,13100643,420509,Оставить Prom,Хомут для врезки SANTEHPLAST Ø125 х 3/4'' Полипропилен Черный (ТР-00008223),
rs4u11616,ТР-00008222,13100643,Сіделки для труб,13100643,420509,Оставить Prom,Хомут для врезки SANTEHPLAST STP 1 1/4'' полипропиленовый черный (ТР-00008222),
rs4u11615,ТР-00008221,13100643,Сіделки для труб,13100643,420509,Оставить Prom,Хомут для врезки SANTEHPLAST STP 1/25 Ø125 х 1 1/2'' полипропиленовый черный (ТР-00008221),
rs4u11614,ТР-00008220,13100643,Сіделки для труб,13100643,420509,Оставить Prom,Хомут для врезки SANTEHPLAST STP 1/25 для ПЭ труб Ø125 х 1/2'' полипропиленовый черный (ТР-00008220),
rs4u11613,ТР-00008219,13100643,Сіделки для труб,13100643,420509,Оставить Prom,Хомут для врезки SANTEHPLAST Ø110 х 1 1/2'' Полипропилен Черный (ТР-00008219),
rs4u11612,ТР-00008218,13100643,Сіделки для труб,13100643,420509,Оставить Prom,Хомут для врезки SANTEHPLAST STP 1/20 Ø125 x 2'' полипропиленовый черный (ТР-00008218),
rs4u11611,ТР-00008217,13100643,Сіделки для труб,13100643,420509,Оставить Prom,Хомут для врезки SANTEHPLAST Ø125 х 1'' Полипропиленовый Черный (ТР-00008217),
SD00056964,SD00056964,130119,Душові набори й системи,130119,130103,Оставить Prom,"Комплект сантехники Lidz Orion 3 в 1: душевая система, смеситель для раковины и смеситель для биде, латунь, хром (SD00056964)",
SD00056965,SD00056965,130119,Душові набори й системи,130119,130103,Оставить Prom,"Набор Lidz Orion: Душевая система 1030 и Высокий смеситель для раковины 001FH, латунь, хром (SD00056965)",
SD00056958,SD00056958,130119,Душові набори й системи,130119,130103,Оставить Prom,"Комплект сантехники Lidz Astra: Душевая система с тропическим душем и Смеситель для раковины, Латунь, Хром (SD00056958)",
SD00056963,SD00056963,130119,Душові набори й системи,130119,130103,Оставить Prom,"Набор для ванной комнаты Lidz Orion+ со смесителем для раковины, Латунь, Хром (SD00056963)",
SD00056960,SD00056960,130119,Душові набори й системи,130119,130103,Оставить Prom,"Набор для ванной Lidz Astra, Душевая система с изливом и высокий смеситель для раковины, Латунь, Хром (SD00056960)",
SD00056959,SD00056959,130119,Душові набори й системи,130119,130103,Оставить Prom,"Набор сантехники Lidz Astra 3 в 1: Душевая система с изливом, смеситель для раковины и смеситель для биде, латунь, хром",
SD00056267,SD00056267,130119,Душові набори й системи,130119,130103,Оставить Prom,"Смеситель для душа Qtap Votice, термостатический, с душевым гарнитуром скрытого монтажа, латунь, черный матовый (SD00056267)",
rs4u38334,ТР-00027405,130119,Душові набори й системи,130119,130103,Оставить Prom,"Душевая система AIM DG702 скрытого монтажа, со смесителем, верхним и ручным душем, латунь, белый (ТР-00027405)",
rs4u38337,ТР-00027408,130119,Душові набори й системи,130119,130103,Оставить Prom,"Душевая система AIM DG 409 со смесителем и верхним душем, скрытый монтаж, латунь, белый (ТР-00027408)",
rs4u38336,ТР-00027407,130119,Душові набори й системи,130119,130103,Оставить Prom,"Душевая система AIM DG 409 со смесителем и верхним душем, скрытого монтажа, латунь, графит (ТР-00027407)",
rs4u38343,ТР-00027414,130119,Душові набори й системи,130119,130103,Оставить Prom,"Душевая система AIM DG207, со смесителем, ручным и верхним душем, латунная, белая, скрытого монтажа (ТР-00027414)",
rs4u38342,ТР-00027413,130119,Душові набори й системи,130119,130103,Оставить Prom,"Душевая система AIM DG207 Premium Графит, скрытый монтаж, латунь, со смесителем, верхним и ручным душем (ТР-00027413)",
rs4u38341,ТР-00027412,130119,Душові набори й системи,130119,130103,Оставить Prom,"Душевая система AIM DG207 со смесителем, верхним и ручным душем, скрытого монтажа, латунная, хромированная (ТР-00027412)",
rs4u38340,ТР-00027411,130119,Душові набори й системи,130119,130103,Оставить Prom,"Душевая система AIM 205-3 со смесителем и изливом, скрытого монтажа, белая матовая латунь (ТР-00027411)",
rs4u38339,ТР-00027410,130119,Душові набори й системи,130119,130103,Оставить Prom,"Душевая система AIM DG 205-3 скрытого монтажа, со смесителем, верхним и ручным душем, с изливом, латунь, Графит (ТР-00027410)",
rs4u38338,ТР-00027409,130119,Душові набори й системи,130119,130103,Оставить Prom,"Душевая система AIM DG 205-3 скрытого монтажа, со смесителем, верхним и ручным душем, изливом, хромированная латунь (ТР-00027409)",
rs4u38335,ТР-00027406,130119,Душові набори й системи,130119,130103,Оставить Prom,"Душевая система AIM DG 409 скрытого монтажа, со смесителем и верхним душем, латунь, хром (ТР-00027406)",
rs4u38333,ТР-00027404,130119,Душові набори й системи,130119,130103,Оставить Prom,"Душевая система AIM DG702 со смесителем, ручным и верхним душем, скрытого монтажа, латунь, графит (ТР-00027404)",
rs4u38332,ТР-00027403,130119,Душові набори й системи,130119,130103,Оставить Prom,"Душевая система скрытого монтажа AIM DG702, с смесителем, верхним душем и ручной лейкой, латунная, хром (ТР-00027403)",
SD00055210,SD00055210,130119,Душові набори й системи,130119,130103,Оставить Prom,"Комплект для ванной комнаты Lidz Kubis со смесителем для раковины и душевой системой, нержавеющая сталь, никель (SD00055210)",
rs4u37306,ТР-00026092,130119,Душові набори й системи,130119,130103,Оставить Prom,"Душевая система AIM DG205 со смесителем, ручным и верхним душем, скрытого монтажа, латунь, черный матовый (ТР-00026092)",
rs4u37305,ТР-00026091,130119,Душові набори й системи,130119,130103,Оставить Prom,"Душевая система AIM DG205 со скрытым смесителем, верхним и ручным душем, латунная, хром (ТР-00026091)",
rs4u37304,ТР-00026090,130119,Душові набори й системи,130119,130103,Оставить Prom,"Душевая система AIM DG204-3 со смесителем, верхним и ручным душем, с изливом, скрытый монтаж, матовая черная латунь",
rs4u37303,ТР-00026089,130119,Душові набори й системи,130119,130103,Оставить Prom,"Душевая система AIM DG204-3 скрытого монтажа, со смесителем, ручным душем, верхним душем и изливом для ванны, латунь, хром",
rs4u37302,ТР-00026088,130119,Душові набори й системи,130119,130103,Оставить Prom,"Душевая система AIM DG203-1, с верхним душем, ручной лейкой и смесителем скрытого монтажа, латунь, белый (ТР-00026088)",
rs4u37301,ТР-00026087,130119,Душові набори й системи,130119,130103,Оставить Prom,"Душевая система AIM DG203-1, скрытого монтажа, со смесителем, верхним и ручным душем, черная матовая латунь (ТР-00026087)",
rs4u37300,ТР-00026086,130119,Душові набори й системи,130119,130103,Оставить Prom,"Душевая система AIM DG203-1 скрытого монтажа, с латунным смесителем, ручным и верхним душем, Хром (ТР-00026086)",
SD00052491,SD00052491,130119,Душові набори й системи,130119,130103,Оставить Prom,"Комплект сантехники Lidz Wawel: Душевая система с изливом и Смеситель для раковины, Цинк, Белый (SD00052491)",
22207,000022207,130122,Тримачі рушників,130122,154003,Оставить Prom,"Планка с крючками Globus Lux BQ9435-3, настенная, на 3 крючка, нержавеющая сталь SUS304, черный матовый (22207)",
27020,000027020,130122,Тримачі рушників,130122,154003,Оставить Prom,Крючок для ванной комнаты Globus Lux RM 1503-4 латунь хром (000027020),
21193,000021193,130122,Тримачі рушників,130122,154003,Оставить Prom,Крючок двойной для ванной Globus Lux BS8415 нержавеющая сталь черный матовый (BS8415),
27019,000027019,130122,Тримачі рушників,130122,154003,Оставить Prom,Крючок для ванной Perfect Sanitary Appliances Globus Lux RM 1503-3 Латунь,
18159,000018159,130122,Тримачі рушників,130122,154003,Оставить Prom,Крючок двойной для ванной Globus Lux SS 8415 SUS304 нержавеющая сталь (000018159),
21255,000021255,130122,Тримачі рушників,130122,154003,Оставить Prom,Планка с крючками для ванной TOPAZ TKB 9385-3-BL латунь черная (21255),
21244,000021244,130122,Тримачі рушників,130122,154003,Оставить Prom,Планка с крючками для ванны TOPAZ TKB 9385-4 латунная настенная хром (21244),
21243,000021243,130122,Тримачі рушників,130122,154003,Оставить Prom,Планка с крючками для ванной TOPAZ TKB 9385-3 латунная хромированная,
21228,000021228,130122,Тримачі рушників,130122,154003,Оставить Prom,Крючок для ванной TOPAZ TKB 9915 латунь хром (21228),
22214,000022214,130122,Тримачі рушників,130122,154003,Оставить Prom,Планка с крючками для ванной Globus Lux BS8435-4 черная матовая SUS304,
22209,000022209,130122,Тримачі рушників,130122,154003,Оставить Prom,Крючок двойной для ванны Globus Lux BQ9412 нержавеющая сталь SUS304 черный матовый,
21387,000021387,130122,Тримачі рушників,130122,154003,Оставить Prom,Крючок для ванной Globus Lux RM 1502-3 Латунь Хром (000021387),
21250,000021250,130122,Тримачі рушників,130122,154003,Оставить Prom,Крючок двойной для ванной TOPAZ TКВ 9925-BL латунь черный,
21246,000021246,130122,Тримачі рушників,130122,154003,Оставить Prom,Крючок для ванной комнаты TOPAZ TKB 9915-BL Латунь черный (21246),
21232,000021232,130122,Тримачі рушників,130122,154003,Оставить Prom,Крючок двойной для ванной TOPAZ TКВ 9925 латунь хром (21232),
21198,000021198,130122,Тримачі рушників,130122,154003,Оставить Prom,Крючок для ванной Globus Lux BQ9435-4 черный матовый нержавеющая сталь,
19477,000019477,130122,Тримачі рушників,130122,154003,Оставить Prom,Крючок для ванной Globus Lux SQ 9435-4 SUS304 из нержавеющей стали 000019477,
19476,000019476,130122,Тримачі рушників,130122,154003,Оставить Prom,Крючок для ванной Globus Lux SQ 9435-3 SUS304 из нержавеющей стали,
19470,000019470,130122,Тримачі рушників,130122,154003,Оставить Prom,Крючок двойной для ванной Globus Lux SQ 9412 нержавеющая сталь (000019470),
19469,000019469,130122,Тримачі рушників,130122,154003,Оставить Prom,Крючок для ванной Globus Lux SQ 9411 нержавеющая сталь (000019469),
19460,000019460,130122,Тримачі рушників,130122,154003,Оставить Prom,Крючок для ванной Globus Lux SS8435-4 SUS304 из нержавеющей стали,
19459,000019459,130122,Тримачі рушників,130122,154003,Оставить Prom,Планка с крючками для ванной Globus Lux SS8435-3 Нержавеющая сталь (000019459),
18158,000018158,130122,Тримачі рушників,130122,154003,Оставить Prom,Крючок одинарный для ванной Globus Lux SS 8411 нержавеющая сталь,
4563,000004563,130122,Тримачі рушників,130122,154003,Оставить Prom,"Крючок двойной для ванны Perfect Sanitary Appliances SP 8125 латунь, хром (000004563)",
4562,000004562,130122,Тримачі рушників,130122,154003,Оставить Prom,"Крючок для ванны Perfect Sanitary Appliances SP 8115 латунь, хром (000004562)",
4550,000004550,130122,Тримачі рушників,130122,154003,Оставить Prom,Крючок для ванной Perfect Sanitary Appliances SP 8135 Латунь Хром (000004550),
1955,000001955,130122,Тримачі рушників,130122,154003,Оставить Prom,Крючок для ванной Globus Lux RM 1503 латунь хром,
1143,000001143,130122,Тримачі рушників,130122,154003,Оставить Prom,"Крючок двойной для ванной Globus Lux RM 1501 латунь, хром",
5612,000005612,13100601,Косинці для труб,13100601,13100603,Оставить Prom,"Колено зажимное VSplast, 40 мм x 1"", полипропиленовое, с наружной резьбой (5612)",
18614,000018614,13100601,Косинці для труб,13100601,13100603,Оставить Prom,"Колено для внутренней канализации VSplast 110х50х90° левое, полипропилен (000018614)",
25892,000025892,13100601,Косинці для труб,13100601,13100603,Оставить Prom,Колено для наружной канализации VSplast 160 мм 67° раструбный полипропилен (000025892),
24811,000024811,13100601,Косинці для труб,13100601,13100603,Оставить Prom,Колено VSplast H 110x45+ 50х90°х270 горизонтальное,
25893,000025893,13100601,Косинці для труб,13100601,13100603,Оставить Prom,Колено VSplast 160x90° внешнее,
25891,000025891,13100601,Косинці для труб,13100601,13100603,Оставить Prom,Колено VSplast 160x30° внешнее,
25517,000025517,13100601,Косинці для труб,13100601,13100603,Оставить Prom,Колено VSplast 160x45° внешнее,
24405,000024405,13100601,Косинці для труб,13100601,13100603,Оставить Prom,Колено для наружной канализации VSplast 110x45° полипропилен (24405),
24810,000024810,13100601,Косинці для труб,13100601,13100603,Оставить Prom,Колено VSplast 110х100х45° с отводом 50х90° правое для внутренней канализации (24810),
17045,000017045,13100601,Косинці для труб,13100601,13100603,Оставить Prom,Колено внутренней канализации VSplast 110x67° полипропилен для труб (000017045),
24809,000024809,13100601,Косинці для труб,13100601,13100603,Оставить Prom,Колено для внутренней канализации 2 пл 110x110х45+ 2х50х90° левое+ правое-Plambershop!,
24407,000024407,13100601,Косинці для труб,13100601,13100603,Оставить Prom,"Колено для наружной канализации Plambershop 110x90° внешнее (полипропилен), диаметр 110 мм, угол 90° (000024407)",
20560,000020560,13100601,Косинці для труб,13100601,13100603,Оставить Prom,Колено для внутренней канализации VSplast 110x15° из полипропилена (ПП) серого цвета,
20326,000020326,13100601,Косинці для труб,13100601,13100603,Оставить Prom,Колено для внутренней канализации VSplast 50x15° полипропилен (20326),
18616,000018616,13100601,Косинці для труб,13100601,13100603,Оставить Prom,Колено для внутренней канализации VSplast 110x90° с отводом 50мм (вертикальное)-Plambershop!,
18613,000018613,13100601,Косинці для труб,13100601,13100603,Оставить Prom,Колено для внутренней канализации VSplast 110х50x90° правое полипропилен (18613),
18612,000018612,13100601,Косинці для труб,13100601,13100603,Оставить Prom,Колено для внутренней канализации VSplast 110x90° с отводом 50х67° ПП (18612),
18611,000018611,13100601,Косинці для труб,13100601,13100603,Оставить Prom,Колено для внутренней канализации VSplast 110x90° с отводом 50мм (горизонтальное)-Plambershop!,
17450,000017450,13100601,Косинці для труб,13100601,13100603,Оставить Prom,Колено для внутренней канализации VSplast 32x90° полипропилен белое (000017450),
17449,000017449,13100601,Косинці для труб,13100601,13100603,Оставить Prom,Колено для внутренней канализации VSplast 32 мм 45° полипропилен (000017449),
17044,000017044,13100601,Косинці для труб,13100601,13100603,Оставить Prom,Канализационное колено VSplast 110x30° для внутренней канализации (000017044),
16981,000016981,13100601,Косинці для труб,13100601,13100603,Оставить Prom,"Колено VSplast 110x22°, угол изгиба 22°, внутренняя канализация, раструбный (000016981)",
16980,000016980,13100601,Косинці для труб,13100601,13100603,Оставить Prom,"Колено для внутренней канализации VSplast 50x67° полипропилен, серый (16980)",
16979,000016979,13100601,Косинці для труб,13100601,13100603,Оставить Prom,Колено для внутренней канализации VSplast 50x30° полипропилен серый (000016979),
16338,000016338,13100601,Косинці для труб,13100601,13100603,Оставить Prom,Колено для внутренней канализации VSplast 110x90° полипропилен серый (16338),
16337,000016337,13100601,Косинці для труб,13100601,13100603,Оставить Prom,Колено для внутренней канализации VSplast 110x45° полипропилен (ПП) угол 45° серое (16337),
16336,000016336,13100601,Косинці для труб,13100601,13100603,Оставить Prom,Канализационное колено VSplast 50 мм 90° для внутренней канализации из полипропилена (ПП) серое,
16335,000016335,13100601,Косинці для труб,13100601,13100603,Оставить Prom,Колено для внутренней канализации VSplast 50x45° полипропилен (16335),
Pr55758,SP000053532,13240219,"Комплектуючі, запчастини та витратні матеріали для сантехніки",13240219,13240208,Оставить Prom,"Донный клапан VALESO с механизмом Click-Clack, белый (SP000053532)",
27659,000027659,13240219,"Комплектуючі, запчастини та витратні матеріали для сантехніки",13240219,13240208,Оставить Prom,Верхівка пробка HG-AB-03 для HG15-03A та HG15-03B CLICK-CLUCK,
Pr40406,SP000039681,13240219,"Комплектуючі, запчастини та витратні матеріали для сантехніки",13240219,13240208,Оставить Prom,Перелив прямоугольный для мойки Handmade (нержавейка) 62*35F,
rs4u37694,ТР-00026788,13240219,"Комплектуючі, запчастини та витратні матеріали для сантехніки",13240219,13240208,Оставить Prom,Пробка для сетки сифона MILLZ Резина Синяя (ТР-00026788),
20143,000020143,13240219,"Комплектуючі, запчастини та витратні матеріали для сантехніки",13240219,13240208,Оставить Prom,Донный клапан для умывальника TOPAZ TK-15A (Click-clack) Латунь Хром,
20144,000020144,13240219,"Комплектуючі, запчастини та витратні матеріали для сантехніки",13240219,13240208,Оставить Prom,Донный клапан для умывальника TOPAZ TK-15A-BL (Click-clack) Латунь Черный,
Pr23655,SP000016697,13240219,"Комплектуючі, запчастини та витратні матеріали для сантехніки",13240219,13240208,Оставить Prom,Фреза для отверстия смесителя Германия,
Pr23681,SP000004134,13240219,"Комплектуючі, запчастини та витратні матеріали для сантехніки",13240219,13240208,Оставить Prom,Мусоросборник,
Pr23668,SP000023528,13240219,"Комплектуючі, запчастини та витратні матеріали для сантехніки",13240219,13240208,Оставить Prom,Крепления для моек (Ш-образная форма),
Pr23666,SP000000061,13240219,"Комплектуючі, запчастини та витратні матеріали для сантехніки",13240219,13240208,Оставить Prom,Крепление для моек (крючок),
Pr23661,SP000009925,13240219,"Комплектуючі, запчастини та витратні матеріали для сантехніки",13240219,13240208,Оставить Prom,Уплотнительная лента,
Pr23660,SP000002951,13240219,"Комплектуючі, запчастини та витратні матеріали для сантехніки",13240219,13240208,Оставить Prom,Заглушка под отверстие смесителя,
Pr23657,SP000019084,13240219,"Комплектуючі, запчастини та витратні матеріали для сантехніки",13240219,13240208,Оставить Prom,Гофротрубка гибкая к сифону,
Pr1926,SP000031770,13240219,"Комплектуючі, запчастини та витратні матеріали для сантехніки",13240219,13240208,Оставить Prom,Крепление для гранитных моек (монтаж под столешницу),
Pr1924,SP000026263,13240219,"Комплектуючі, запчастини та витратні матеріали для сантехніки",13240219,13240208,Оставить Prom,Крепление для гранитных моек,
Pr1916,SP000017700,13240219,"Комплектуючі, запчастини та витратні матеріали для сантехніки",13240219,13240208,Оставить Prom,Фреза для гранитной мойки,
Pr1915,SP000017632,13240219,"Комплектуючі, запчастини та витратні матеріали для сантехніки",13240219,13240208,Оставить Prom,Болт для гранитного сифона (из нержавеющей стали),
27529,000027529,13240219,"Комплектуючі, запчастини та витратні матеріали для сантехніки",13240219,13240208,Оставить Prom,Донный клапан для умывальника Globus Lux HG15-04A-10-BR Click-clack Латунь Черный,
20799,000020799,13240219,"Комплектуючі, запчастини та витратні матеріали для сантехніки",13240219,13240208,Оставить Prom,Донный клапан для умывальника Globus Lux HG-053B (Click-clack) латунь хром,
14082,000014082,13240219,"Комплектуючі, запчастини та витратні матеріали для сантехніки",13240219,13240208,Оставить Prom,Донный клапан для умывальника Globus Lux HG15-04A BR Click-clack Латунь,
13276,000013276,13240219,"Комплектуючі, запчастини та витратні матеріали для сантехніки",13240219,13240208,Оставить Prom,"Гибкая труба Waterstal для сифона 1 1/4"" х 40/50, 750 мм, пластик, белая (АС-1015)",
13274,000013274,13240219,"Комплектуючі, запчастини та витратні матеріали для сантехніки",13240219,13240208,Оставить Prom,"Гибкая труба для сифона Waterstal АС-1013 1 1/2""x40/50, 750 мм, пластик, белая",
12732,000012732,13240219,"Комплектуючі, запчастини та витратні матеріали для сантехніки",13240219,13240208,Оставить Prom,Донный клапан для умывальника Globus Lux HG15-02A BR (Click-clack) Латунь Хром (12732),
9973,000009973,13240219,"Комплектуючі, запчастини та витратні матеріали для сантехніки",13240219,13240208,Оставить Prom,Донный клапан для умывальника Globus Lux HG15-03B (Click-clack) Латунь Хром,
9972,000009972,13240219,"Комплектуючі, запчастини та витратні матеріали для сантехніки",13240219,13240208,Оставить Prom,"Донный клапан для умывальника Globus Lux HG15-03A (Click-clack) G1 1/4"" Латунь Хром",
564,000000564,13240219,"Комплектуючі, запчастини та витратні матеріали для сантехніки",13240219,13240208,Оставить Prom,Колено для унитаза Ø110 22.5° VIEGA 101855 полипропилен белое (564),
rs4u16024,ТР-00008182,1250346,Фітинги та крани для поливальних систем,1250346,13100606,Оставить Prom,Кран шаровой компрессионный SANTEHPLAST ф.63 х ВР 2'' для ПЭ труб (ТР-00008182),
rs4u20112,ТР-00008605,1250346,Фітинги та крани для поливальних систем,1250346,13100606,Оставить Prom,Кран шаровый компрессионный SANTEHPLAST D25 с наружной резьбой 3/4'' полипропиленовый черный (ТР-00008605),
rs4u20119,ТР-00008612,1250346,Фітинги та крани для поливальних систем,1250346,13100606,Оставить Prom,Кран шаровой компрессионный SANTEHPLAST D32 ВВ 1х1 Полипропилен Черный (ТР-00008612),
rs4u20124,ТР-00008617,1250346,Фітинги та крани для поливальних систем,1250346,13100606,Оставить Prom,Кран шаровый SANTEHPLAST полипропиленовый зажимной ЗВ 32x1'' черный (ТР-00008617),
rs4u20123,ТР-00008616,1250346,Фітинги та крани для поливальних систем,1250346,13100606,Оставить Prom,Кран шаровый зажимной SANTEHPLAST 32х32 мм полипропиленовый черный с сине-желтым рычагом (ТР-00008616),
rs4u20122,ТР-00008615,1250346,Фітинги та крани для поливальних систем,1250346,13100606,Оставить Prom,Кран шаровый компрессионный SANTEHPLAST ЗЗ D63 полипропилен черный/желтый (ТР-00008615),
rs4u20121,ТР-00008614,1250346,Фітинги та крани для поливальних систем,1250346,13100606,Оставить Prom,Кран шаровой зажимной SANTEHPLAST D40 для ПЭ труб полипропиленовый черный (ТР-00008614),
rs4u20120,ТР-00008613,1250346,Фітинги та крани для поливальних систем,1250346,13100606,Оставить Prom,Кран шаровый компрессионный SANTEHPLAST D63 2''x2'' Полипропиленовый Черный (ТР-00008613),
rs4u20118,ТР-00008611,1250346,Фітинги та крани для поливальних систем,1250346,13100606,Оставить Prom,Кран шаровой SANTEHPLAST D50 ЗВ 50x11/2'' PP черный (ТР-00008611),
rs4u20117,ТР-00008610,1250346,Фітинги та крани для поливальних систем,1250346,13100606,Оставить Prom,Кран шаровый зажимной SANTEHPLAST D25 НР 25x3/4'' полипропиленовый черный с желтой ручкой (ТР-00008610),
rs4u20116,ТР-00008609,1250346,Фітинги та крани для поливальних систем,1250346,13100606,Оставить Prom,Кран шаровый зажимной SANTEHPLAST D25 ЗЗ 25х25 Пластик Черный (ТР-00008609),
rs4u20115,ТР-00008608,1250346,Фітинги та крани для поливальних систем,1250346,13100606,Оставить Prom,Кран шаровый компрессионный SANTEHPLAST D20 20х20 Полипропилен Черный (ТР-00008608),
rs4u20111,ТР-00008604,1250346,Фітинги та крани для поливальних систем,1250346,13100606,Оставить Prom,Кран шаровой компрессионный SANTEHPLAST D63 PP черный (ТР-00008604),
rs4u20106,ТР-00008599,1250346,Фітинги та крани для поливальних систем,1250346,13100606,Оставить Prom,Кран шаровой компрессионный SANTEHPLAST D25 ВН 3/4''х3/4'' полипропилен черный (ТР-00008599),
rs4u20105,ТР-00008598,1250346,Фітинги та крани для поливальних систем,1250346,13100606,Оставить Prom,Кран зажимной шаровый SANTEHPLAST D20 ЗН 20х1/2'' Полипропиленовый Черный (ТР-00008598),
rs4u20104,ТР-00008597,1250346,Фітинги та крани для поливальних систем,1250346,13100606,Оставить Prom,Кран шаровой SANTEHPLAST ЗВ 20x1/2'' полипропилен черный (ТР-00008597),
rs4u20103,ТР-00008596,1250346,Фітинги та крани для поливальних систем,1250346,13100606,Оставить Prom,Кран шаровой компрессионный SANTEHPLAST D32 ВН 1''x1'' Полипропилен Черный (ТР-00008596),
rs4u20101,ТР-00008594,1250346,Фітинги та крани для поливальних систем,1250346,13100606,Оставить Prom,Кран шаровой SANTEHPLAST D25 ВВ 3/4''x3/4'' полипропиленовый черный (ТР-00008594),
rs4u20099,ТР-00008592,1250346,Фітинги та крани для поливальних систем,1250346,13100606,Оставить Prom,Кран шаровый компрессионный SANTEHPLAST D32 НР 32х1'' полипропилен черный (ТР-00008592),
rs4u20097,ТР-00008590,1250346,Фітинги та крани для поливальних систем,1250346,13100606,Оставить Prom,Компрессионный кран шаровой SANTEHPLAST ЗН 40x1 1/4'' дюйм Полипропилен Черный (ТР-00008590),
rs4u20096,ТР-00008589,1250346,Фітинги та крани для поливальних систем,1250346,13100606,Оставить Prom,Кран шаровый компрессионный SANTEHPLAST D50 ЗЗ 50х50 PP (Полипропилен) Черный ТР-00008589,
14146,000014146,1250346,Фітинги та крани для поливальних систем,1250346,13100606,Оставить Prom,Кран шаровый ПНД Vsplast 25*3/4 &apos;&apos; Н  6003,
7924,000007924,1250346,Фітинги та крани для поливальних систем,1250346,13100606,Оставить Prom,Кран шаровой ПНД Vsplast 25 6001,
7925,000007925,1250346,Фітинги та крани для поливальних систем,1250346,13100606,Оставить Prom,Кран шаровый ПНД Vsplast  32  6001,
7923,000007923,1250346,Фітинги та крани для поливальних систем,1250346,13100606,Оставить Prom,Кран шаровый ПНД Vsplast  20  6001,
Pr56294,SP000054046,130103,"Крани, змішувачі",130103,130119,Оставить Prom,RSKT13 змішувач для ванної кімнати VALESO (PVD чорний),
Pr56293,SP000054045,130103,"Крани, змішувачі",130103,130119,Оставить Prom,RSKT10 змішувач для ванної кімнати VALESO (чорний матовий),
Pr56292,SP000054044,130103,"Крани, змішувачі",130103,130119,Оставить Prom,RSKT09 змішувач для ванної кімнати VALESO (хром),
Pr56291,SP000054043,130103,"Крани, змішувачі",130103,130119,Оставить Prom,RSKT08 змішувач для ванної кімнати VALESO (хром),
Pr56290,SP000054042,130103,"Крани, змішувачі",130103,130119,Оставить Prom,RSKT02 змішувач для ванної кімнати VALESO (PVD чорний),
Pr56289,SP000054041,130103,"Крани, змішувачі",130103,130119,Оставить Prom,RSKT01 змішувач для ванної кімнати VALESO (хром),
Pr56283,SP000054035,130103,"Крани, змішувачі",130103,130119,Оставить Prom,MC010 змішувач для умивальника VALESO (браш),
Pr56282,SP000054034,130103,"Крани, змішувачі",130103,130119,Оставить Prom,MC009 змішувач для умивальника VALESO (хром),
Pr56277,SP000054029,130103,"Крани, змішувачі",130103,130119,Оставить Prom,DQ19 змішувач для умивальника VALESO (PVD чорнй),
Pr56276,SP000054028,130103,"Крани, змішувачі",130103,130119,Оставить Prom,DQ18 змішувач для умивальника VALESO (чоорний матовий),
Pr56275,SP000054027,130103,"Крани, змішувачі",130103,130119,Оставить Prom,DQ17 змішувач для умивальника VALESO (браш),
Pr56273,SP000054025,130103,"Крани, змішувачі",130103,130119,Оставить Prom,BW158 змішувач для умивальника VALESO (колір чорний + хром),
Pr56272,SP000054024,130103,"Крани, змішувачі",130103,130119,Оставить Prom,BW157 змішувач для умивальника VALESO (колір білий + хром),
Pr56271,SP000054023,130103,"Крани, змішувачі",130103,130119,Оставить Prom,BW156 змішувач для умивальника VALESO (колір чорний + хром),
Pr56270,SP000054022,130103,"Крани, змішувачі",130103,130119,Оставить Prom,BW155 змішувач для умивальника VALESO (колір білий + хром),
Pr56269,SP000054021,130103,"Крани, змішувачі",130103,130119,Оставить Prom,BW154 змішувач для умивальника VALESO (колір чорний + хром),
Pr56268,SP000054020,130103,"Крани, змішувачі",130103,130119,Оставить Prom,BW153 змішувач для умивальника VALESO (колір білий + хром),
Pr56267,SP000054019,130103,"Крани, змішувачі",130103,130119,Оставить Prom,NE94 змішувач для умивальника VALESO (PVD чорний),
Pr56266,SP000054018,130103,"Крани, змішувачі",130103,130119,Оставить Prom,NE93 змішувач для умивальника VALESO (хром),
Pr56265,SP000054017,130103,"Крани, змішувачі",130103,130119,Оставить Prom,NE92 змішувач для умивальника VALESO (хром),
Pr56264,SP000054016,130103,"Крани, змішувачі",130103,130119,Оставить Prom,NE80 змішувач для умивальника VALESO (хром),
Pr56229,SP000053981,130103,"Крани, змішувачі",130103,130119,Оставить Prom,NSA 190 змішувач для гігієнічного душу VALESO (хром),
Pr55086,SP000052921,130103,"Крани, змішувачі",130103,130119,Оставить Prom,"Смеситель для ванны VALESO KT 15, однорычажный, с поворотным изливом и душевым комплектом, нержавеющая сталь (SP000052921)",
Pr55105,SP000052940,130103,"Крани, змішувачі",130103,130119,Оставить Prom,"Смеситель для ванны и душа NSR 007 VALESO, однорычажный, брашированный, с душевым комплектом, цвет Сатин (SP000052940)",
Pr38460,SP000037808,130103,"Крани, змішувачі",130103,130119,Оставить Prom,Смеситель для гидробокса Platinum SF0954 (без излива),
SD00057308,SD00057308,130106,Лійки для душу,130106,13240217,Оставить Prom,"Лейка для ручного душа Lidz Nexus, из прочного ABS-пластика, современный дизайн (SD00057308)",
SD00055634,SD00055634,130106,Лійки для душу,130106,13240217,Оставить Prom,"Лейка для ручного душа Lidz Kubis LDKUB253833049510, Пластик, Никель (SD00055634)",
SD00055636,SD00055636,130106,Лійки для душу,130106,13240217,Оставить Prom,"Потолочная лейка для душа Lidz Kubis Helix, квадратная, нержавеющая сталь, цвет Никель (SD00055636)",
SD00055454,SD00055454,130106,Лійки для душу,130106,13240217,Оставить Prom,"Потолочная лейка Lidz Aria, круглая 248х248 мм, из нержавеющей стали, с возможностью изменения угла наклона (SD00055454)",
SD00056706,SD00056706,130106,Лійки для душу,130106,13240217,Оставить Prom,"Верхний душ Qtap Presto, 305x210x40 мм, Пластик, Графит (SD00056706)",
SD00056705,SD00056705,130106,Лійки для душу,130106,13240217,Оставить Prom,"Лейка для душа потолочная Qtap Presto, 305x210x40 мм, пластик, хром (SD00056705)",
SD00056704,SD00056704,130106,Лійки для душу,130106,13240217,Оставить Prom,"Потолочная лейка Qtap Presto QTPRE30521040CRW50580, 305x210x40 мм, хром/белая (SD00056704)",
SD00056695,SD00056695,130106,Лійки для душу,130106,13240217,Оставить Prom,"Лейка для ручного душа Qtap Presto Graphite, из ABS пластика, цвет графит (SD00056695)",
SD00056693,SD00056693,130106,Лійки для душу,130106,13240217,Оставить Prom,"Лейка для ручного душа Qtap Presto, высококачественный ABS-пластик, хромированное покрытие (SD00056693)",
SD00056694,SD00056694,130106,Лійки для душу,130106,13240217,Оставить Prom,"Лейка для ручного душа Qtap Presto, глянцевый хром / белый, из ABS пластика (SD00056694)",
SD00056599,SD00056599,130106,Лійки для душу,130106,13240217,Оставить Prom,Лейка потолочная Qtap Crow QTCRO3052084150475 (SD00056599),
SD00056597,SD00056597,130106,Лійки для душу,130106,13240217,Оставить Prom,Лейка для ручного душа Qtap Crow (118x275x40) для смесителей для ванны и душевой системы (SD00056597),
SD00056100,SD00056100,130106,Лійки для душу,130106,13240217,Оставить Prom,"Лейка для гигиенического душа Qtap (34x152,3x47) для набора для гигиенического душа Nando QTNAN3415234749976",
SD00056101,SD00056101,130106,Лійки для душу,130106,13240217,Оставить Prom,Лейка потолочная Qtap Arvin/Nando для душевых систем (240x305x42) QTARVNAN2403054249977 (SD00056101),
SD00056099,SD00056099,130106,Лійки для душу,130106,13240217,Оставить Prom,Лейка Qtap Arvin/Nando для ручного душа (118x270x45) для смесителей для ванны и душевых систем (SD00056099),
SD00053771,SD00053771,130106,Лійки для душу,130106,13240217,Оставить Prom,Лейка Qtap Evia для ручного душа (260x100x44) для смесителя SD00053771,
SD00053777,SD00053777,130106,Лійки для душу,130106,13240217,Оставить Prom,Лейка потолочная Qtap Tern для душевой системы (300х190х70) SD00053777,
SD00053773,SD00053773,130106,Лійки для душу,130106,13240217,Оставить Prom,Лейка для ручного душа Qtap Tern (80x117x25) для набора для гигиенического душа Evia SD00053773,
SD00053776,SD00053776,130106,Лійки для душу,130106,13240217,Оставить Prom,Лейка потолочная Qtap Evia (260x127x38) для душевой системы (SD00053776),
SD00053774,SD00053774,130106,Лійки для душу,130106,13240217,Оставить Prom,"Лейка для ручного душа Qtap Tern, SD00053774",
SD00050886,SD00050886,130106,Лійки для душу,130106,13240217,Оставить Prom,Ручной душ Qtap Овальный Белый (QTGRA25010640WCR44762),
SD00054705,SD00054705,130106,Лійки для душу,130106,13240217,Оставить Prom,Верхний душ Lidz Astra 22.5 см Пластик Круглый Хром (LDAST48581),
SD00054706,SD00054706,130106,Лійки для душу,130106,13240217,Оставить Prom,Верхний душ Lidz Orion Прямоугольная (LDORI48582),
SD00054704,SD00054704,130106,Лійки для душу,130106,13240217,Оставить Prom,Ручной душ Lidz Orion Прямоугольная (LDORI48580),
SD00054703,SD00054703,130106,Лійки для душу,130106,13240217,Оставить Prom,Ручной душ Lidz Astra 3 режима Пластик Круглый (LDAST48579),
7892,000007892,1250346,Фітинги та крани для поливальних систем,1250346,13100603,Оставить Prom,Колено ПНД компрессионное VSplast 63х63 мм для полиэтиленовых труб Пластик (7892),
7891,000007891,1250346,Фітинги та крани для поливальних систем,1250346,13100603,Оставить Prom,Колено компрессионное для ПНД труб VSplast 4001 50х50 мм Пластик (7891),
5611,000005611,1250346,Фітинги та крани для поливальних систем,1250346,13100603,Оставить Prom,Колено ПНД VSplast 40х40 мм полипропиленовое компрессионное 4001 (5611),
5443,000005443,1250346,Фітинги та крани для поливальних систем,1250346,13100603,Оставить Prom,Колено компрессионное для ПНД труб VSplast В 4002 25x1'' внутренняя резьба Пластик (5443),
5442,000005442,1250346,Фітинги та крани для поливальних систем,1250346,13100603,Оставить Prom,Колено компрессионное ПНД VSplast В 4002 25х3/4'' пластик (5442),
7900,000007900,1250346,Фітинги та крани для поливальних систем,1250346,13100603,Оставить Prom,Колено зажимное VSplast 4003 ПНД 50x2'' (дюйма) с наружной резьбой Полипропилен (7900),
5455,000005455,1250346,Фітинги та крани для поливальних систем,1250346,13100603,Оставить Prom,Колено ПНД VSplast Н 4003 32х1'' с наружной резьбой Пластик (5455),
5454,000005454,1250346,Фітинги та крани для поливальних систем,1250346,13100603,Оставить Prom,Колено ПНД Vsplast 4003 32x3/4'' с наружной резьбой Полипропилен (5454),
5453,000005453,1250346,Фітинги та крани для поливальних систем,1250346,13100603,Оставить Prom,Колено зажимное ПНД VSplast 32x1/2'' Н полипропилен (5453),
5452,000005452,1250346,Фітинги та крани для поливальних систем,1250346,13100603,Оставить Prom,Колено компрессионное ПНД VSplast 25х1'' с наружной резьбой (5452),
5451,000005451,1250346,Фітинги та крани для поливальних систем,1250346,13100603,Оставить Prom,Колено компрессионное ПНД Vsplast 25х3/4'' с наружной резьбой пластик (5451),
5450,000005450,1250346,Фітинги та крани для поливальних систем,1250346,13100603,Оставить Prom,Колено ПНД Vsplast 25x1/2'' Н 4003 с наружной резьбой пластиковое (5450),
5449,000005449,1250346,Фітинги та крани для поливальних систем,1250346,13100603,Оставить Prom,Колено ПНД VSplast 20x3/4'' Н полипропиленовое с наружной резьбой (5449),
5448,000005448,1250346,Фітинги та крани для поливальних систем,1250346,13100603,Оставить Prom,"Колено зажимное ПНД VSplast 20 мм x 1/2'' (Н) с наружной резьбой, полипропилен (5448)",
5446,000005446,1250346,Фітинги та крани для поливальних систем,1250346,13100603,Оставить Prom,"Колено компрессионное для ПНД труб VSplast 32х1'' внутренняя резьба, полипропилен (5446)",
5445,000005445,1250346,Фітинги та крани для поливальних систем,1250346,13100603,Оставить Prom,Колено ПНД компрессионное VSPlast 32x3/4'' В (внутренняя резьба) пластиковое (5445),
5444,000005444,1250346,Фітинги та крани для поливальних систем,1250346,13100603,Оставить Prom,Колено ПНД VSplast 4002 зажимное 32x1/2'' с внутренней резьбой Пластик (5444),
5441,000005441,1250346,Фітинги та крани для поливальних систем,1250346,13100603,Оставить Prom,Колено для ПНД труб VSplast 4002 25х1/2'' с внутренней резьбой Пластиковое (5441),
5440,000005440,1250346,Фітинги та крани для поливальних систем,1250346,13100603,Оставить Prom,"Колено компрессионное VSplast 4002 20х3/4'' внутренняя резьба, полипропилен (5440)",
5439,000005439,1250346,Фітинги та крани для поливальних систем,1250346,13100603,Оставить Prom,Колено компрессионное ПНД VSplast 20x1/2'' В пластиковое черное (5439),
5438,000005438,1250346,Фітинги та крани для поливальних систем,1250346,13100603,Оставить Prom,"Колено ПНД VSplast зажимное 32x32 мм для полиэтиленовых труб, полипропилен (5438)",
5437,000005437,1250346,Фітинги та крани для поливальних систем,1250346,13100603,Оставить Prom,"Колено для ПНД труб VSplast 25x25 мм зажимное, полипропиленовое 4001 (5437)",
5436,000005436,1250346,Фітинги та крани для поливальних систем,1250346,13100603,Оставить Prom,"Колено компрессионное для ПНД труб Vsplast 20х20 мм, полипропилен (5436)",
200d6280-5ab6-4336-b22a-9ee43b442e68,KR5020,13240416,Побутові магістральні фільтри,13240416,13240417,Оставить Prom,"Фильтр для холодной воды KOER KV-25-1/2 (2 колбы 3-х составляющих, картридж PPR+спрессованный уголь) 8 атмосфер 1/2"" (KR5020)",
fbcb9a56-9f9b-4bc0-9b6d-dd792b1b60db,KR5450,13240416,Побутові магістральні фільтри,13240416,13240417,Оставить Prom,"Колба фильтра для холодной воды ВВ20 KOER KV-32-1 (колба, картридж PPR нить) 8 атмосфер 1"" (KR5450)",
6f034349-618a-4a29-9218-73e594219957,KR5874,13240416,Побутові магістральні фільтри,13240416,13240417,Оставить Prom,"Колба фильтра для воды из нерж. стали 8 атм. 1/2"" KOER KV-22-1/2 (KR5874)",
61612eed-45ca-43a2-b8ae-862f5393f266,KR5019,13240416,Побутові магістральні фільтри,13240416,13240417,Оставить Prom,"Фильтр для холодной воды KOER KV-24-1 (колба 3-х складная, картридж PPR) 8 атмосфер 1"" (KR5019)",
421f7d33-7248-4cd5-8b64-a0e1415be357,KR5447,13240416,Побутові магістральні фільтри,13240416,13240417,Оставить Prom,"Колба фильтра для холодной воды ВВ10 KOER KV-29-1 (колба, картридж PPR нить) 8 атмосфер 1"" (KR5447)",
e805eb57-d309-4062-a0f6-5807c3cddcd9,KR5769,13240416,Побутові магістральні фільтри,13240416,13240417,Оставить Prom,"Фильтр для холодной воды KOER KV-26-1 (3 колбы 3-х составляющих, картридж PPR + спрессованный уголь + гранулированный уголь) 8 атмосфер",
43bf78d2-675f-48d2-932b-d8191641d647,KR5021,13240416,Побутові магістральні фільтри,13240416,13240417,Оставить Prom,"Фильтр для холодной воды KOER KV-25-3/4 (2 колбы 3-х составляющие, картридж PPR+спрессованный уголь) 8 атмосфер 3/4"" (KR5021)",
c6f8649f-b912-4313-b7fc-ced18a9f5824,KR5449,13240416,Побутові магістральні фільтри,13240416,13240417,Оставить Prom,"Колба фильтра для холодной воды ВВ10 KOER KV-31-1 (колба, картридж PPR нить) 8 атмосфер 1"" (KR5449)",
d95e75eb-5f63-45bd-bdb6-d5e23fece2d9,KR5875,13240416,Побутові магістральні фільтри,13240416,13240417,Оставить Prom,"Колба фильтра для воды из нерж. стали 8 атм. 3/4"" KOER KV-22-3/4 (KR5875)",
16311436-5068-49de-ad84-7efcbfecc873,KR5017,13240416,Побутові магістральні фільтри,13240416,13240417,Оставить Prom,"Фильтр для холодной воды KOER KV-24-1/2 (колба 3-х складная, картридж PPR) 8 атмосфер 1/2"" (KR5017)",
00097cfd-5ebb-4666-b94c-34c4dc4077dd,KR5636,13240416,Побутові магістральні фільтри,13240416,13240417,Оставить Prom,"Колба фильтра для холодной воды KOER KV-20-1/2 6 атмосфер 1/2"" (KR5636)",
cd4cd688-31bb-4997-8834-78d588f809db,KR5637,13240416,Побутові магістральні фільтри,13240416,13240417,Оставить Prom,"Колба фильтра для холодной воды KOER KV-20-3/4 6 атмосфер 3/4"" (KR5637)",
8a7beecd-53c6-45e6-ba8c-4b9e056bbbf6,KR5768,13240416,Побутові магістральні фільтри,13240416,13240417,Оставить Prom,"Фильтр для холодной воды KOER KV-25-1 (2 колбы 3-х составляющие, картридж PPR + спрессованный уголь) 8 атмосфер 1"" (KR5768)",
78f5b114-f4cd-4725-8f8d-e05b67d614dd,KR5022,13240416,Побутові магістральні фільтри,13240416,13240417,Оставить Prom,"Фильтр для холодной воды KOER KV-26-1/2 (3 колбы 3-х составляющих, картридж PPR+спрессованный/гранулированный уголь) 8 атмосфер 1/2""",
e45ea7fd-df34-4342-a770-1a20acb0ccc4,KR5448,13240416,Побутові магістральні фільтри,13240416,13240417,Оставить Prom,"Колба фильтра для холодной воды ВВ20 KOER KV-30-1 (колба, картридж PPR нить) 8 атмосфер 1"" (KR5448)",
b9ae763e-ec4c-49a1-8f07-7488109b9de6,KR5027,13240416,Побутові магістральні фільтри,13240416,13240417,Оставить Prom,"Фильтр полифосфатный KOER KV-36 1/2"" с латунной резьбой (KR5027)",
2d7c5653-5d0a-412e-9d76-ace2ede790dc,KR5018,13240416,Побутові магістральні фільтри,13240416,13240417,Оставить Prom,"Фильтр для холодной воды KOER KV-24-3/4 (колба 3-х складная, картридж PPR) 8 атмосфер 3/4"" (KR5018)",
fdb5ba7a-f979-445c-8382-ab64b3c0f383,KR5023,13240416,Побутові магістральні фільтри,13240416,13240417,Оставить Prom,"Фильтр для холодной воды KOER KV-26-3/4 (3 колбы 3-х составляющих, картридж PPR+спрессованный/гранулированный уголь) 8 атмосфер 3/4""",
1b3b0930-a960-42be-828e-5a8d9559eeaa,KR5026,13240416,Побутові магістральні фільтри,13240416,13240417,Оставить Prom,"Фильтр полифосфатный для стиральной машины KOER KV-35 3/4"" с латунной резьбой (KR5026)",
a5227e1c-7b99-40c4-ae8d-7dec2de6eb28,EP6234,13240416,Побутові магістральні фільтри,13240416,13240417,Оставить Prom,"Колба фильтра для холодной воды 8 атм. 1/2"" EUROPRODUCT EPV-21-1/2 (EP6234)",
2355b244-664f-42cc-9b59-eb19b51a1485,EP6235,13240416,Побутові магістральні фільтри,13240416,13240417,Оставить Prom,"Колба фильтра для холодной воды 8 атм. 3/4"" EUROPRODUCT EPV-21-3/4 (EP6235)",
rs4u37154,ТР-00025942,13240416,Побутові магістральні фільтри,13240416,13240417,Оставить Prom,"Колба для магистрального фильтра Tiger Filtration BigBlue 20"", с латунными резьбами и фильтрующим модулем, максимальное давление",
rs4u37152,ТР-00025940,13240416,Побутові магістральні фільтри,13240416,13240417,Оставить Prom,"Колба магистрального фильтра Tiger Filtration BigBlue 10"" прозрачная, с латунными резьбами, с картриджем в комплекте (ТР-00025940)",
SD00055646,SD00055646,13240219,"Комплектуючі, запчастини та витратні матеріали для сантехніки",13240219,13240217,Оставить Prom,"Кронштейн для душевой стойки Lidz Kubis 115х35,5х35,5, черный (SD00055646)",
SD00057329,SD00057329,13240219,"Комплектуючі, запчастини та витратні матеріали для сантехніки",13240219,13240217,Оставить Prom,"Кронштейн для лейки Lidz Nexus, Пластик, Хром (SD00057329)",
SD00057328,SD00057328,13240219,"Комплектуючі, запчастини та витратні матеріали для сантехніки",13240219,13240217,Оставить Prom,"Кронштейн лейки Lidz Nexus 1030, Пластик, Хром (SD00057328)",
SD00055456,SD00055456,13240219,"Комплектуючі, запчастини та витратні матеріали для сантехніки",13240219,13240217,Оставить Prom,"Крепление для ручной лейки Lidz Aria LDARI113404049332, универсальное, для душевых систем и смесителей, пластик (SD00055456)",
SD00056690,SD00056690,13240219,"Комплектуючі, запчастини та витратні матеріали для сантехніки",13240219,13240217,Оставить Prom,"Держатель лейки Qtap Presto, для душевой системы, пластик, цвет Графит (SD00056690)",
SD00056691,SD00056691,13240219,"Комплектуючі, запчастини та витратні матеріали для сантехніки",13240219,13240217,Оставить Prom,"Держатель лейки ручного душа Qtap Presto Chrome, для смесителей для ванны, хромированный пластик (SD00056691)",
SD00056689,SD00056689,13240219,"Комплектуючі, запчастини та витратні матеріали для сантехніки",13240219,13240217,Оставить Prom,"Держатель лейки ручного душа Qtap Presto, хромированный пластик, для душевых систем (SD00056689)",
SD00056692,SD00056692,13240219,"Комплектуючі, запчастини та витратні матеріали для сантехніки",13240219,13240217,Оставить Prom,"Держатель лейки для ручного душа Qtap Presto Graphite, для смесителей для ванны, пластиковый (SD00056692)",
SD00055645,SD00055645,13240219,"Комплектуючі, запчастини та витратні матеріали для сантехніки",13240219,13240217,Оставить Prom,"Кронштейн для лейки для ручного душа на стойку Lidz (115х36х36) для душевых систем Kubis 1033,1030 Nickel LDKUB1153636N49521",
SD00056598,SD00056598,13240219,"Комплектуючі, запчастини та витратні матеріали для сантехніки",13240219,13240217,Оставить Prom,Кронштейн для душа Qtap Crow для душевой системы пластиковый (SD00056598),
SD00056115,SD00056115,13240219,"Комплектуючі, запчастини та витратні матеріали для сантехніки",13240219,13240217,Оставить Prom,Держатель ручной лейки для душевых систем Qtap Arvin/Nando Пластик (SD00056115),
SD00056049,SD00056049,13240219,"Комплектуючі, запчастини та витратні матеріали для сантехніки",13240219,13240217,Оставить Prom,Кронштейн для смесителя для ванны Qtap Evia/Tern пластик (SD00056049),
SD00056048,SD00056048,13240219,"Комплектуючі, запчастини та витратні матеріали для сантехніки",13240219,13240217,Оставить Prom,"Кронштейн Qtap Evia/Tern для душевых систем (39x110,3x39) (SD00056048)",
SD00055324,SD00055324,13240219,"Комплектуючі, запчастини та витратні матеріали для сантехніки",13240219,13240217,Оставить Prom,Кронштейн для душа Qtap Grand для смесителей для ванны пластиковый (SD00055324),
SD00055345,SD00055345,13240219,"Комплектуючі, запчастини та витратні матеріали для сантехніки",13240219,13240217,Оставить Prom,Кронштейн для душа Qtap Arvin/Nando/Crow (QTCRONANARV4316435749221),
SD00054711,SD00054711,13240219,"Комплектуючі, запчастини та витратні матеріали для сантехніки",13240219,13240217,Оставить Prom,"Кронштейн Lidz для смесителей Astra 006, 005, Orion 006, 005 LDASTORI48587",
SD00054712,SD00054712,13240219,"Комплектуючі, запчастини та витратні матеріали для сантехніки",13240219,13240217,Оставить Prom,"Кронштейн Lidz для душевых систем Astra 1030, Orion 1030 LDASTORI48588",
rs4u38001,ТР-00027085,13240219,"Комплектуючі, запчастини та витратні матеріали для сантехніки",13240219,13240217,Оставить Prom,"Комплект резиновых прокладок MILLZ MRS-P-053 для смесителя, 8 шт., черный (ТР-00027085)",
9642,000009642,13240219,"Комплектуючі, запчастини та витратні матеріали для сантехніки",13240219,13240217,Оставить Prom,Ограничитель потока TUCAI 202004 9л/минуту,
SD00058113,SD00058113,131018,Труби з полівінілхлориду,131018,131019,Оставить Prom,"Канализационная труба Ostendorf-OSMA KG System d200x5000 мм, ПВХ, SN4, серый (SD00058113)",
SD00058107,SD00058107,131018,Труби з полівінілхлориду,131018,131019,Оставить Prom,"Труба канализационная Ostendorf-OSMA KG System d110x5000 мм, наружная, SN4 (SD00058107)",
SD00058112,SD00058112,131018,Труби з полівінілхлориду,131018,131019,Оставить Prom,"Канализационная труба Ostendorf-OSMA KG System d200×3000 мм, PVC, SN4 (SD00058112)",
SD00058108,SD00058108,131018,Труби з полівінілхлориду,131018,131019,Оставить Prom,"Труба канализационная Ostendorf-OSMA KG System d160x5000 мм, ПВХ, SN4, серый (SD00058108)",
SD00058110,SD00058110,131018,Труби з полівінілхлориду,131018,131019,Оставить Prom,"Труба канализационная Ostendorf-OSMA KG System d200х1000 мм, ПВХ, SN4, серый (SD00058110)",
SD00058109,SD00058109,131018,Труби з полівінілхлориду,131018,131019,Оставить Prom,"Труба канализационная Ostendorf-OSMA KG System d200×500 мм, наружная, SN4 (SD00058109)",
SD00058111,SD00058111,131018,Труби з полівінілхлориду,131018,131019,Оставить Prom,"Труба канализационная Ostendorf-OSMA KG System d200х2000 мм, наружная, SN4 (SD00058111)",
SD00057272,SD00057272,131018,Труби з полівінілхлориду,131018,131019,Оставить Prom,"Труба канализационная Ostendorf-OSMA KG System d110х1000 мм, ПВХ, Оранжевая (SD00057272)",
SD00057299,SD00057299,131018,Труби з полівінілхлориду,131018,131019,Оставить Prom,"Труба канализационная Ostendorf-OSMA KG System d160x2000 мм, наружная, оранжевая (SD00057299)",
SD00057294,SD00057294,131018,Труби з полівінілхлориду,131018,131019,Оставить Prom,"Труба канализационная Ostendorf-OSMA KG System d160x500 мм, d160 мм, Оранжевый (SD00057294)",
SD00057297,SD00057297,131018,Труби з полівінілхлориду,131018,131019,Оставить Prom,"Труба канализационная Ostendorf-OSMA KG System d160×1000 мм, Оранжевый (SD00057297)",
SD00057292,SD00057292,131018,Труби з полівінілхлориду,131018,131019,Оставить Prom,"Труба канализационная Ostendorf-OSMA KG System d110×3000 мм, ПВХ, оранжевая (SD00057292)",
SD00057274,SD00057274,131018,Труби з полівінілхлориду,131018,131019,Оставить Prom,"Труба канализационная Ostendorf-OSMA KG System d110х2000 мм, наружная, PVC (SD00057274)",
SD00057269,SD00057269,131018,Труби з полівінілхлориду,131018,131019,Оставить Prom,"Канализационная труба Ostendorf-OSMA KG System d110×500 мм, Оранжевый (SD00057269)",
SD00057300,SD00057300,131018,Труби з полівінілхлориду,131018,131019,Оставить Prom,"Труба канализационная Ostendorf-OSMA KG System d160×3000 мм, наружная, PVC, Оранжевый (SD00057300)",
Pr51830,SP000049814,130106,Лійки для душу,130106,13240219,Оставить Prom,"Лейка для ручного душа VALESO NSY 014, с фильтром, 4 режима, черная (SP000049814)",
SD00056272,SD00056272,130106,Лійки для душу,130106,13240219,Оставить Prom,"Лейка для душа Qtap Rucni Matt Black 120 мм (3 шт Акционный набор), 3 режима, черная матовая (QTRUCA120O3KBB50148)",
Pr51832,SP000049816,130106,Лійки для душу,130106,13240219,Оставить Prom,Верхний душ Valeso Квадратная Хром (SP000049816),
Pr51831,SP000049815,130106,Лійки для душу,130106,13240219,Оставить Prom,Ручной душ Valeso Круглая Черный (SP000049815),
Pr51829,SP000049813,130106,Лійки для душу,130106,13240219,Оставить Prom,Ручной душ Valeso Овальная Графит (SP000049813),
Pr45965,SP000044361,130106,Лійки для душу,130106,13240219,Оставить Prom,Ручной душ Valeso Круглая 3 режима Графит (SP000044361),
Pr47738,SP000045988,130106,Лійки для душу,130106,13240219,Оставить Prom,Ручной душ Valeso Круглая Черный (SP000045988),
Pr47737,SP000045987,130106,Лійки для душу,130106,13240219,Оставить Prom,Ручной душ Valeso Круглая Нержавеющая сталь (SP000045987),
Pr47736,SP000045986,130106,Лійки для душу,130106,13240219,Оставить Prom,Верхний душ Valeso Круглая Нержавеющая сталь (SP000045986),
Pr45966,SP000044362,130106,Лійки для душу,130106,13240219,Оставить Prom,Ручной душ Valeso Круглая Хром (SP000044362),
Pr45964,SP000044360,130106,Лійки для душу,130106,13240219,Оставить Prom,Ручной душ Valeso NSA085 Круглая Хром (SP000044360),
Pr45963,SP000044359,130106,Лійки для душу,130106,13240219,Оставить Prom,Ручной душ Valeso NSA076 Круглая 3 режима Хром(SP000044359),
Pr45962,SP000044358,130106,Лійки для душу,130106,13240219,Оставить Prom,Комплект леек для тропического душа VALESO NSA061 (Black),
Pr45961,SP000044357,130106,Лійки для душу,130106,13240219,Оставить Prom,Комплект леек для тропического душа VALESO NSA046 (Chrome),
12613,000012613,13240219,"Комплектуючі, запчастини та витратні матеріали для сантехніки",13240219,13100607,Оставить Prom,Переходник резиновый для чаши Генуя NoName 46х40 мм черный (12613),
SD00007055,SD00007055,13240219,"Комплектуючі, запчастини та витратні матеріали для сантехніки",13240219,13100607,Оставить Prom,Переход канализационный TA Sewage 50х32 Резиновый Черный (SD00007055),
SD00007053,SD00007053,13240219,"Комплектуючі, запчастини та витратні матеріали для сантехніки",13240219,13100607,Оставить Prom,Переход канализационный TA Sewage 32х25 мм резиновый черный (SD00007053),
SD00007058,SD00007058,13240219,"Комплектуючі, запчастини та витратні матеріали для сантехніки",13240219,13100607,Оставить Prom,Переход канализационный TA Sewage 110х124 мм резиновый черный для патрубка (SD00007058),
SD00007057,SD00007057,13240219,"Комплектуючі, запчастини та витратні матеріали для сантехніки",13240219,13100607,Оставить Prom,Переход канализационный TA Sewage 50x72 резиновый черный для патрубка (SD00007057),
SD00007056,SD00007056,13240219,"Комплектуючі, запчастини та витратні матеріали для сантехніки",13240219,13100607,Оставить Prom,Переход канализационный TA Sewage 50х40 Резиновый Черный (SD00007056),
SD00007054,SD00007054,13240219,"Комплектуючі, запчастини та витратні матеріали для сантехніки",13240219,13100607,Оставить Prom,Переход канализационный TA Sewage 50х25 редукционный резиновый черный (SD00007054),
22519,000022519,13240219,"Комплектуючі, запчастини та витратні матеріали для сантехніки",13240219,13100607,Оставить Prom,Редукция канализационная VSplast 70/50 резиновая черная (22519),
22516,000022516,13240219,"Комплектуючі, запчастини та витратні матеріали для сантехніки",13240219,13100607,Оставить Prom,Редукция для канализации VSplast 50/40 Резиновая Черная (22516),
22515,000022515,13240219,"Комплектуючі, запчастини та витратні матеріали для сантехніки",13240219,13100607,Оставить Prom,Редукция резиновая VSplast 50/32 мм черная для канализации (22515),
22514,000022514,13240219,"Комплектуючі, запчастини та витратні матеріали для сантехніки",13240219,13100607,Оставить Prom,Редукция для канализации VSplast 50/25 резиновая черная (22514),
22513,000022513,13240219,"Комплектуючі, запчастини та витратні матеріали для сантехніки",13240219,13100607,Оставить Prom,Редукция VSplast резиновая 32/25 черная для канализации и фановых труб (22513),
22512,000022512,13240219,"Комплектуючі, запчастини та витратні матеріали для сантехніки",13240219,13100607,Оставить Prom,Редукция резиновая канализационная VSplast 124/110 черная для унитаза (22512),
22511,000022511,13240219,"Комплектуючі, запчастини та витратні матеріали для сантехніки",13240219,13100607,Оставить Prom,Редукция резиновая VSplast 110 мм (плюшка) черная для канализации (22511),
15839,000015839,13240225,Гігієнічні душі,13240225,130106,Оставить Prom,"Гигиеническая стоп-лейка TOPAZ SH-77, Латунная, Хром (15839)",
rs4u37988,ТР-00027072,13240225,Гігієнічні душі,13240225,130106,Оставить Prom,Гигиенический набор MILLZ MRS-P-041 (Black Matt / Metal) с заменяемой насадкой,
rs4u37987,ТР-00027071,13240225,Гігієнічні душі,13240225,130106,Оставить Prom,Гигиенический набор MILLZ MRS-P-040 (Chrome / Metal) с заменяемой насадкой,
rs4u37986,ТР-00027070,13240225,Гігієнічні душі,13240225,130106,Оставить Prom,Гигиенический набор MILLZ MRS-P-039 (Black Matt / Metal),
rs4u37985,ТР-00027069,13240225,Гігієнічні душі,13240225,130106,Оставить Prom,Гигиенический набор MILLZ хром MRS-P-038,
20809,000020809,13240225,Гігієнічні душі,13240225,130106,Оставить Prom,Душевая гигиеническая стоп-лейка TOPAZ SH77-BL латунь черная,
20777,000020777,13240225,Гігієнічні душі,13240225,130106,Оставить Prom,Душевая гигиеническая стоп-лейка Globus Lux S-170BL,
20810,000020810,13240225,Гігієнічні душі,13240225,130106,Оставить Prom,Душевая гигиеническая стоп-лейка TOPAZ SH88-BL латунь черная,
27004,000027004,13240225,Гігієнічні душі,13240225,130106,Оставить Prom,"Гигиеническая лейка для душа Globus Lux S-388 (с клапаном ""Стоп"") латунь хром",
19601,000019601,13240225,Гігієнічні душі,13240225,130106,Оставить Prom,Душевая гигиеническая стоп-лейка Globus Lux S-288 латунь хром,
16263,000016263,13240225,Гігієнічні душі,13240225,130106,Оставить Prom,"Гигиеническая лейка для душа Globus Lux S-177 (с клапаном ""Стоп"")",
15060,000015060,13240225,Гігієнічні душі,13240225,130106,Оставить Prom,Гигиеническая лейка для душа Globus Lux S-377 (Нержавеющая сталь),
12263,000012263,13240225,Гігієнічні душі,13240225,130106,Оставить Prom,Гигиеническая лейка для душа Globus Lux S-277 (Латунь / Chrome),
9970,000009970,13240225,Гігієнічні душі,13240225,130106,Оставить Prom,Душевая гигиеническая стоп-лейка Globus Lux S-177B,
rs4u38558,ТР-00027610,607,"Водонагрівачі, бойлери, колонки",607,13241102,Оставить Prom,"Бойлер накопительный RENS PERFORMAX SE10-20/U, 10 л, 2000 Вт, мокрый ТЭН, вертикальный, под мойку, эмалированная сталь, белый",
rs4u38551,ТР-00027603,607,"Водонагрівачі, бойлери, колонки",607,13241102,Оставить Prom,"Бойлер накопительный RENS COMFORT RE100-15W, объем 100 л, мокрый ТЭН 1500 Вт, механическое управление (ТР-00027603)",
rs4u38856,ТР-00027928,607,"Водонагрівачі, бойлери, колонки",607,13241102,Оставить Prom,"Бойлер накопительный RENS Eco RE80-12/RW, 80 л, круглый, 1200 Вт, мокрый ТЭН, с механическим терморегулятором (ТР-00027928)",
rs4u38855,ТР-00027927,607,"Водонагрівачі, бойлери, колонки",607,13241102,Оставить Prom,"Накопительный бойлер RENS Eco RE50-12/RW, 50 л, 1200 Вт, мокрый ТЭН, круглый (ТР-00027927)",
rs4u38800,ТР-00027870,607,"Водонагрівачі, бойлери, колонки",607,13241102,Оставить Prom,"Водонагреватель накопительный WHP Jack 100, с Сухим ТЭНом 2000 Вт, 100 л (ТР-00027870)",
rs4u38798,ТР-00027868,607,"Водонагрівачі, бойлери, колонки",607,13241102,Оставить Prom,"Водонагреватель накопительный WHP Jack 50, 50 л, 2000 Вт, сухой ТЭН, цилиндрический (ТР-00027868)",
rs4u38560,ТР-00027612,607,"Водонагрівачі, бойлери, колонки",607,13241102,Оставить Prom,"Бойлер накопительный RENS PERFORMAX SE15-25/U, 15 л, 2500 Вт, мокрый ТЭН, квадратный, под мойку (ТР-00027612)",
rs4u38559,ТР-00027611,607,"Водонагрівачі, бойлери, колонки",607,13241102,Оставить Prom,"Бойлер накопительный RENS PERFORMAX SE15-25/O, 15 л, 2500 Вт, с мокрым ТЭНом, квадратный, для установки над мойкой (ТР-00027611)",
rs4u38556,ТР-00027608,607,"Водонагрівачі, бойлери, колонки",607,13241102,Оставить Prom,"Бойлер накопительный RENS FD80-20/F10, плоский 80 л, сухой ТЭН, 2000 Вт, белый (ТР-00027608)",
rs4u38554,ТР-00027606,607,"Водонагрівачі, бойлери, колонки",607,13241102,Оставить Prom,"Водонагреватель накопительный RENS PERFORMAX RD100-15/F10, 100 л, с Сухим ТЭНом, 1500 Вт, Премиум класс (ТР-00027606)",
rs4u38553,ТР-00027605,607,"Водонагрівачі, бойлери, колонки",607,13241102,Оставить Prom,"Бойлер накопительный RENS PERFORMAX RD80-15/F10, 80л, сухой ТЭН, 1500 Вт, круглый (ТР-00027605)",
rs4u38552,ТР-00027604,607,"Водонагрівачі, бойлери, колонки",607,13241102,Оставить Prom,"Бойлер накопительный RENS PERFORMAX RD50-15/F10, 50 л, 1500 Вт, с сухим ТЭНом и предохранительным клапаном, круглый, вертикальный",
rs4u38550,ТР-00027602,607,"Водонагрівачі, бойлери, колонки",607,13241102,Оставить Prom,"Водонагреватель накопительный RENS COMFORT RE80-15W, 80 л, 1500 Вт, мокрый ТЭН, механическое управление (ТР-00027602)",
rs4u38549,ТР-00027601,607,"Водонагрівачі, бойлери, колонки",607,13241102,Оставить Prom,"Бойлер накопительный RENS COMFORT RE50-15W, 50 л, 1500 Вт, мокрый ТЭН, круглый, вертикальный, белый (ТР-00027601)",
14767,000014767,130103,"Крани, змішувачі",130103,13240217,Оставить Prom,Кран-дозатор для писсуара TOPAZ TP-0201 (TP-0201A),
19616,000019616,130103,"Крани, змішувачі",130103,13240217,Оставить Prom,"Монокран сенсорный для умывальника HOTEC 19.131C, с трансформатором, холодная вода, латунь, хром (19616)",
21927,000021927,130103,"Крани, змішувачі",130103,13240217,Оставить Prom,Серцевина аератора F-333-ABS для змішувача під Осмос 0333 серцевина пласт.,
1641,000001641,130103,"Крани, змішувачі",130103,13240217,Оставить Prom,"Смеситель-дозатор для душа Tremolada TREMO-468MIX (порциональный, латунь) (000001641)",
755,000000755,130103,"Крани, змішувачі",130103,13240217,Оставить Prom,Кран-дозатор для писсуара TREMOLADA ТREMO-472А ЛАТУНЬ Хром (755),
2009,000002009,130103,"Крани, змішувачі",130103,13240217,Оставить Prom,"Кран КРС для унитаза Solomon MO2305 ЛАТУНЬ с дополнительной регулировкой, хром (2009)",
14222,000014222,130103,"Крани, змішувачі",130103,13240217,Оставить Prom,Смеситель инфракрасный для умывальника TREMOLADA TREMO-8503,
11976,000011976,130103,"Крани, змішувачі",130103,13240217,Оставить Prom,"Кран для промывки (унитаза) Quality Professional KРС MO2304 ЛАТУНЬ Хром 3/4""",
3007,000003007,130103,"Крани, змішувачі",130103,13240217,Оставить Prom,Кран-дозатор для писсуара Solomon GDU-102 Латунь Хром (3007),
2451,000002451,130103,"Крани, змішувачі",130103,13240217,Оставить Prom,Кран-дозатор для писсуара Solomon LGE-043 ЛАТУНЬ Хром (2451),
1925,000001925,130103,"Крани, змішувачі",130103,13240217,Оставить Prom,"Кран дозатор для умывальника Tremolada-204, порционный, функция мини-фонтанчика, латунь, хром (1925)",
753,000000753,130103,"Крани, змішувачі",130103,13240217,Оставить Prom,Кран-дозатор для унитаза TREMOLADA TREMO-471 ЛАТУНЬ Хром (753),
544,000000544,130103,"Крани, змішувачі",130103,13240217,Оставить Prom,Кран-дозатор для писсуара TREMOLADA ТREMO 316,
SD00049576,SD00049576,153504,Датчики для розумного будинку,153504,153503,Оставить Prom,Датчик протока беспроводной Thermo Alliance ZB-ZFS для системы умного дома (SD00049576),
SD00049564,SD00049564,153504,Датчики для розумного будинку,153504,153503,Оставить Prom,Датчик открытия беспроводной Thermo Alliance WiFi MS-WD002 для системы умного дома (SD00049564),
SD00049572,SD00049572,153504,Датчики для розумного будинку,153504,153503,Оставить Prom,"Беспроводной датчик дыма Thermo Alliance ZB-ZSA, интеллектуальный, ZigBee 3.0 (SD00049572)",
SD00049566,SD00049566,153504,Датчики для розумного будинку,153504,153503,Оставить Prom,"Беспроводной датчик дыма Thermo Alliance WF-SSD с Wi-Fi, оптическим и звуковым оповещением (SD00049566)",
SD00049571,SD00049571,153504,Датчики для розумного будинку,153504,153503,Оставить Prom,"Беспроводной датчик температуры и влажности Thermo Alliance ZB-ZTH, ZigBee 3.0, с дисплеем (SD00049571)",
SD00049570,SD00049570,153504,Датчики для розумного будинку,153504,153503,Оставить Prom,Беспроводной датчик температуры и влажности Thermo Alliance ZB-XTH для систем умного дома (SD00049570),
SD00049569,SD00049569,153504,Датчики для розумного будинку,153504,153503,Оставить Prom,"Беспроводной датчик температуры и влажности Thermo Alliance WF-THP с сиреной, Wi-Fi, точный мониторинг (SD00049569)",
SD00049573,SD00049573,153504,Датчики для розумного будинку,153504,153503,Оставить Prom,"Беспроводной датчик газа Thermo Alliance ZB-ZGP, ZigBee 3.0, с обнаружением природного и угарного газа, сетевой (SD00049573)",
SD00049567,SD00049567,153504,Датчики для розумного будинку,153504,153503,Оставить Prom,"Детектор газа Thermo Alliance WF-GLD, с Wi-Fi, для умного дома (SD00049567)",
SD00049574,SD00049574,153504,Датчики для розумного будинку,153504,153503,Оставить Prom,"Датчик открытия беспроводной Thermo Alliance ZB-XGM, ZigBee 3.0, для умного дома (SD00049574)",
SD00049575,SD00049575,153504,Датчики для розумного будинку,153504,153503,Оставить Prom,"Детектор движения Thermo Alliance ZB-XIS, беспроводной, ZigBee 3.0, для Умного дома (SD00049575)",
SD00049565,SD00049565,153504,Датчики для розумного будинку,153504,153503,Оставить Prom,"Беспроводной детектор движения Thermo Alliance WF-SMS с Wi-Fi, для TUYA Smart / Smart Life (SD00049565)",
SD00049563,SD00049563,153504,Датчики для розумного будинку,153504,153503,Оставить Prom,Датчик контроля протечки воды Thermo Alliance WF-SWD Smart Wi-Fi для системы Умный дом (SD00049563),
rs4u17286,00000005910,15370405,Лічильники води,15370405,13241502,Оставить Prom,"Водосчетчик Gross для горячей воды, 3/4'' (ДУ 20), номинальный расход 2.5 м³/ч, чугунный, сухоход, без штуцера (00000005910)",
rs4u17280,00000016709,15370405,Лічильники води,15370405,13241502,Оставить Prom,"Водосчетчик Gross 3/4"" для холодной воды, чугунный корпус, 2.5 м³/час (00000016709)",
rs4u17292,00000016303,15370405,Лічильники води,15370405,13241502,Оставить Prom,"Счетчик воды Gross, для горячей воды, чугунный, 1/2'', монтажная длина 110 мм (00000016303)",
rs4u37079,ТР-00025809,15370405,Лічильники води,15370405,13241502,Оставить Prom,"Счетчик для холодной воды Gross ETR-C(H) 1/2 дюйма, R50H/40V, 110 мм (без штуцеров) (ТР-00025809)",
rs4u37078,ТР-00025808,15370405,Лічильники води,15370405,13241502,Оставить Prom,"Счетчик воды Gross ETR-C(H) для горячей воды, 1/2'', чугунный корпус (ТР-00025808)",
rs4u35290,ТР-00024060,15370405,Лічильники води,15370405,13241502,Оставить Prom,"Счетчик воды Метрон SDН smart 3/4'' 2.5 м³/ч, для горячей воды, с импульсным выходом (ТР-00024060)",
rs4u31946,ТР-00020622,15370405,Лічильники води,15370405,13241502,Оставить Prom,"Счетчик холодной воды B METERS, 1/2"", 110 мм, механический, одноструйный, сухой, с монтажными штуцерами, Италия (ТР-00020622)",
rs4u31945,ТР-00020621,15370405,Лічильники води,15370405,13241502,Оставить Prom,"Счетчик воды B METERS 1/2"" 110мм для горячей воды, механический, с монтажными штуцерами, Италия (ТР-00020621)",
rs4u20836,ТР-00009341,15370405,Лічильники води,15370405,13241502,Оставить Prom,"Счетчик воды B METERS 1/2'' 80мм, крыльчатый, для горячей воды, с монтажными штуцерами, красный (ТР-00009341)",
rs4u20835,ТР-00009340,15370405,Лічильники води,15370405,13241502,Оставить Prom,"Счетчик холодной воды B METERS, механический, одноструйный, 1/2"", 80 мм, синий (ТР-00009340)",
rs4u17293,00000016304,15370405,Лічильники води,15370405,13241502,Оставить Prom,"Счетчик воды Gross для холодной воды, 1/2'', чугунный корпус, 110 мм (00000016304)",
rs4u17283,00000005137,15370405,Лічильники води,15370405,13241502,Оставить Prom,"Счетчик воды HidroTech КВ 1/2'' крыльчатый, для холодной воды, латунный, со штуцерами (00000005137)",
rs4u17282,00000005136,15370405,Лічильники води,15370405,13241502,Оставить Prom,"Счетчик воды HidroTech Е-Т 1,5-U, для горячей воды, со штуцерами, 1/2"", 1.5 м³/ч (00000005136)",
rs4u33904,ТР-00022588,13100603,"Відводи, обходи",13100603,13100642,Оставить Prom,"Обвод PPR ASCO длинный, Ø20 мм, серый (ТР-00022588)",
rs4u34248,ТР-00022932,13100603,"Відводи, обходи",13100603,13100642,Оставить Prom,Обвод короткий для водоснабжения ASCO® PPR Ø25 мм белый полипропилен (ТР-00022932),
rs4u34247,ТР-00022931,13100603,"Відводи, обходи",13100603,13100642,Оставить Prom,"Обвод короткий для водоснабжения ASCO PPR Ø20 мм, белый (ТР-00022931)",
rs4u34246,ТР-00022930,13100603,"Відводи, обходи",13100603,13100642,Оставить Prom,Обвод длинный для водоснабжения ASCO PPR Ø40 мм белый (ТР-00022930),
rs4u34245,ТР-00022929,13100603,"Відводи, обходи",13100603,13100642,Оставить Prom,Обвод длинный ASCO® PPR Ø32 белый для водоснабжения (ТР-00022929),
rs4u33910,ТР-00022594,13100603,"Відводи, обходи",13100603,13100642,Оставить Prom,Обвод короткий для водоснабжения PPR ASCO® Ø32 мм серый (ТР-00022594),
rs4u33909,ТР-00022593,13100603,"Відводи, обходи",13100603,13100642,Оставить Prom,Обвод короткий для водоснабжения PPR ASCO® Ø25 серый (ТР-00022593),
rs4u33908,ТР-00022592,13100603,"Відводи, обходи",13100603,13100642,Оставить Prom,Обвод короткий для водоснабжения/отопления ASCO PPR Ø20 серый (ТР-00022592),
rs4u33907,ТР-00022591,13100603,"Відводи, обходи",13100603,13100642,Оставить Prom,Обвод длинный PPR ASCO® для водоснабжения/отопления Ø40 мм серый (ТР-00022591),
rs4u33906,ТР-00022590,13100603,"Відводи, обходи",13100603,13100642,Оставить Prom,"Обвод длинный для отопления/водоснабжения PPR ASCO® Ø32, серый (ТР-00022590)",
rs4u33905,ТР-00022589,13100603,"Відводи, обходи",13100603,13100642,Оставить Prom,"Обвод длинный PPR ASCO® Ø25 для отопления/водоснабжения полипропилен, серый (ТР-00022589)",
SD00057009,SD00057009,14210101,Газові котли,14210101,13240302,Оставить Prom,"Газовый котел Airfel Optimum Premix, 42 кВт, Двухконтурный (SD00057009)",
SD00055955,SD00055955,14210101,Газові котли,14210101,13240302,Оставить Prom,"Газовый котел Thermo Alliance Ewa System 28, 28 кВт, Одноконтурный, с комнатным термостатом и коаксиальным дымоходом (SD00055955)",
SD00055954,SD00055954,14210101,Газові котли,14210101,13240302,Оставить Prom,"Газовый котел Thermo Alliance EWA 28 кВт, Двухконтурный, Конденсационный, с комнатным термостатом и коаксиальным дымоходом",
SD00051432,SD00051432,14210101,Газові котли,14210101,13240302,Оставить Prom,"Газовый котел Thermo Alliance EWA SYSTEM 24, 24 кВт, Одноконтурный, с комнатным термостатом и коаксиальным дымоходом (SD00051432)",
SD00050508,SD00050508,14210101,Газові котли,14210101,13240302,Оставить Prom,"Газовый котел Thermo Alliance EWA 24, 24 кВт, Двухконтурный, Конденсационный, с термостатом и коаксиальным дымоходом (SD00050508)",
SD00055268,SD00055268,14210101,Газові котли,14210101,13240302,Оставить Prom,"Газовый конденсационный котел Airfel Optimum Premix 30 кВт, Двухконтурный, с коаксиальным дымоходом и комнатным термостатом",
SD00055269,SD00055269,14210101,Газові котли,14210101,13240302,Оставить Prom,"Газовый котел Airfel Optimum Premix 36 кВт, Двухконтурный, с коаксиальным дымоходом и комнатным термостатом (SD00055269)",
SD00053195,SD00053195,14210101,Газові котли,14210101,13240302,Оставить Prom,"Газовый котел Airfel Optimum Premix, 23 кВт, Двухконтурный, с комнатным термостатом и коаксиальным дымоходом (SD00053195)",
SD00050492,SD00050492,14210101,Газові котли,14210101,13240302,Оставить Prom,"Газовый котел Airfel Maestro Comfort A2CPP024, 24 кВт, двухконтурный, конденсационный, с коаксиальным дымоходом и термостатом",
SD00020237,SD00020237,14210101,Газові котли,14210101,13240302,Оставить Prom,"Газовый конденсационный котел Airfel DigiFEL Premix 36 кВт, двухконтурный, с коаксиальным комплектом дымохода и программируемым",
SD00005425,SD00005425,14210101,Газові котли,14210101,13240302,Оставить Prom,"Газовый котел Airfel DigiFEL Premix, 30 кВт, двухконтурный, с комнатным термостатом и коаксиальным дымоходом (SD00005425)",
rs4u19497,00000014706,13100602,Заглушки,1250346,13100602,Использовать XML,"Заглушка компрессионная SANTEHPLAST STP для ПЭ труб Ø25 мм, пластиковая, черная (00000014706)",
rs4u19501,00000014710,13100602,Заглушки,1250346,13100602,Использовать XML,Заглушка для ПЭ труб SANTEHPLAST STP Ø63 мм Пластик Черная (00000014710),
rs4u19493,ТР-00000471,13100602,Заглушки,1250346,13100602,Использовать XML,Заглушка для ПЭ труб SANTEHPLAST STP Ø110 Пластиковая Черная (ТР-00000471),
rs4u19500,00000014709,13100602,Заглушки,1250346,13100602,Использовать XML,Заглушка для труб SANTEHPLAST STP компрессионная Ø50 мм Пластик Черная (00000014709),
rs4u19499,00000014708,13100602,Заглушки,1250346,13100602,Использовать XML,Заглушка компрессионная для ПЭ труб SANTEHPLAST STP Ø40 Пластик Черная (00000014708),
rs4u19498,00000014707,13100602,Заглушки,1250346,13100602,Использовать XML,Заглушка компрессионная SANTEHPLAST STP Ø32 мм Пластик Черная (00000014707),
rs4u19496,00000014705,13100602,Заглушки,1250346,13100602,Использовать XML,Заглушка для ПЭ труб SANTEHPLAST STP Ø20 мм Пластиковая Черная (00000014705),
7919,000007919,13100602,Заглушки,1250346,13100602,Использовать XML,Заглушка компрессионная для ПНД трубы Vsplast 5003 32 мм Пластиковая (7919),
7917,000007917,13100602,Заглушки,1250346,13100602,Использовать XML,Заглушка компрессионная для ПНД труб VSplast 20 мм Пластиковая (7917),
Pr56288,SP000054040,13240224,Аксесуари для кухонних мийок,130105,13240224,Использовать XML,"NKTB048 дозатор для рідкого мила VALESO (500 ml, чорний матовий)",
Pr56287,SP000054039,13240224,Аксесуари для кухонних мийок,130105,13240224,Использовать XML,"NKTB047 дозатор для рідкого мила VALESO (500 ml, PVD чорний)",
Pr56286,SP000054038,13240224,Аксесуари для кухонних мийок,130105,13240224,Использовать XML,"NKTB046 дозатор для рідкого мила VALESO (500 ml, браш)",
Pr56285,SP000054037,13240224,Аксесуари для кухонних мийок,130105,13240224,Использовать XML,"NKTB045 дозатор для рідкого мила VALESO (500 ml, хром)",
Pr56217,SP000053969,13240224,Аксесуари для кухонних мийок,130105,13240224,Использовать XML,SP116C дозатор настінний білий VALESO,
Pr56216,SP000053968,13240224,Аксесуари для кухонних мийок,130105,13240224,Использовать XML,SPP116B дозатор настінний чорний VALESO,
Pr16059,SP000022511,13240224,Аксесуари для кухонних мийок,130105,13240224,Использовать XML,Дозатор для жидкого мыла Platinum 71727,
Pr51844,SP000049828,13240224,Аксесуари для кухонних мийок,130105,13240224,Использовать XML,Дозатор настенный белый VALESO NSZ 007 (280 мл),
Pr51843,SP000049827,13240224,Аксесуари для кухонних мийок,130105,13240224,Использовать XML,Дозатор настенный черный VALESO NSZ 007 (280 мл),
Pr51823,SP000049807,13018005,Полки і етажерки для ванних кімнат,130122,13018005,Использовать XML,"Комплект креплений для полочек с хромированными декоративными заглушками, надежный монтаж (SP000049807)","Крепления полки, заглушки хром. Решение пользователя: рядом с полками."
Pr51822,SP000049806,13018005,Полки і етажерки для ванних кімнат,130122,13018005,Использовать XML,"Крепления (дюбели) для полок, с декоративными заглушками, цвет ""браш"" (SP000049806)","Крепления полки, заглушки браш. Цветовой вариант."
Pr55127,SP000052962,130122,Тримачі рушників,130122,13018005,Оставить Prom,"Полка для ванной комнаты Valeso DFGD11A, с интегрированным держателем для полотенец, матовая нержавеющая сталь (SP000052962)",Решётчатая полка исключительно для полотенец; полотенцедержатель.
23801,000023801,130122,Тримачі рушників,130122,13018005,Оставить Prom,Полка для полотенец для ванной HOTEC 312 Сатин Нержавеющая сталь (000023801),Решётчатая конструкция для полотенец HOTEC.
Pr51838,SP000049822,13018005,Полки і етажерки для ванних кімнат,130122,13018005,Использовать XML,Полка для ванной с полотенцедержателем Valeso 015 Хром Прямая Латунь (SP000049822),"VALESO 015: полноценная полка для косметики, нижние держатели."
Pr51837,SP000049821,13018005,Полки і етажерки для ванних кімнат,130122,13018005,Использовать XML,Полка для ванной с полотенцедержателем Valeso 014 Хром Прямая Латунь (SP000049821),VALESO 014: описание поставщика подтверждает хранение косметики.
Pr51836,SP000049820,13018005,Полки і етажерки для ванних кімнат,130122,13018005,Использовать XML,Полка для ванной с полотенцедержателем Valeso 010 Хром Прямая Нержавеющая сталь (SP000049820),"VALESO 010: основное назначение полка, снизу три крючка."
Pr51835,SP000049819,130122,Тримачі рушників,130122,13018005,Оставить Prom,Поворотный полотенцедержатель для ванной VALESO NSM 008 (на 4 планки),Четыре поворотных рожка — полотенцедержатель.
Pr51824,SP000049808,13018005,Полки і етажерки для ванних кімнат,130122,13018005,Использовать XML,Крепление (дюбеля) для полочек (с заглушками черными)(SP000049808),"Крепления полок, заглушки чёрные. Цветовой вариант."
rs4u34122,ТР-00022806,13100629,Фільтри грубої очистки,13100629,13100633,Оставить Prom,Фильтр грубой очистки ASCO PPR Ø32 ВВ полипропилен серый (ТР-00022806),
rs4u34121,ТР-00022805,13100629,Фільтри грубої очистки,13100629,13100633,Оставить Prom,Фильтр грубой очистки для водоснабжения PPR ASCO® Ø25 ВВ полипропилен серый,
rs4u34120,ТР-00022804,13100629,Фільтри грубої очистки,13100629,13100633,Оставить Prom,Фильтр грубой очистки для водоснабжения PPR ASCO® Ø20 ВВ полипропилен серый (ТР-00022804),
rs4u34118,ТР-00022802,13100629,Фільтри грубої очистки,13100629,13100633,Оставить Prom,Фильтр грубой очистки ASCO Ø32 PPR ВН (внутренняя-наружная резьба) серый полипропилен для водоснабжения (ТР-00022802),
rs4u34117,ТР-00022801,13100629,Фільтри грубої очистки,13100629,13100633,Оставить Prom,Фильтр грубой очистки для водоснабжения ASCO PPR Ø25 ВН полипропилен серый,
rs4u21720,ТР-00010217,13100629,Фільтри грубої очистки,13100629,13100633,Оставить Prom,"Фильтр грубой очистки для водоснабжения ASCO PPR Ø32 внутренний, белый (ТР-00010217)",
rs4u21719,ТР-00010216,13100629,Фільтри грубої очистки,13100629,13100633,Оставить Prom,Фильтр грубой очистки для водоснабжения ASCO PPR Ø25 внутренний-внутренний полипропилен белый (ТР-00010216),
rs4u21718,ТР-00010215,13100629,Фільтри грубої очистки,13100629,13100633,Оставить Prom,"Фильтр грубой очистки для водоснабжения ASCO PPR Ø20 Внутренний, белый (ТР-00010215)",
rs4u21710,ТР-00010207,13100629,Фільтри грубої очистки,13100629,13100633,Оставить Prom,Фильтр грубой очистки для водоснабжения ASCO PPR Ø25 ВН полипропилен белый (ТР-00010207),
SD00057325,SD00057325,801214,Кільця гумові,801214,801216,Оставить Prom,Уплотнительное кольцо Ostendorf-OSMA HT-System PLUS d40 (SD00057325),
SD00058098,SD00058098,801214,Кільця гумові,801214,801216,Оставить Prom,"Уплотнительное кольцо Ostendorf-OSMA KG System d200, наружная канализация, черный (SD00058098)",
SD00057327,SD00057327,801214,Кільця гумові,801214,801216,Оставить Prom,"Уплотнительное кольцо Ostendorf-OSMA 880050 HT-System PLUS для системы канализации, 110 мм, черное (SD00057327)",
SD00057324,SD00057324,801214,Кільця гумові,801214,801216,Оставить Prom,"Уплотнительное кольцо Ostendorf-OSMA 880000 для внутренней канализации, d32, резина, черное (SD00057324)",
SD00057326,SD00057326,801214,Кільця гумові,801214,801216,Оставить Prom,Уплотнительное кольцо Ostendorf-OSMA HT-System PLUS d50 (SD00057326),
SD00057252,SD00057252,801214,Кільця гумові,801214,801216,Оставить Prom,"Уплотнительное кольцо Ostendorf-OSMA KG System d160, черное, материал резина (SD00057252)",
SD00057251,SD00057251,801214,Кільця гумові,801214,801216,Оставить Prom,Уплотнительное кольцо Ostendorf-OSMA KG System d110 (SD00057251),
SD00008081,SD00008081,801214,Кільця гумові,801214,801216,Оставить Prom,Резинка уплотнительная TA Sewage 110,
SD00008080,SD00008080,801214,Кільця гумові,801214,801216,Оставить Prom,Резинка уплотнительная TA Sewage 50,
rs4u37742,ТР-00026836,130184,Кришки для унітазів,130184,13240219,Оставить Prom,Сиденье для унитаза с крышкой MILLZ Олимпия пластиковое белое (ТР-00026836),
rs4u37740,ТР-00026834,130184,Кришки для унітазів,130184,13240219,Оставить Prom,Сиденье для унитаза с крышкой MILLZ Астра Пластик белое (ТР-00026834),
rs4u37739,ТР-00026833,130184,Кришки для унітазів,130184,13240219,Оставить Prom,Сиденье для унитаза с крышкой MILLZ Сатурн Пластик Белый (ТР-00026833),
rs4u37738,ТР-00026832,130184,Кришки для унітазів,130184,13240219,Оставить Prom,Сиденье для унитаза с крышкой MILLZ Мерида ПЛАСТИК белое (ТР-00026832),
rs4u37736,ТР-00026830,130184,Кришки для унітазів,130184,13240219,Оставить Prom,Сиденье для унитаза с крышкой MILLZ Гермес ПЛАСТИК белый (ТР-00026830),
rs4u37733,ТР-00026827,130184,Кришки для унітазів,130184,13240219,Оставить Prom,Сиденье для унитаза с крышкой MILLZ Афина ПЛАСТИК белое (ТР-00026827),
rs4u37728,ТР-00026822,130184,Кришки для унітазів,130184,13240219,Оставить Prom,Сиденье для унитаза с крышкой MILLZ Нептун ПЛАСТИК белое (ТР-00026822),
rs4u37726,ТР-00026820,130184,Кришки для унітазів,130184,13240219,Оставить Prom,Сиденье для унитаза с крышкой MILLZ Аполлон пластик белое (ТР-00026820),
rs4u21761,ТР-00010258,13100613,Вентилі,13100613,13100606,Оставить Prom,Вентиль для водоснабжения ASCO PPR Ø25 полипропилен белый (ТР-00010258),
rs4u21760,ТР-00010257,13100613,Вентилі,13100613,13100606,Оставить Prom,Вентиль PPR для водоснабжения ASCO® Ø20 полипропилен белый (ТР-00010257),
rs4u34144,ТР-00022828,13100613,Вентилі,13100613,13100606,Оставить Prom,Вентиль PPR запорный ASCO Ø63 серый полипропилен (ТР-00022828),
rs4u34143,ТР-00022827,13100613,Вентилі,13100613,13100606,Оставить Prom,Вентиль PPR ASCO® для водоснабжения Ø50 мм полипропилен серый (ТР-00022827),
rs4u34142,ТР-00022826,13100613,Вентилі,13100613,13100606,Оставить Prom,Вентиль для водоснабжения/отопления ASCO PPR Ø40 полипропилен серый (ТР-00022826),
rs4u34141,ТР-00022825,13100613,Вентилі,13100613,13100606,Оставить Prom,Вентиль PPR для водоснабжения ASCO® Ø32 мм полипропилен серый (ТР-00022825),
rs4u34140,ТР-00022824,13100613,Вентилі,13100613,13100606,Оставить Prom,Вентиль для водоснабжения ASCO PPR Ø25 полипропилен серый (ТР-00022824),
rs4u34139,ТР-00022823,13100613,Вентилі,13100613,13100606,Оставить Prom,Вентиль для водоснабжения PPR ASCO Ø20 полипропилен серый (ТР-00022823),
Pr55435,SP000053232,13240224,Аксесуари для кухонних мийок,13240224,13240208,Оставить Prom,"Мусоросборник квадратный для мойки-водопада, черный (SP000053232)",
Pr51859,SP000049843,13240224,Аксесуари для кухонних мийок,13240224,13240208,Оставить Prom,"Корзина для отходов VALESO DR109G, нержавеющая сталь SUS 304, PVD черный (SP000049843)",
Pr51858,SP000049842,13240224,Аксесуари для кухонних мийок,13240224,13240208,Оставить Prom,"Мусоросборник VALESO DR108, нержавеющая сталь SUS 304, матовая поверхность Brush (SP000049842)",
Pr52848,SP000050767,13240224,Аксесуари для кухонних мийок,13240224,13240208,Оставить Prom,"Разделочная доска VALESO для моек SHERLIT, дуб, 380x245x18 мм (SP000050767)",
Pr52847,SP000050766,13240224,Аксесуари для кухонних мийок,13240224,13240208,Оставить Prom,"Разделочная доска Valeso для моек GALANS, дуб, 455x245x18 мм (SP000050766)",
Pr46744,SP000045050,13240224,Аксесуари для кухонних мийок,13240224,13240208,Оставить Prom,Мусоросборник VALESO (материал нержавеющая сталь SUS 304),
Pr23673,SP000029303,13240224,Аксесуари для кухонних мийок,13240224,13240208,Оставить Prom,Губка BT 88 для полировки металла SS 304,
Pr23672,SP000027020,13240224,Аксесуари для кухонних мийок,13240224,13240208,Оставить Prom,"Органайзер для ножей PLATINUM, Пластик (SP000027020)",
29337,000029337,13240225,Гігієнічні душі,13240225,130103,Оставить Prom,"Смеситель для гигиенического душа Globus Lux PIANO, однорычажный, скрытого монтажа, латунь, хром (29337)",
27413,000027413,13240225,Гігієнічні душі,13240225,130103,Оставить Prom,Смеситель гигиенический TOPAZ CAPRI TCA-15106-H43,
22952,000022952,13240225,Гігієнічні душі,13240225,130103,Оставить Prom,Гигиенический душ Globus Lux WIEN Нержавеющая сталь (22952),
16129,000016129,13240225,Гігієнічні душі,13240225,130103,Оставить Prom,"Смеситель гигиенический TOPAZ BARTS, однорычажный, скрытого монтажа, с гигиенической лейкой и шлангом, латунь, хром (16129)",
22014,000022014,13240225,Гігієнічні душі,13240225,130103,Оставить Prom,Гигиенический душ Globus Lux MILANO Черный Латунь (22014),
23005,000023005,13240225,Гігієнічні душі,13240225,130103,Оставить Prom,"Смеситель для гигиенического душа DOMINO PRESTIGE, однорычажный, со стоп-лейкой и шлангом, силумин, хром (23005)",
22015,000022015,13240225,Гігієнічні душі,13240225,130103,Оставить Prom,"Гигиенический душ Globus Lux LAZER со смесителем, однорычажный, хром, латунь (22015)",
18454,000018454,13240225,Гігієнічні душі,13240225,130103,Оставить Prom,"Гигиенический душ-комплект Globus Lux MILANO со смесителем, скрытый монтаж, хромированная латунь (18454)",
919a4326-01ee-4c17-bb91-654c2fc3b668,EP6236,13240402,Побутові проточні фільтри,13240402,13240417,Оставить Prom,"Колба фильтра для холодной воды 8 атм. 1"" EUROPRODUCT EPV-21-1 (EP6236)",
513556ba-ac54-434d-b734-63590f3190e7,EP6220,13240402,Побутові проточні фільтри,13240402,13240417,Оставить Prom,Система очистки питьевой воды Europroduct EPV-70 3 степени (ППР5+смягчение+прессованный уголь) (EP6220),
rs4u39250,ТР-00028290,13240402,Побутові проточні фільтри,13240402,13240417,Оставить Prom,"Магистральный фильтр-колба TITAN BigBlue 20"" прозрачный пластиковый 1"" с ключом (ТР-00028290)",
rs4u37375,ТР-00026148,13240402,Побутові проточні фільтри,13240402,13240417,Оставить Prom,"Магистральный фильтр Tiger Filtration BigBlue 20"", с картриджем, синяя колба, латунные резьбы, макс. давление 10 атм (ТР-00026148)",
rs4u37374,ТР-00026147,13240402,Побутові проточні фільтри,13240402,13240417,Оставить Prom,"Корпус магистрального фильтра Tiger Filtration BigBlue 10"" с фильтрующим модулем, латунные резьбы, до 10 бар, синий (ТР-00026147)",
rs4u37200,ТР-00025987,13240402,Побутові проточні фільтри,13240402,13240417,Оставить Prom,"Корпус фильтра BigBlue 20"" Tiger Filtration, прозрачная колба, с картриджем, с пластиковыми резьбами 1"", 12 атм (ТР-00025987)",
rs4u37153,ТР-00025941,13240402,Побутові проточні фільтри,13240402,13240417,Оставить Prom,"Магистральный фильтр-колба Tiger Filtration BigBlue 20"" с фильтрующим модулем, для холодной воды, латунные резьбы 1"", до 10 атм",
cc171077-fcfa-447d-9925-489c7823eb47,KR5326,13240408,Побутові фільтри зворотного осмосу,13240408,13240417,Оставить Prom,Система обратного осмоса KOER KV-90 5 ступеней с баком 7 л и краном KR5326,Система обратного осмоса KOER KV-90 — не картридж.
fa9f05b1-39a9-4d36-9d8c-da228a78e2c9,KR3142,13240402,Побутові проточні фільтри,13240408,13240417,Другая категория: 13240402,Система очистки питьевой воды 3-х ступенчата KOER KV-70 (старый артикул KV.01) (ППР5 + смягчение + спрессованный уголь) ICEBERG,"KOER KV-70: трёхступенчатый проточный фильтр, без RO мембраны."
4eceac5f-7fe7-42d7-acb8-c773782ed65c,KR5328,13240408,Побутові фільтри зворотного осмосу,13240408,13240417,Оставить Prom,"Система обратного осмоса KOER KV-92, 6 ступеней с минерализатором и баком 7 л (KR5328)",Система обратного осмоса KOER KV-92.
656d88b8-3450-4f27-9952-4b5e330344ff,KR5327,13240408,Побутові фільтри зворотного осмосу,13240408,13240417,Оставить Prom,Система обратного осмоса KOER KV-91 5 ступеней с помпой и баком 7 л (KR5327),Система обратного осмоса KOER KV-91.
4c075a56-28e2-4f22-8b04-97c723dc39e8,EP6238,13240408,Побутові фільтри зворотного осмосу,13240408,13240417,Оставить Prom,Система обратного осмоса 5 ступеней EUROPRODUCT EPV-90 с баком 6 л и мембраной 75 GPD EP6238,Система обратного осмоса EUROPRODUCT EPV-90.
10775c0e-8433-4499-93d7-99237cb48703,EP6239,13240408,Побутові фільтри зворотного осмосу,13240408,13240417,Оставить Prom,Система обратного осмоса EUROPRODUCT EPV-92 с минерализацией и баком 6 л (EP6239),Система обратного осмоса EUROPRODUCT EPV-92.
83085b65-2816-496c-b40e-58563710b06c,EP6276,13240408,Побутові фільтри зворотного осмосу,13240408,13240417,Оставить Prom,Система обратного осмоса EUROPRODUCT EPV-91 5 ступеней с помпой и баком 6 л (EP6276),Система обратного осмоса EUROPRODUCT EPV-91.
SD00055696,SD00055696,13240409,Комплектуючі до побутових фільтрів,13240409,130103,Оставить Prom,"Монокран Lidz Mono 270, нержавеющая сталь, хром (SD00055696)",
SD00055695,SD00055695,13240409,Комплектуючі до побутових фільтрів,13240409,130103,Оставить Prom,"Монокран для питьевой воды Lidz Mono 270 из высококачественной нержавеющей стали 304, графит (SD00055695)",
SD00055694,SD00055694,13240409,Комплектуючі до побутових фільтрів,13240409,130103,Оставить Prom,"Монокран Lidz Mono 270 для питьевой воды, из нержавеющей стали 304, никель (SD00055694)",
29242,000029242,13240409,Комплектуючі до побутових фільтрів,13240409,130103,Оставить Prom,"Смеситель для фильтра Globus Lux Lazer, двухрычажный, поворотный излив, латунь, черный (29242)",
27559,000027559,13240409,Комплектуючі до побутових фільтрів,13240409,130103,Оставить Prom,"Кран для обратного осмоса Globus Lux ALPEN SBT1-76A-00, для минерализатора, Двухрычажный, нержавеющая сталь",
27524,000027524,13240409,Комплектуючі до побутових фільтрів,13240409,130103,Оставить Prom,"Смеситель для фильтра обратного осмоса Globus Lux Lazer GLLR-76A-00, Двухрычажный, с отдельным каналом для минерализатора,",
24468,000024468,13240409,Комплектуючі до побутових фільтрів,13240409,130103,Оставить Prom,"Кран для обратного осмоса Globus Lux ALPEN SBT1-55M, с квик-фитингом, нержавеющая сталь, поворотный излив (24468)",
SD00054157,SD00054157,13240416,Побутові магістральні фільтри,13240416,13100629,Оставить Prom,Фильтр самопромывной для холодной воды Thermo Alliance Forte 3/4'' латунный с редуктором,
SD00054155,SD00054155,13240416,Побутові магістральні фільтри,13240416,13100629,Оставить Prom,Фильтр самопромывной Thermo Alliance Forte 3/4'' с редуктором для холодной воды латунный,
SD00054156,SD00054156,13240416,Побутові магістральні фільтри,13240416,13100629,Оставить Prom,Фильтр самопромывной для горячей воды Thermo Alliance Forte 3/4'' с редуктором Латунь SD00054156,
708,000000708,13240416,Побутові магістральні фільтри,13240416,13100629,Оставить Prom,"Фильтр грубой очистки воды с краном и манометром CRYSTAL (RBM) 1/2"" Резьбовое Латунь",
SD00041728,SD00041728,13240416,Побутові магістральні фільтри,13240416,13100629,Оставить Prom,Фильтр самопромывной для горячей воды Thermo Alliance Forte 1/2'' резьба латунный с редуктором и манометром,
SD00041730,SD00041730,13240416,Побутові магістральні фільтри,13240416,13100629,Оставить Prom,Фильтр самопромывной с редуктором Thermo Alliance Forte 1/2'' латунный,
SD00041729,SD00041729,13240416,Побутові магістральні фільтри,13240416,13100629,Оставить Prom,Фильтр самопромывной Thermo Alliance Forte 1/2'' с редуктором для холодной воды латунный,
rs4u36947,ТР-00025682,1250354,Шланги для поливу,1250354,1250342,Оставить Prom,"Капельная трубка NO Brand 16мм 50см (2л/час) 200м для полива, полиэтилен, черная (ТР-00025682)",
rs4u36946,ТР-00025681,1250354,Шланги для поливу,1250354,1250342,Оставить Prom,Капельная трубка 16мм 33см (2л/час) 200м NO Brand Пластик Черный (ТР-00025681),
rs4u36945,ТР-00025680,1250354,Шланги для поливу,1250354,1250342,Оставить Prom,Капельная трубка NO Brand 16мм 25см (2л/час) Пластик Черная 200м (ТР-00025680),
rs4u36944,ТР-00025679,1250354,Шланги для поливу,1250354,1250342,Оставить Prom,Капельная трубка 16мм с эмиттерами 20см (2л/час) NO Brand Пластик Черная 200м (ТР-00025679),
rs4u35430,ТР-00024226,1250354,Шланги для поливу,1250354,1250342,Оставить Prom,"Капельная лента SANTEHPLAST UCHKUDUK DRIP TAPE плоский эмиттер 0.18мм/20см 1.4л 1000м, черная (ТР-00024226)",
rs4u34300,ТР-00023023,1250354,Шланги для поливу,1250354,1250342,Оставить Prom,"Капельная лента SANTEHPLAST UCHKUDUK DRIP TAPE 0,18мм/15см 1,4 л 1000м Пластик Черный (ТР-00023023)",
Pr56297,SP000054049,130119,Душові набори й системи,130119,130183,Оставить Prom,NES-AY012 душова система VALESO (PVD чорний),
Pr56296,SP000054048,130119,Душові набори й системи,130119,130183,Оставить Prom,NES-AY011 душова система з VALESO (хром),
Pr56295,SP000054047,130119,Душові набори й системи,130119,130183,Оставить Prom,NES-AN60 душова система з термостатом VALESO (хром),
SD00052236,SD00052236,130119,Душові набори й системи,130119,130183,Оставить Prom,"Душевая система Lidz Aria 1120 со смесителем, верхним и ручным душем, Нержавеющая сталь 304, Брашированный никель (SD00052236)",
SD00052235,SD00052235,130119,Душові набори й системи,130119,130183,Оставить Prom,"Душевая система Lidz Kubis 1120 со смесителем, из нержавеющей стали, Никель (SD00052235)",
SD00023036,SD00023036,130119,Душові набори й системи,130119,130183,Оставить Prom,"Душевая система Qtap Plava QT1001CRM, универсальная с верхним и ручным душем, латунь, хром (SD00023036)",
rs4u34207,ТР-00022891,13100602,Заглушки,13100602,13240211,Оставить Prom,Заглушка для коллектора Ø25 ASCO® полипропилен белая (ТР-00022891),
rs4u33886,ТР-00022570,13100602,Заглушки,13100602,13240211,Оставить Prom,Заглушка для коллектора ASCO Ø32 мм полипропилен серая (ТР-00022570),
rs4u33885,ТР-00022569,13100602,Заглушки,13100602,13240211,Оставить Prom,Заглушка для коллектора ASCO Ø25 PPR полипропилен серая (ТР-00022569),
rs4u21769,ТР-00010266,13100602,Заглушки,13100602,13240211,Оставить Prom,Заглушка для коллектора Ø32 ASCO® PPR полипропилен белая (ТР-00010266),
rs4u21708,ТР-00010205,13100602,Заглушки,13100602,13240211,Оставить Prom,Заглушка коллектора с воздухоотводчиком ASCO Ø32 мм полипропилен белая (ТР-00010205),
rs4u21707,ТР-00010204,13100602,Заглушки,13100602,13240211,Оставить Prom,Заглушка коллектора с воздухоотводчиком ASCO PPR Ø25 полипропилен белая (ТР-00010204),
SD00048147,SD00048147,13240115,Запчастини і комплектуючі для радіаторів,13240115,13100606,Оставить Prom,"Кран радиаторный шаровый Blue Ocean прямой, PPR/Латунь, 20x1/2"", белый (SD00048147)",
SD00042949,SD00042949,13240115,Запчастини і комплектуючі для радіаторів,13240115,13100606,Оставить Prom,"Кран радиаторный Blue Ocean шаровый, угловой 25x3/4'', PPR/латунь, белый (SD00042949)",
SD00029241,SD00029241,13240115,Запчастини і комплектуючі для радіаторів,13240115,13100606,Оставить Prom,"Кран радиаторный Thermo Alliance PPR 25x3/4'' угловой полипропилен/латунь, серый",
SD00029240,SD00029240,13240115,Запчастини і комплектуючі для радіаторів,13240115,13100606,Оставить Prom,Кран радиаторный PPR Thermo Alliance 20х1/2'' угловой с антипротечкой для отопления,
SD00029239,SD00029239,13240115,Запчастини і комплектуючі для радіаторів,13240115,13100606,Оставить Prom,Кран радиаторный шаровый PPR Thermo Alliance 25х3/4'' прямой PPR/латунь серый (SD00029239),
SD00029238,SD00029238,13240115,Запчастини і комплектуючі для радіаторів,13240115,13100606,Оставить Prom,Кран радиаторный шаровый PPR Thermo Alliance 20х1/2'' прямой полипропилен/латунь серый (SD00029238),
30899,000030899,13241502,Комплектуючі для лічильників (побутові),13241502,13100644,Оставить Prom,Комплект штуцеров OPTIMUM NU543B 1''x3/4'' ВРxНР никелированный для счетчика (30899),
30898,000030898,13241502,Комплектуючі для лічильників (побутові),13241502,13100644,Оставить Prom,Комплект штуцеров OPTIMUM NU433B 3/4''ВРх1/2''НР никелированный (30898),
486,000000486,13241502,Комплектуючі для лічильників (побутові),13241502,13100644,Оставить Prom,Комплект штуцеров для счетчика OPTIMUM LR433L 3/4''В x 1/2''Н латунный (486),
13957,000013957,13241502,Комплектуючі для лічильників (побутові),13241502,13100644,Оставить Prom,"Переходник латунный с накидной гайкой 1/2"" для водомера PROFESSIONAL NV-QP (1520) 1 штука, латунь!",
1226,000001226,13241502,Комплектуючі для лічильників (побутові),13241502,13100644,Оставить Prom,Штуцер для водомера SOLOMON с накидной гайкой 1/2'' латунный (1226),
1118,000001118,13241502,Комплектуючі для лічильників (побутові),13241502,13100644,Оставить Prom,"Штуцер для водомера Solomon SG11 3/4'' с накидной гайкой, латунный (1118)",
SD00004898,SD00004898,13100608,Фланці,13100608,13100623,Оставить Prom,Комплект фланцевого соединения для труб Blue Ocean 110 мм полипропилен/сталь серый (SD00004898),
SD00004897,SD00004897,13100608,Фланці,13100608,13100623,Оставить Prom,Комплект фланцевого соединения для труб Blue Ocean 90 мм сталь/полипропилен серый (SD00004897),
SD00004896,SD00004896,13100608,Фланці,13100608,13100623,Оставить Prom,Комплект фланцевого соединения для труб Blue Ocean 75 Fiber/Сталь/Полипропилен серый (SD00004896),
SD00004895,SD00004895,13100608,Фланці,13100608,13100623,Оставить Prom,Комплект фланцевого соединения Blue Ocean 63 полипропилен/сталь серый (SD00004895),
SD00004894,SD00004894,13100608,Фланці,13100608,13100623,Оставить Prom,Комплект фланцевого соединения Blue Ocean 50 полипропилен/сталь серый,
SD00054368,SD00054368,13240122,Комплектуючі для опалювального обладнання,13240122,13100633,Оставить Prom,"Клапан антифриз Icma №609 90609AG06 1 1/4"" для тепловых насосов (SD00054368)",
SD00054367,SD00054367,13240122,Комплектуючі для опалювального обладнання,13240122,13100633,Оставить Prom,"Клапан антифриз Icma №609 1"" для тепловых насосов (SD00054367)",
rs4u38188,ТР-00027264,13240122,Комплектуючі для опалювального обладнання,13240122,13100633,Оставить Prom,Предохранительный клапан ASCO для котлов и бойлеров 1/2'' латунный (3 бар),
rs4u38187,ТР-00027263,13240122,Комплектуючі для опалювального обладнання,13240122,13100633,Оставить Prom,Предохранительный клапан ASCO для отопления 1/2'' латунный 2.5 bar (ТР-00027263),
rs4u38186,ТР-00027262,13240122,Комплектуючі для опалювального обладнання,13240122,13100633,Оставить Prom,Предохранительный клапан ASCO 1/2'' для котлов и бойлеров из латуни (2 bar),
rs4u37380,ТР-00026154,140305,Насосні станції,13241401,140305,Использовать XML,Насосная станция toНасосы QB70 0.5 кВт 50 л/мин H40м бак 24л вихревая (QB70),
rs4u257,00000013350,140305,Насосні станції,13241401,140305,Использовать XML,Насосная станция toНасосы JET100 0.75 кВт 50 л/мин H50м бак 24л чугун (короткий корпус),
rs4u11908,00000006100,140305,Насосні станції,13241401,140305,Использовать XML,Насосная станция для воды toНасосы JSW15M 1.1кВт 65л/мин H50м бак 24л чугун (JSW15M),
rs4u11884,00000006076,140305,Насосні станції,13241401,140305,Использовать XML,Насосная станция toНасосы JSW10M 0.75 кВт 50 л/мин H48 м с гидроаккумулятором 24 л чугунная (11.11YRS/0004/24),
rs4u11831,00000006023,140305,Насосні станції,13241401,140305,Использовать XML,Насосная станция вихревая автоматическая toНасосы QB60 0.37 кВт 35 л/мин H40 м с баком 24 л чугунная (11.11YRS/0001/24),
7910,000007910,13100611,Трійники,12071003,13100611,Использовать XML,Редукционный тройник ПНД Vsplast 63*32*63 3004,
7903,000007903,13100611,Трійники,12071003,13100611,Использовать XML,Тройник ПНД Vsplast  50*50*50  3001,
6909,000006909,13100611,Трійники,12071003,13100611,Использовать XML,Тройник ПНД Vsplast 40*1*40 &apos;&apos;  В 3002,
5418,000005418,13100611,Трійники,12071003,13100611,Использовать XML,Тройник ПНД Vsplast 25*1/2*25 &apos;&apos; ** В 3002,
31017,000031017,13100607,Перехідники,13100607,13100609,Оставить Prom,Соединение зажимное прямое для трубы Ø34мм 1″Н латунное LS552S OPTIMUM,
31016,000031016,13100607,Перехідники,13100607,13100609,Оставить Prom,Соединение зажимное прямое для трубы Ø28мм 3/4″Н латунное LS442S OPTIMUM,
2194,000002194,13100607,Перехідники,13100607,13100609,Оставить Prom,Цанга наружная SOLOMON 3/8″х1/2″ хром 9004,
1250,000001250,13100607,Перехідники,13100607,13100609,Оставить Prom,Цанга внутренняя SOLOMON 3/8″х1/2″ хром 9003,
18050,000018050,13240219,"Комплектуючі, запчастини та витратні матеріали для сантехніки",13240219,13100603,Оставить Prom,Колено универсальное для унитаза Waterstal WC Ø110 45°/90° (18050),
18047,000018047,13240219,"Комплектуючі, запчастини та витратні матеріали для сантехніки",13240219,13100603,Оставить Prom,"Колено канализационное Waterstal WC Ø110/45° пластиковое для внутренней канализации, белое (18047)",
566,000000566,13240219,"Комплектуючі, запчастини та витратні матеріали для сантехніки",13240219,13100603,Оставить Prom,Колено для унитаза 90° VIEGA 100551 Ø110 мм полипропиленовое белое (566),
565,000000565,13240219,"Комплектуючі, запчастини та витратні матеріали для сантехніки",13240219,13100603,Оставить Prom,Колено для унитаза 45° Viega 101718 Ø110 мм пластиковое белое (565),
SD00051929,SD00051929,13240220,"Огорожі та перегородки для ванної, душа, туалету",13240220,154006,Оставить Prom,Штора на ванну Qtap Standard BLM407513APR Стекло Матовое Черный профиль (SD00051929),
SD00051928,SD00051928,13240220,"Огорожі та перегородки для ванної, душа, туалету",13240220,154006,Оставить Prom,"Штора на ванну Qtap Standard BLM407513APL Стекло матовое, черный профиль (SD00051928)",
SD00039719,SD00039719,13240220,"Огорожі та перегородки для ванної, душа, туалету",13240220,154006,Оставить Prom,Штора на ванну Qtap Standard CRM407513APR Стекло Pear 75х140 см правая,
SD00039718,SD00039718,13240220,"Огорожі та перегородки для ванної, душа, туалету",13240220,154006,Оставить Prom,Штора на ванну Qtap Standard CRM407513APL Стекло Pear 75х140 см левая,
21561,000021561,13240409,Комплектуючі до побутових фільтрів,13240416,13240402,Другая категория: 13240409,"Колба для фильтра OasisPro BSL2 1/2"" прозрачный пластик",
rs4u37156,ТР-00025944,13240409,Комплектуючі до побутових фільтрів,13240416,13240402,Другая категория: 13240409,"Корпус-колба для магистрального фильтра Tiger Filtration 2P РЕТ 10, с картриджем, 3/4"", прозрачный корпус с латунными резьбами",
rs4u37155,ТР-00025943,13240409,Комплектуючі до побутових фільтрів,13240416,13240402,Другая категория: 13240409,"Корпус-колба для магистрального фильтра Tiger Filtration 2P РЕТ 10, с картриджем 1/15, прозрачная колба, латунные резьбы 1/2""",
7800,000007800,13240409,Комплектуючі до побутових фільтрів,13240416,13240402,Другая категория: 13240409,Фильтр-колба для стиральных машин Bio+ Systems SHW-1 пластик (7800),
SD00049579,SD00049579,13240901,Побутові терморегулятори,13240901,153503,Оставить Prom,Беспроводной програмируемый сервопривод для термостатического крана (Белый матовый) ZTRV-BY-100(W),
SD00049557,SD00049557,13240901,Побутові терморегулятори,13240901,153503,Оставить Prom,Проводной недельный термостат с Wi-Fi Thermo Alliance BHT-6000-GALW для водяного теплого пола (SD00049557),
SD00049562,SD00049562,13240901,Побутові терморегулятори,13240901,153503,Оставить Prom,"Умный недельный термостат Thermo Alliance BHT-8000GCLW с Wi-Fi, цветным дисплеем и метеостанцией, проводной (SD00049562)",
SD00049580,SD00049580,13240901,Побутові терморегулятори,13240901,153503,Оставить Prom,"Беспроводной программируемый сервопривод Thermo Alliance ZTRV-BY-100(B) для термостатического клапана, с комплектом адаптеров,",
rs4u38021,ТР-00027105,154008,Карнизи для ванної,154008,154006,Оставить Prom,Штанга для душевой шторки MILLZ телескопическая (140-260 см) Алюминий Белая MRS-P-073,
rs4u38020,ТР-00027104,154008,Карнизи для ванної,154008,154006,Оставить Prom,Штанга для душевой шторки MILLZ телескопическая (110-200 см) Алюминий Белая MRS-P-072,
rs4u38019,ТР-00027103,154008,Карнизи для ванної,154008,154006,Оставить Prom,Штанга для душевой шторки MILLZ телескопическая нержавеющая (140-260 см) MRS-P-071,
rs4u38018,ТР-00027102,154008,Карнизи для ванної,154008,154006,Оставить Prom,Штанга для душевой шторки MILLZ телескопическая нержавеющая (110-200 см) MRS-P-070,
28838,000028838,1250343,Пістолети і насадки для поливу,1250343,1250346,Оставить Prom,Набор для полива Bradas ECO-PWB5500-12 BLACK LINE на шланг 1/2'' Пластик Разные цвета (000028838),
28358,000028358,1250343,Пістолети і насадки для поливу,1250343,1250346,Оставить Prom,Насадка для полива Bradas ECO-PWB4710 BLACK LINE регулируемая Пластик Черный (000028358),
28359,000028359,1250343,Пістолети і насадки для поливу,1250343,1250346,Оставить Prom,Комплект для полива Bradas ECO-PWB5500-34 BLACK LINE на шланг 3/4'' Пластик Черный (000028359),
rs4u3154,00000017573,13100647,Комплектуючі до запірної арматури,13100647,13100606,Оставить Prom,"Бабочка желтая 3/4""-1""  75/300",
rs4u3152,00000017571,13100647,Комплектуючі до запірної арматури,13100647,13100606,Оставить Prom,"Бабочка черная 3/4""-1"" 75/300",
SD00003510,SD00003510,13100647,Комплектуючі до запірної арматури,13100647,13100606,Оставить Prom,Ручка-бабочка для крана горячей воды 20-25 Blue Ocean,
13747,000013747,13240115,Запчастини і комплектуючі для радіаторів,13240115,13100627,Оставить Prom,Ключ пластиковый для крана Маевского 1/2| HT-313 key,
1099,000001099,13240115,Запчастини і комплектуючі для радіаторів,13240115,13100627,Оставить Prom,"Кран Маевского для радиатора SOLOMON 9001 NR1013 1/2"" Латунь никелированная",
1089,000001089,13240115,Запчастини і комплектуючі для радіаторів,13240115,13100627,Оставить Prom,"Кран Маевского SOLOMON 1/2"" для радиатора, латунь никелированная, ручной (1089)",
24841,000024841,13240217,Запчастини для змішувачів,13240217,13100606,Оставить Prom,"Переключатель для душа/ванны Globus Lux NMV-108, евро, нержавеющая сталь SUS 304 (24841)",
6449,000006449,13240217,Запчастини для змішувачів,13240217,13100606,Оставить Prom,"Дивертер DOMINO NMV-13, шаровый, хромированный, с подключением 1/2″ (6449)",
4994,000004994,13240217,Запчастини для змішувачів,13240217,13100606,Оставить Prom,"Переключатель потока Globus Lux NMV-14, шаровый, евро, латунный, хромированный (4994)",
29908,000029908,13240216,Виливи,13240217,13240216,Использовать XML,Вилив змішувача Globus Lux M208-35F,
4475,000004475,13240216,Виливи,13240217,13240216,Использовать XML,"Излив для смесителя Globus Lux M72 20F, прямой, с аэратором, хром, длина 200 мм (4475)",
24251,000024251,13240216,Виливи,13240217,13240216,Использовать XML,Излив встроенного смесителя Globus Lux GLM-200 L-BB,
rs4u37872,ТР-00026960,13240416,Побутові магістральні фільтри,13240409,13240402,Другая категория: 13240416,"Колба магистрального фильтра ASCO с полипропиленовым картриджем 20 мкм, для холодной воды, латунная резьба 1/2"" (ТР-00026960)",
rs4u19303,00000004822,13240416,Побутові магістральні фільтри,13240409,13240402,Другая категория: 13240416,"Кристаллы полифосфата Titan для смягчения воды Соли полифосфата 0,5 кг (00000004822)",
rs4u17817,00000004966,13240416,Побутові магістральні фільтри,13240409,13240402,Другая категория: 13240416,"Кристаллы полифосфата Atlas 0,5 кг для стиральных и посудомоечных машин",
rs4u37820,ТР-00026912,13241405,Запчастини та аксесуари для насосів,5140404,13241405,Использовать XML,Частотный преобразователь для насосов toНасоси серия AD 7.5 кВт 3х380В Пластик (ТР-00026912),
rs4u37817,ТР-00026909,13241405,Запчастини та аксесуари для насосів,5140404,13241405,Использовать XML,Частотный преобразователь для насосов toНасоси AD 2.2 кВт 3х380В Пластик (ТР-00026909),
rs4u37816,ТР-00026908,13241405,Запчастини та аксесуари для насосів,5140404,13241405,Использовать XML,Частотный преобразователь для насосов toНасоси серия AD 1.5 кВт 220В Пластик (ТР-00026908),
SD00057866,SD00057866,13240302,Димоходи та комплектуючі,607,13240302,Использовать XML,"Комплект коаксиальный Aquatronic для турбированой газовой колонки 1000 мм, 60/90","Коаксиальный дымоход, не газовая колонка."
SD00055232,SD00055232,607,"Водонагрівачі, бойлери, колонки",607,13240302,Оставить Prom,"Проточный газовый водонагреватель Aquatronic F05-10LW, турбированный, 10 л/мин (SD00055232)",Полноценный газовый водонагреватель Aquatronic.
SD00031251,SD00031251,607,"Водонагрівачі, бойлери, колонки",607,13240302,Оставить Prom,"Газовая колонка Thermo Alliance JSG20-10ETP18, турбированная, 10 л/мин, Серебристая (SD00031251)",Полноценный газовый водонагреватель Thermo Alliance.
21747,000021747,1250343,Пістолети і насадки для поливу,104,1250346,Другая категория: 1250343,ECO-7203T Пистолет оросительный 7-ми режимный ZEBRA TWIN,
13454,000013454,1250343,Пістолети і насадки для поливу,104,1250346,Другая категория: 1250343,ECO-2109 Пистолет оросительный пластиковый 6 функций (ручка пласт),
25611,000025611,13240216,Виливи,130103,13240216,Использовать XML,Гофра вилива SP-M103A для змішувача Без душової насадки Хром,
SD00055922,SD00055922,13240216,Виливи,130103,13240216,Использовать XML,"Излив Lidz (3х330х20) для смесителя для ванны Astra, Orion 005 LDASTORI33302049798",
32071,000032071,130115,Тримачі для паперу,130115,130105,Оставить Prom,Держатель туалетной бумаги HOTEC с крышкой Хром Нержавеющая сталь Настенный (000032071),
20516,000020516,130115,Тримачі для паперу,130115,130105,Оставить Prom,Держатель туалетной бумаги HOTEC 621 с крышкой Хром Нержавеющая сталь Настенный (000020516),
2215,000002215,13240219,"Комплектуючі, запчастини та витратні матеріали для сантехніки",130116,13100645,Другая категория: 13240219,Удлинитель SOLOMON 3/4″ хром 90мм 6105,
2213,000002213,13240219,"Комплектуючі, запчастини та витратні матеріали для сантехніки",130116,13100645,Другая категория: 13240219,Удлинитель для труб SOLOMON 3/4″ хром 80мм 6105,
10946,000010946,13240115,Запчастини і комплектуючі для радіаторів,13100606,13240115,Использовать XML,Узел нижнего подключения панельного радиатора SOLOMON NV 5103 прямой шаровой 3/4″,
16044,000016044,13240115,Запчастини і комплектуючі для радіаторів,13100606,13240115,Использовать XML,Кран радиаторный прямой Kalde PPR ф20x1/2  22009,
SD00047842,SD00047842,13100607,Перехідники,13100610,13100607,Использовать XML,Переход Thermo Alliance Standart 1/2''x1/2'' ВН латунный для подключения сантехники,
969,000000969,13100607,Перехідники,13100610,13100607,Использовать XML,Переходник сантехнический КРС резиновый 3/4 дюйма белый соединитель для труб (969),
513,000000513,13100613,Вентилі,13100615,13100613,Использовать XML,"Задвижка SOLOMON латунная 1 1/2″ (5080,2041)",
512,000000512,13100613,Вентилі,13100615,13100613,Использовать XML,Задвижка SOLOMON 2104 1 1/4″ (2042),
SD00053380,SD00053380,13240601,Побутові газові фільтри,13100629,13240601,Использовать XML,Фильтр косой Thermo Alliance Standart для газа 3/4''ВВ никелированная латунь,
SD00053379,SD00053379,13240601,Побутові газові фільтри,13100629,13240601,Использовать XML,Фильтр грубой очистки для газа Thermo Alliance Standart 1/2''В никелированный косой,
rs4u37206,ТР-00025991,13100644,Штуцери для труб,13100644,13240211,Оставить Prom,"Штуцер евроконус с нак.гайкой Ø20 x 3/4"" серый (20/160) ASCO®",
rs4u37205,ТР-00025990,13100644,Штуцери для труб,13100644,13240211,Оставить Prom,"Штуцер евроконус с нак.гайкой Ø20х3/4"" белый цвет (1/300) ASCO®",
rs4u17276,ТР-00006750,13241502,Комплектуючі для лічильників (побутові),13100644,13241502,Использовать XML,"Сгон латунный водомер под ключ 11/4"" пара Nikiforov 1/20",
rs4u17275,ТР-00006749,13241502,Комплектуючі для лічильників (побутові),13100644,13241502,Использовать XML,"Сгон латунный водомер под ключ 1"" пара Nikiforov",
rs4u38970,ТР-00028027,13240412,Гідроакумулятори,13240113,13240412,Использовать XML,"Бак гидроаккумулятор toНасосы 50 л, вертикальный, стальной корпус, с мембраной EPDM (ТР-00028027)",
rs4u39007,ТР-00028048,13240412,Гідроакумулятори,13240113,13240412,Использовать XML,"Гидроаккумулятор NO Brand HT-24L.08.D9, объем 24 л, горизонтальный, со стальным корпусом (ТР-00028048)",
25815,000025815,801216,Прокладки гумові,13240217,801216,Использовать XML,"Набор резиновых прокладок VSplast, Диаметр 3/4″, 10 штук (25815)",
25813,000025813,801216,Прокладки гумові,13240217,801216,Использовать XML,"Набор прокладок VSplast для воды, Резиновые, 1/2"", 10 шт. (25813)",
Pr47778,SP000046028,13240219,"Комплектуючі, запчастини та витратні матеріали для сантехніки",13240219,130119,Оставить Prom,Удлинитель для душевой колонны Valeso NES-51F черный,
Pr47777,SP000046027,13240219,"Комплектуючі, запчастини та витратні матеріали для сантехніки",13240219,130119,Оставить Prom,Удлинитель для душевой колонны Valeso NES-51F,
Pr47740,SP000045990,13240223,Шланги для душу,13240223,13240206,Оставить Prom,Шланг для душа Valeso NESH1 Хром 150 см нержавеющая сталь SUS 304 (SP000045990),
Pr45954,SP000044350,13240223,Шланги для душу,13240223,13240206,Оставить Prom,Шланг для душа VALESO HD10AS черный,
25132,000025132,13240224,Аксесуари для кухонних мийок,13240224,130105,Оставить Prom,Врезной дозатор моющего средства  Чорний (000025132),
20282,000020282,13240224,Аксесуари для кухонних мийок,13240224,130105,Оставить Prom,Врезной дозатор моющего средства Globus Lux Нержавеющая сталь (000020282),
SD00055898,SD00055898,13240224,Аксесуари для кухонних мийок,13240224,13240219,Оставить Prom,"Сетка для сифона Lidz Acsis LA26, силиконовая, серая (SD00055898)",
SD00055899,SD00055899,13240224,Аксесуари для кухонних мийок,13240224,13240219,Оставить Prom,"Сетка для сифона Lidz LA27, силиконовая, черная (SD00055899)",
Pr47745,SP000045995,13240225,Гігієнічні душі,13240225,130119,Оставить Prom,Комплект для гигиенического душа Valeso NESP1 (Нержавеющая сталь SUS 201),
Pr45977,SP000044373,13240225,Гігієнічні душі,13240225,130119,Оставить Prom,Гигиенический душ Valeso Нержавеющая сталь (Pr45977),
SD00034569,SD00034569,13240508,"Каналізаційне обладнання, загальне",13240508,13100633,Оставить Prom,Воздушный клапан PPR канализационный TA Sewage 110,
SD00034568,SD00034568,13240508,"Каналізаційне обладнання, загальне",13240508,13100633,Оставить Prom,Воздушный клапан PPR канализационный TA Sewage 50,
2682,000002682,13100629,Фільтри грубої очистки,13240601,13100629,Использовать XML,"Фильтр грубой очистки газа SOLOMON 3/4"" резьбовой латунный F8016",
2369,000002369,13100629,Фільтри грубої очистки,13240601,13100629,Использовать XML,"Фильтр грубой очистки газа SOLOMON 1/2"" резьбовой латунный (F8016)",
rs4u37119,ТР-00025878,13241405,Запчастини та аксесуари для насосів,13241405,13241401,Оставить Prom,Гайки для циркуляционного насоса toНасоси 1 1/2 дюйм x 1 дюйм (D25) стальные черные (ТР-00025878),
rs4u37120,ТР-00025879,13241405,Запчастини та аксесуари для насосів,13241405,13241401,Оставить Prom,Комплект гаек для циркуляционного насоса toНасоси 2'' х 1 1/4'' (DN32) стальные усиленные черные (ТР-00025879),
rs4u35158,ТР-00023916,13241502,Комплектуючі для лічильників (побутові),13241502,13241405,Оставить Prom,"Полусгон 3/4"" V&G с накидной гайкой 40шт.",
rs4u35157,ТР-00023915,13241502,Комплектуючі для лічильників (побутові),13241502,13241405,Оставить Prom,"Полусгон 1/2"" V&G с накидной гайкой 60шт.",
rs4u11435,ТР-00000931,13241401,Побутові насоси,140307,13241401,Использовать XML,"Циркуляционный насос Grundfos UPS 25/60, 180 мм, для систем отопления и водоснабжения (ТР-00000931)",
rs4u11434,ТР-00000930,13241401,Побутові насоси,140307,13241401,Использовать XML,Циркуляционный насос NO Brand XPS 25/40 180мм для систем отопления (ТР-00000930),
Pr47054,SP000045353,130122,Тримачі рушників,154003,130122,Использовать XML,Держатель для полотенец VALESO 331Gb для ванной комнаты нержавеющая сталь SP000045353,
19461,000019461,130122,Тримачі рушників,154003,130122,Использовать XML,Держатель полотенец для ванной Globus Lux SS 8431-3 SUS304 из нержавеющей стали тройные рожки (000019461),
7948,000007948,1250342,"Дощувателі, зрошувачі, крапельниці для поливу",1250342,1250346,Оставить Prom,Дождеватель круговой ECO TS1011 вращающийся трехрожковый 1/2 дюйм Пластик на колышке Черно-оранжевый (000007948),
SD00053547,SD00053547,130103,"Крани, змішувачі",130103,1250346,Оставить Prom,Монокран Thermo Alliance Standart Нержавеющая сталь (TAS348W15SS),
SD00042880,SD00042880,130105,Диспенсери,130105,130115,Оставить Prom,Диспенсер для туалетной бумаги Qtap Pohodli DP100WP пластик белый (SD00042880),
15026,000015026,130106,Лійки для душу,130106,13240409,Оставить Prom,Лейка для душа с фильтром и ионизацией SFH-01 Pink (8 режимов),
Pr45935,SP000044329,130122,Тримачі рушників,13018005,130122,Использовать XML,Полотенцедержатель Valeso Полка прямоугольная с полотенцедержателем Нержавеющая сталь (SP000044329),"Полка-решётка для хранения полотенец, нижняя перекладина и крючки."
17454,000017454,13100601,Косинці для труб,13100601,13100607,Оставить Prom,Колено редукционное для внутренней канализации VSplast 32х50х90 (полипропилен)-Plambershop!,
rs4u33978,ТР-00022662,13100623,Втулки під фланець,13100607,13100608,Другая категория: 13100623,"Бурт под фланец PPR ASCO® Ø110 для отопления/водоснабжения, полипропилен, серый (ТР-00022662)","Полипропиленовый бурт / втулка ПОД фланец, без стального фланца."
1121,000001121,13241502,Комплектуючі для лічильників (побутові),13100607,13100644,Другая категория: 13241502,Штуцер с накидной  гайкой 1″ для  водомера  SOLOMON SG11 ( 1 штука )   (1520) (2шт.в коробці),Штуцер для водомера — целевая категория счётчиков.
rs4u34113,ТР-00022797,13100610,"Муфти для труб, монтажні гільзи",13100610,13240211,Оставить Prom,Переходник комбинированный ASCO PPR Ø20 / PEX 16х2 мм для труб серый (муфта переходная),
rs4u17273,ТР-00006747,13241502,Комплектуючі для лічильників (побутові),13100624,13241502,Использовать XML,"Сгон латунный водомер под ключ 1/2"" пара Nikiforov -Plambershop!",
SD00055129,SD00055129,13100626,Термостатичні радіаторні клапани,13100626,13240104,Оставить Prom,"Клапан термостатический Thermo Alliance Imas для радиаторов 30х1,5 Латунь (SD00055129)",
rs4u37104,ТР-00025837,13100627,Повітровідводи,13100633,13100627,Использовать XML,Клапан для воздухоотводчика ASCO armatura 1/2'' латунный никелированный (ТР-00025837),
rs4u19495,ТР-00003801,13100643,Сіделки для труб,13100643,13100609,Оставить Prom,"Врезка в бак 1/2"" пластиковая STP 15/240",
SD00035734,SD00035734,13100644,Штуцери для труб,13100644,1250346,Оставить Prom,Штуцер с адаптером Thermo Alliance Standart 3/4''x1/2'' Внутренняя резьба Латунь Хром SD140W2015,
25751,000025751,13100643,Сіделки для труб,13100644,13100643,Использовать XML,Врезка в бак Ø50 латунное 1 1/2| СР литейное 1676Б,
12296,000012296,130103,"Крани, змішувачі",13240115,130103,Использовать XML,Кран Vario Term регуляционный SWING 2 угловой (000M870A0001),Карточка исправлена пользователем: смеситель Globus Lux вместо Vario Term; XML уже соответствует категории.
12282,000012282,13240115,Запчастини і комплектуючі для радіаторів,13240115,130119,Оставить Prom,Комплект Vario Term Standard тип V Prestige прямой белый/хром 1/2 (PRNYGS0201C/FP) (with nipples),
12273,000012273,13240115,Запчастини і комплектуючі для радіаторів,13240115,13018005,Оставить Prom,Комплект для подключения радиатора Vario Term тип V угловой 1/2'' (000M855A001) Латунь Хром (12273),
SD00004365,SD00004365,13240122,Комплектуючі для опалювального обладнання,13240122,13100627,Оставить Prom,"Дегазатор Icma 740 для гидравлических систем, латунный, 1 дюйм (SD00004365)",
SD00052381,SD00052381,13240122,Комплектуючі для опалювального обладнання,13240122,13240130,Оставить Prom,"Гарситель гидроударов Thermo Alliance Forte SFE0022W15 для систем водоснабжения и отопления 1/2"" (SD00052381)",
SD00008824,SD00008824,13240901,Побутові терморегулятори,13240122,13240901,Использовать XML,Термостат накладной Icma Серии 610 для систем отопления (SD00008824),
25310,000025310,13240208,"Сифони, сантехнічні трапи",13240208,13240217,Оставить Prom,HG-15-Картридж змінний для CLICK-CLUCK латунний,
rs4u52,ТР-00000964,13240219,"Комплектуючі, запчастини та витратні матеріали для сантехніки",13240208,13240219,Использовать XML,"Арматура для сливного бачка унитаза Харьковская арматура 1/2"" пластик (ТР-00000964)",
SD00035574,SD00035574,13240219,"Комплектуючі, запчастини та витратні матеріали для сантехніки",13240217,13240219,Использовать XML,"Кронштейн для душа Lidz Niagara 109, монтаж на смеситель, Силумин, Хром (SD00035574)",
SD00030277,SD00030277,13100645,Подовжувачі для труб,13240219,13100645,Использовать XML,"Удлинитель Thermo Alliance Standart 3/4""x3/4"" резьбовой латунный хромированный 70 мм (SD1302070)",
25612,000025612,13240216,Виливи,13240219,13240216,Использовать XML,Гофра вилива SP-S103A-Steel для змішувача Без душової насадки Сталевого кольору,
SD00034234,SD00034234,13240219,"Комплектуючі, запчастини та витратні матеріали для сантехніки",13240219,801216,Оставить Prom,"Манжет для унитаза TA Sewage ""лепесток""",
rs4u37496,ТР-00026259,13240412,Гідроакумулятори,13240412,13240113,Оставить Prom,"Гидроаккумулятор toНасоси 2 л вертикальный, стальной, черный (ТР-00026259)",
rs4u37465,ТР-00026235,13240414,Комплектуючі для гідроакумуляторів,13240414,13241405,Оставить Prom,"Фланец для гидроаккумулятора из нержавеющей стали 1"" (под горловину Ø90 мм) toНасосы (ТР-00026235)",
SD00030386,SD00030386,13240122,Комплектуючі для опалювального обладнання,13241102,13240302,Другая категория: 13240122,Фланец 60х100,
rs4u36062,ТР-00024939,13241502,Комплектуючі для лічильників (побутові),13241502,13100648,Оставить Prom,"Штуцер для подключения водомера PPR 20х3/4""В внутренняя резьба FORA",
9203,000009203,13240217,Запчастини для змішувачів,341511,13100606,Другая категория: 13240217,Розетка декоративная SOLOMON 7032/7077/7076,
29847,000029847,64403,Запчасти для стиральных и сушильных машин (категория Prom),64403,13240206,Оставить Prom,"Ниппель для соединения шланга стиральной машины Waterstal 3/4"" (пластик) H-34 (29847)",Ниппель для шланга стиральной машины; пользователь утвердил сохранить действующую категорию Prom.
rs4u38211,ТР-00027287,13240211,Колектори,810305,13100627,Другая категория: 13240211,"Конечный элемент для коллектора-моноблок 1"" ASCO",
rs4u38185,ТР-00027261,13240211,Колектори,810305,13240211,Использовать XML,"Конечный элемент для коллекторной группы 1"" ASCO",
Pr37288,SP000036642,82105,Моющие и чистящие средства (категория Prom),82105,13240208,Оставить Prom,Полировочная смесь TOPFINISH2 blek во флаконе,
29865,000029865,13240122,Комплектуючі для опалювального обладнання,,,Другая категория: 13240122,Термоманометра КЛАПАН переходник М10х1 * 1/2 SOLOMON ART. V1234 S,Утверждено пользователем 2026-10-04; отдельный переходник термоманометра для системы отопления
