offer_id,article
556,000000556
557,000000557
558,000000558
564,000000564
685,000000685
686,000000686
687,000000687
688,000000688
689,000000689
690,000000690
691,000000691
692,000000692
693,000000693
808,000000808
811,000000811
812,000000812
813,000000813
816,000000816
820,000000820
823,000000823
824,000000824
947,000000947
948,000000948
949,000000949
950,000000950
951,000000951
952,000000952
953,000000953
954,000000954
955,000000955
956,000000956
958,000000958
959,000000959
961,000000961
963,000000963
993,000000993
995,000000995
996,000000996
1030,000001030
1031,000001031
1033,000001033
1042,000001042
1044,000001044
1045,000001045
1065,000001065
1119,000001119
1120,000001120
1140,000001140
1143,000001143
1144,000001144
1266,000001266
1267,000001267
1268,000001268
1269,000001269
1383,000001383
1425,000001425
1557,000001557
1703,000001703
1788,000001788
1840,000001840
1850,000001850
1864,000001864
1879,000001879
1927,000001927
1955,000001955
2204,000002204
2387,000002387
3152,000003152
3208,000003208
3368,000003368
3375,000003375
3409,000003409
3425,000003425
3427,000003427
3429,000003429
3605,000003605
3625,000003625
3756,000003756
3797,000003797
4159,000004159
4186,000004186
4355,000004355
4382,000004382
4417,000004417
4418,000004418
4419,000004419
4420,000004420
4421,000004421
4422,000004422
4423,000004423
4424,000004424
4425,000004425
4426,000004426
4427,000004427
4428,000004428
4429,000004429
4430,000004430
4431,000004431
4432,000004432
4434,000004434
4435,000004435
4437,000004437
4439,000004439
4440,000004440
4441,000004441
4443,000004443
4447,000004447
4448,000004448
4449,000004449
4450,000004450
4451,000004451
4452,000004452
4453,000004453
4454,000004454
4455,000004455
4456,000004456
4467,000004467
4468,000004468
4469,000004469
4470,000004470
4550,000004550
4554,000004554
4556,000004556
4559,000004559
4562,000004562
4563,000004563
4564,000004564
4567,000004567
4569,000004569
4571,000004571
4631,000004631
4689,000004689
4695,000004695
4729,000004729
4730,000004730
4731,000004731
4732,000004732
4864,000004864
4865,000004865
5083,000005083
5084,000005084
5138,000005138
5139,000005139
5148,000005148
5227,000005227
5231,000005231
5243,000005243
5268,000005268
5270,000005270
5271,000005271
5272,000005272
5273,000005273
5338,000005338
5509,000005509
5510,000005510
5511,000005511
5512,000005512
5513,000005513
5514,000005514
5773,000005773
5814,000005814
5830,000005830
5837,000005837
5998,000005998
5999,000005999
6011,000006011
6012,000006012
6124,000006124
6147,000006147
6154,000006154
6155,000006155
6156,000006156
7038,000007038
7798,000007798
7800,000007800
7822,000007822
7850,000007850
7851,000007851
7856,000007856
7859,000007859
8011,000008011
8012,000008012
8013,000008013
8029,000008029
8174,000008174
8221,000008221
8222,000008222
8253,000008253
8288,000008288
8322,000008322
8323,000008323
8349,000008349
8354,000008354
8455,000008455
8491,000008491
8493,000008493
8519,000008519
8572,000008572
8610,000008610
8763,000008763
9121,000009121
9209,000009209
9279,000009279
9281,000009281
9283,000009283
9285,000009285
9287,000009287
9288,000009288
9290,000009290
9293,000009293
9294,000009294
9412,000009412
9428,000009428
9429,000009429
9432,000009432
9433,000009433
9434,000009434
9435,000009435
9436,000009436
9437,000009437
9800,000009800
9801,000009801
9802,000009802
9803,000009803
9804,000009804
9805,000009805
9806,000009806
9807,000009807
9808,000009808
9809,000009809
9810,000009810
9812,000009812
9813,000009813
9814,000009814
9816,000009816
9817,000009817
9818,000009818
9819,000009819
9831,000009831
9891,000009891
9892,000009892
9970,000009970
9972,000009972
9973,000009973
10001,000010001
10002,000010002
10003,000010003
10004,000010004
10017,000010017
10060,000010060
10138,000010138
10371,000010371
10451,000010451
10453,000010453
10454,000010454
10456,000010456
10458,000010458
10459,000010459
10460,000010460
10464,000010464
10561,000010561
10651,000010651
10711,000010711
10890,000010890
10942,000010942
10943,000010943
11150,000011150
11151,000011151
11152,000011152
11192,000011192
11430,000011430
11490,000011490
11587,000011587
11649,000011649
11731,000011731
11817,000011817
11818,000011818
11896,000011896
12020,000012020
12021,000012021
12022,000012022
12029,000012029
12064,000012064
12186,000012186
12230,000012230
12242,000012242
12263,000012263
12265,000012265
12266,000012266
12300,000012300
12306,000012306
12433,000012433
12440,000012440
12621,000012621
12622,000012622
12732,000012732
13048,000013048
13266,000013266
13267,000013267
13271,000013271
13273,000013273
13274,000013274
13275,000013275
13276,000013276
13277,000013277
13279,000013279
13295,000013295
13296,000013296
13297,000013297
13299,000013299
13360,000013360
13404,000013404
13407,000013407
13497,000013497
13600,000013600
13698,000013698
14080,000014080
14082,000014082
14097,000014097
14103,000014103
14104,000014104
14105,000014105
14106,000014106
14107,000014107
14108,000014108
14159,000014159
14194,000014194
14195,000014195
14196,000014196
14256,000014256
14258,000014258
14259,000014259
14260,000014260
14261,000014261
14488,000014488
14489,000014489
14490,000014490
14491,000014491
14781,000014781
14782,000014782
14783,000014783
14936,000014936
14953,000014953
14954,000014954
14957,000014957
14958,000014958
14963,000014963
14983,000014983
15045,000015045
15049,000015049
15051,000015051
15053,000015053
15054,000015054
15055,000015055
15060,000015060
15336,000015336
15508,000015508
15704,000015704
15725,000015725
15734,000015734
15833,000015833
15852,000015852
16094,000016094
16103,000016103
16263,000016263
16699,000016699
16745,000016745
17029,000017029
17066,000017066
17190,000017190
17257,000017257
17368,000017368
17369,000017369
17370,000017370
17382,000017382
17414,000017414
17520,000017520
17523,000017523
17538,000017538
17540,000017540
17541,000017541
17543,000017543
17557,000017557
17559,000017559
17582,000017582
17643,000017643
17648,000017648
17651,000017651
17950,000017950
17954,000017954
17955,000017955
18041,000018041
18042,000018042
18044,000018044
18051,000018051
18052,000018052
18053,000018053
18099,000018099
18100,000018100
18101,000018101
18107,000018107
18109,000018109
18111,000018111
18153,000018153
18154,000018154
18155,000018155
18156,000018156
18157,000018157
18158,000018158
18160,000018160
18161,000018161
18163,000018163
18164,000018164
18165,000018165
18166,000018166
18387,000018387
18388,000018388
18438,000018438
18452,000018452
18454,000018454
18459,000018459
18563,000018563
18567,000018567
18572,000018572
19092,000019092
19181,000019181
19182,000019182
19183,000019183
19185,000019185
19187,000019187
19194,000019194
19200,000019200
19239,000019239
19457,000019457
19458,000019458
19459,000019459
19460,000019460
19461,000019461
19462,000019462
19463,000019463
19464,000019464
19466,000019466
19467,000019467
19468,000019468
19469,000019469
19470,000019470
19472,000019472
19473,000019473
19474,000019474
19475,000019475
19476,000019476
19477,000019477
19478,000019478
19480,000019480
19481,000019481
19545,000019545
19601,000019601
19603,000019603
19607,000019607
20054,000020054
20055,000020055
20083,000020083
20238,000020238
20282,000020282
20283,000020283
20288,000020288
20404,000020404
20407,000020407
20408,000020408
20411,000020411
20414,000020414
20424,000020424
20559,000020559
20561,000020561
20779,000020779
20781,000020781
20783,000020783
20785,000020785
20786,000020786
20787,000020787
20788,000020788
20790,000020790
20795,000020795
20799,000020799
20878,000020878
21013,000021013
21180,000021180
21194,000021194
21196,000021196
21198,000021198
21199,000021199
21200,000021200
21227,000021227
21229,000021229
21230,000021230
21231,000021231
21232,000021232
21233,000021233
21236,000021236
21239,000021239
21241,000021241
21246,000021246
21247,000021247
21248,000021248
21250,000021250
21251,000021251
21256,000021256
21260,000021260
21279,000021279
21345,000021345
21387,000021387
21390,000021390
21391,000021391
21392,000021392
21393,000021393
21562,000021562
21586,000021586
21743,000021743
21749,000021749
21750,000021750
21762,000021762
21833,000021833
21862,000021862
21896,000021896
21908,000021908
21932,000021932
21934,000021934
22011,000022011
22015,000022015
22204,000022204
22205,000022205
22206,000022206
22209,000022209
22214,000022214
22520,000022520
22521,000022521
22522,000022522
22553,000022553
22577,000022577
22585,000022585
22588,000022588
22589,000022589
22591,000022591
22599,000022599
22605,000022605
22946,000022946
22956,000022956
22959,000022959
22962,000022962
22967,000022967
22972,000022972
23003,000023003
23005,000023005
23157,000023157
23160,000023160
23278,000023278
24466,000024466
24504,000024504
24516,000024516
24606,000024606
24608,000024608
24612,000024612
24614,000024614
24617,000024617
24618,000024618
24620,000024620
24667,000024667
24776,000024776
24949,000024949
24961,000024961
24962,000024962
24963,000024963
24965,000024965
24983,000024983
25019,000025019
25156,000025156
25157,000025157
25158,000025158
25159,000025159
25160,000025160
25161,000025161
25162,000025162
25164,000025164
25177,000025177
25205,000025205
25219,000025219
25225,000025225
25226,000025226
25228,000025228
25230,000025230
25232,000025232
25266,000025266
25813,000025813
25815,000025815
25874,000025874
25991,000025991
26296,000026296
26297,000026297
26528,000026528
26595,000026595
26600,000026600
26752,000026752
27004,000027004
27024,000027024
27127,000027127
27128,000027128
27129,000027129
27284,000027284
27291,000027291
27311,000027311
27787,000027787
27788,000027788
27798,000027798
27799,000027799
1776274718,G403-5
1776274723,G404-5
1789941899,F30105
1789941903,F30108
1789941907,F30201
1789941911,F30204
1789941916,F30208
,HS5050D
27529,000027529
20516,000020516
SD00023036,SD00023036
SD00023728,SD00023728
SD00004982,SD00004982
SD00004983,SD00004983
SD00004984,SD00004984
SD00031253,SD00031253
SD00031254,SD00031254
SD00031256,SD00031256
SD00031257,SD00031257
SD00031279,SD00031279
SD00031284,SD00031284
SD00031694,SD00031694
SD00031711,SD00031711
SD00031712,SD00031712
SD00031715,SD00031715
SD00031716,SD00031716
SD00031717,SD00031717
SD00031719,SD00031719
SD00031720,SD00031720
SD00031724,SD00031724
SD00031725,SD00031725
SD00033009,SD00033009
SD00034831,SD00034831
SD00034832,SD00034832
SD00034833,SD00034833
SD00034834,SD00034834
SD00035707,SD00035707
SD00035709,SD00035709
SD00035711,SD00035711
SD00035713,SD00035713
SD00035715,SD00035715
SD00035716,SD00035716
SD00035717,SD00035717
SD00035719,SD00035719
SD00035721,SD00035721
SD00035722,SD00035722
SD00035723,SD00035723
SD00035725,SD00035725
SD00036222,SD00036222
SD00036224,SD00036224
SD00036227,SD00036227
SD00037239,SD00037239
SD00037240,SD00037240
SD00037241,SD00037241
SD00038746,SD00038746
SD00038747,SD00038747
SD00038748,SD00038748
SD00038749,SD00038749
SD00038757,SD00038757
SD00038755,SD00038755
SD00040387,SD00040387
SD00040388,SD00040388
SD00040389,SD00040389
SD00041023,SD00041023
SD00041380,SD00041380
SD00040017,SD00040017
SD00040018,SD00040018
SD00040020,SD00040020
SD00040021,SD00040021
SD00040023,SD00040023
SD00040025,SD00040025
SD00040027,SD00040027
SD00040028,SD00040028
SD00040034,SD00040034
SD00040036,SD00040036
SD00040038,SD00040038
SD00040039,SD00040039
SD00040041,SD00040041
SD00040045,SD00040045
SD00040047,SD00040047
SD00040052,SD00040052
SD00040054,SD00040054
SD00042982,SD00042982
SD00042983,SD00042983
SD00042985,SD00042985
SD00042987,SD00042987
SD00042988,SD00042988
SD00042989,SD00042989
SD00042990,SD00042990
SD00042991,SD00042991
SD00042993,SD00042993
SD00042995,SD00042995
SD00042996,SD00042996
SD00042997,SD00042997
SD00043016,SD00043016
SD00043017,SD00043017
SD00043019,SD00043019
SD00043021,SD00043021
SD00043022,SD00043022
SD00043023,SD00043023
SD00042530,SD00042530
SD00042531,SD00042531
SD00042537,SD00042537
SD00042539,SD00042539
SD00042540,SD00042540
SD00042544,SD00042544
SD00042545,SD00042545
SD00042548,SD00042548
SD00042550,SD00042550
SD00042650,SD00042650
SD00042522,SD00042522
SD00042523,SD00042523
SD00042534,SD00042534
SD00039600,SD00039600
SD00039601,SD00039601
SD00039602,SD00039602
SD00039603,SD00039603
SD00039604,SD00039604
SD00039605,SD00039605
SD00039606,SD00039606
SD00039607,SD00039607
SD00039608,SD00039608
SD00039609,SD00039609
SD00039610,SD00039610
SD00039611,SD00039611
SD00039612,SD00039612
SD00039614,SD00039614
SD00044163,SD00044163
SD00044164,SD00044164
SD00044165,SD00044165
SD00044166,SD00044166
SD00041851,SD00041851
SD00041868,SD00041868
SD00041870,SD00041870
SD00041889,SD00041889
SD00041922,SD00041922
SD00041924,SD00041924
SD00041925,SD00041925
SD00041927,SD00041927
SD00041913,SD00041913
SD00042866,SD00042866
SD00042867,SD00042867
SD00042878,SD00042878
SD00041952,QTLOD4031102C
SD00042259,SD00042259
SD00042260,SD00042260
SD00042264,SD00042264
SD00042269,SD00042269
SD00042270,SD00042270
SD00042882,SD00042882
SD00042906,SD00042906
SD00042907,SD00042907
SD00042908,SD00042908
SD00042090,SD00042090
SD00042915,SD00042915
SD00042916,SD00042916
SD00042524,SD00042524
SD00043834,SD00043834
SD00046526,SD00046526
SD00045934,SD00045934
SD00046072,SD00046072
SD00046073,SD00046073
SD00046074,SD00046074
SD00046077,SD00046077
SD00046079,SD00046079
SD00046080,SD00046080
SD00046081,SD00046081
SD00046082,SD00046082
SD00047465,SD00047465
SD00047466,SD00047466
SD00047510,SD00047510
SD00047511,SD00047511
SD00047525,SD00047525
SD00047528,SD00047528
SD00047514,SD00047514
SD00045319,SD00045319
SD00045320,SD00045320
SD00045965,SD00045965
SD00047663,SD00047663
SD00047664,SD00047664
SD00045318,SD00045318
SD00048320,SD00048320
SD00048321,SD00048321
SD00045966,SD00045966
SD00046278,SD00046278
SD00049377,SD00049377
SD00049379,SD00049379
SD00049380,SD00049380
SD00049381,SD00049381
SD00049592,SD00049592
SD00048966,SD00048966
SD00048967,SD00048967
SD00048968,SD00048968
SD00048969,SD00048969
SD00048963,SD00048963
SD00048964,SD00048964
SD00049035,SD00049035
SD00049019,SD00049019
SD00049033,SD00049033
SD00049034,SD00049034
SD00050599,SD00050599
SD00050900,SD00050900
SD00051251,SD00051251
SD00051273,SD00051273
SD00051276,SD00051276
SD00051255,SD00051255
SD00051249,SD00051249
SD00051253,SD00051253
SD00051254,SD00051254
SD00051277,SD00051277
SD00051275,SD00051275
SD00051272,SD00051272
SD00051252,SD00051252
SD00051274,SD00051274
SD00051279,SD00051279
SD00051176,SD00051176
SD00051303,SD00051303
SD00051169,SD00051169
SD00051582,SD00051582
SD00051587,SD00051587
SD00051248,SD00051248
SD00051170,SD00051170
SD00051884,SD00051884
SD00051552,SD00051552
SD00051554,SD00051554
SD00052270,SD00052270
SD00052272,SD00052272
SD00052274,SD00052274
SD00052275,SD00052275
SD00052276,SD00052276
SD00052277,SD00052277
SD00052278,SD00052278
SD00052280,SD00052280
SD00052281,SD00052281
SD00052282,SD00052282
SD00052283,SD00052283
SD00052284,SD00052284
SD00052288,SD00052288
SD00042984,SD00042984
SD00042992,SD00042992
SD00043018,SD00043018
SD00049017,SD00049017
SD00049252,SD00049252
SD00051256,SD00051256
SD00051278,SD00051278
SD00052279,SD00052279
SD00036225,SD00036225
SD00036226,SD00036226
SD00038756,SD00038756
SD00050899,SD00050899
SD00051264,SD00051264
SD00051261,SD00051261
SD00051259,SD00051259
SD00051258,SD00051258
SD00051262,SD00051262
SD00051260,SD00051260
SD00051263,SD00051263
SD00052112,SD00052112
SD00052113,SD00052113
SD00035718,SD00035718
SD00040037,SD00040037
,KR5013
SD00052289,SD00052289
SD00045321,SD00045321
SD00050774,SD00050774
SD00051949,SD00051949
SD00051930,SD00051930
SD00051931,SD00051931
SD00051950,SD00051950
,HS7848ALBL
,HS7848AL
,HS7848AR
,HS7849BL
,HS7849BR
SD00036221,SD00036221
SD00042764,SD00042764
SD00045970,SD00045970
SD00027786,SD00027786
SD00027787,SD00027787
SD00027974,SD00027974
SD00027975,SD00027975
SD00027976,SD00027976
SD00027977,SD00027977
SD00027987,SD00027987
SD00028106,SD00028106
SD00028107,SD00028107
SD00028114,SD00028114
SD00028115,SD00028115
SD00028116,SD00028116
SD00028130,SD00028130
SD00028131,SD00028131
SD00028132,SD00028132
SD00028134,SD00028134
SD00028136,SD00028136
SD00028179,SD00028179
SD00028180,SD00028180
SD00028181,SD00028181
SD00028184,SD00028184
SD00028236,SD00028236
SD00028237,SD00028237
SD00028240,SD00028240
SD00028241,SD00028241
SD00028245,SD00028245
SD00028248,SD00028248
SD00028249,SD00028249
SD00028259,SD00028259
SD00028260,SD00028260
SD00028261,SD00028261
SD00028264,SD00028264
SD00028265,SD00028265
SD00028266,SD00028266
SD00028268,SD00028268
SD00028270,SD00028270
SD00028271,SD00028271
SD00028272,SD00028272
SD00028273,SD00028273
SD00028274,SD00028274
SD00028277,SD00028277
SD00028279,SD00028279
SD00028354,SD00028354
SD00028406,SD00028406
SD00028413,SD00028413
SD00028415,SD00028415
SD00028421,SD00028421
SD00031080,SD00031080
SD00031081,SD00031081
SD00031082,SD00031082
SD00031929,SD00031929
SD00031931,SD00031931
SD00031932,SD00031932
SD00031936,SD00031936
SD00031937,SD00031937
SD00031938,SD00031938
SD00031939,SD00031939
SD00031940,SD00031940
SD00032297,SD00032297
SD00034631,SD00034631
SD00034632,SD00034632
SD00034633,SD00034633
SD00034634,SD00034634
SD00034635,SD00034635
SD00034638,SD00034638
SD00034640,SD00034640
SD00035219,SD00035219
SD00035222,SD00035222
SD00035223,SD00035223
SD00035574,SD00035574
SD00038612,SD00038612
SD00038613,SD00038613
SD00038544,SD00038544
SD00038577,SD00038577
SD00038582,SD00038582
SD00041475,SD00041475
SD00041479,SD00041479
SD00041487,SD00041487
SD00041488,SD00041488
SD00041491,SD00041491
SD00038553,SD00038553
SD00038554,SD00038554
SD00038555,SD00038555
SD00038556,SD00038556
SD00038579,SD00038579
SD00038630,SD00038630
SD00038636,SD00038636
SD00041041,SD00041041
SD00041042,SD00041042
SD00041043,SD00041043
SD00041044,SD00041044
SD00041045,SD00041045
SD00041046,SD00041046
SD00041048,SD00041048
SD00041049,SD00041049
SD00041052,SD00041052
SD00041054,SD00041054
SD00041058,SD00041058
SD00041147,SD00041147
SD00041151,SD00041151
SD00041153,SD00041153
SD00041470,SD00041470
SD00041825,SD00041825
SD00041032,SD00041032
SD00041036,SD00041036
SD00041038,SD00041038
SD00041827,SD00041827
SD00041981,SD00041981
SD00041983,SD00041983
SD00041013,SD00041013
SD00041635,SD00041635
SD00041637,SD00041637
SD00041638,SD00041638
SD00040960,SD00040960
SD00040961,SD00040961
SD00040962,SD00040962
SD00040963,SD00040963
SD00041178,SD00041178
SD00041197,SD00041197
SD00041206,SD00041206
SD00041208,SD00041208
SD00041220,SD00041220
SD00041221,SD00041221
SD00041222,SD00041222
SD00041223,SD00041223
SD00041224,SD00041224
SD00041225,SD00041225
SD00041226,SD00041226
SD00041227,SD00041227
SD00041228,SD00041228
SD00041230,SD00041230
SD00041232,SD00041232
SD00041282,SD00041282
SD00041284,SD00041284
SD00041285,SD00041285
SD00041547,SD00041547
SD00041552,SD00041552
SD00041555,SD00041555
SD00041556,SD00041556
SD00041557,SD00041557
SD00041558,SD00041558
SD00041559,SD00041559
SD00041562,SD00041562
SD00041563,SD00041563
SD00041564,SD00041564
SD00041565,SD00041565
SD00041567,SD00041567
SD00041568,SD00041568
SD00041569,SD00041569
SD00041203,SD00041203
SD00038629,SD00038629
SD00040906,SD00040906
SD00041681,SD00041681
SD00040915,SD00040915
SD00040918,SD00040918
SD00040919,SD00040919
SD00043557,SD00043557
SD00044187,SD00044187
SD00044190,SD00044190
SD00041174,SD00041174
SD00041185,SD00041185
SD00041186,SD00041186
SD00041204,SD00041204
SD00041205,SD00041205
SD00041207,SD00041207
SD00041209,SD00041209
SD00041550,SD00041550
SD00041881,SD00041881
SD00041908,SD00041908
SD00043558,SD00043558
SD00042751,SD00042751
SD00042752,SD00042752
SD00042754,SD00042754
SD00042756,SD00042756
SD00042757,SD00042757
SD00042758,SD00042758
SD00042759,SD00042759
SD00042760,SD00042760
SD00042761,SD00042761
SD00042762,SD00042762
SD00042766,SD00042766
SD00042767,SD00042767
SD00042775,SD00042775
SD00042777,SD00042777
SD00042778,SD00042778
SD00042779,SD00042779
SD00042780,SD00042780
SD00042781,SD00042781
SD00042782,SD00042782
SD00042784,SD00042784
SD00042786,SD00042786
SD00042787,SD00042787
SD00042789,SD00042789
SD00042798,SD00042798
SD00042801,SD00042801
SD00042803,SD00042803
SD00044609,SD00044609
SD00045362,SD00045362
SD00041535,SD00041535
SD00048426,SD00048426
SD00048427,SD00048427
SD00049476,SD00049476
SD00049478,SD00049478
SD00049484,SD00049484
SD00049499,SD00049499
SD00049512,SD00049512
SD00049513,SD00049513
SD00049516,SD00049516
SD00049517,SD00049517
SD00049520,SD00049520
SD00049727,SD00049727
SD00049743,SD00049743
SD00049744,SD00049744
SD00049745,SD00049745
SD00049746,SD00049746
SD00049748,SD00049748
SD00049749,SD00049749
SD00049479,SD00049479
SD00049481,SD00049481
SD00049488,SD00049488
SD00049480,SD00049480
SD00049482,SD00049482
SD00050515,SD00050515
SD00050513,SD00050513
SD00050514,SD00050514
SD00049486,SD00049486
SD00049487,SD00049487
SD00049485,SD00049485
SD00047749,SD00047749
SD00049514,SD00049514
SD00049515,SD00049515
SD00051153,SD00051153
SD00051152,SD00051152
SD00051412,SD00051412
SD00051413,SD00051413
SD00051396,SD00051396
SD00051309,SD00051309
SD00051430,SD00051430
SD00051714,SD00051714
SD00051715,SD00051715
SD00051712,SD00051712
SD00051711,SD00051711
SD00051716,SD00051716
SD00051710,SD00051710
SD00051713,SD00051713
SD00051307,SD00051307
SD00052019,SD00052019
SD00051511,SD00051511
SD00051513,SD00051513
SD00051515,SD00051515
SD00051522,SD00051522
SD00051523,SD00051523
SD00051525,SD00051525
SD00051527,SD00051527
SD00051531,SD00051531
SD00051533,SD00051533
SD00051534,SD00051534
SD00051535,SD00051535
SD00051536,SD00051536
SD00051538,SD00051538
SD00051539,SD00051539
SD00051540,SD00051540
SD00051541,SD00051541
SD00051547,SD00051547
SD00051548,SD00051548
SD00051549,SD00051549
SD00051550,SD00051550
SD00051890,SD00051890
SD00051891,SD00051891
SD00051892,SD00051892
SD00051894,SD00051894
SD00051895,SD00051895
SD00051896,SD00051896
SD00051898,SD00051898
SD00051101,SD00051101
SD00051553,SD00051553
SD00051095,SD00051095
SD00051089,SD00051089
SD00051081,SD00051081
SD00052016,SD00052016
SD00052018,SD00052018
SD00051100,SD00051100
SD00051093,SD00051093
SD00051092,SD00051092
SD00052013,SD00052013
SD00052014,SD00052014
SD00052482,SD00052482
SD00052484,SD00052484
SD00052485,SD00052485
SD00052486,SD00052486
SD00052489,SD00052489
SD00052488,SD00052488
SD00046301,SD00046301
SD00051098,SD00051098
SD00050775,SD00050775
SD00052307,SD00052307
SD00052308,SD00052308
SD00052309,SD00052309
SD00052310,SD00052310
SD00052553,SD00052553
SD00052552,SD00052552
SD00027986,SD00027986
SD00028407,SD00028407
SD00041545,SD00041545
SD00035573,SD00035573
SD00041636,SD00041636
SD00041630,SD00041630
SD00040965,SD00040965
SD00040966,SD00040966
SD00040875,SD00040875
SD00040877,SD00040877
SD00041678,SD00041678
SD00041679,SD00041679
SD00050379,SD00050379
SD00052017,SD00052017
SD00052303,SD00052303
SD00052304,SD00052304
SD00052306,SD00052306
SD00052311,SD00052311
SD00047751,SD00047751
SD00049251,SD00049251
SD00052302,SD00052302
SD00051514,SD00051514
SD00051516,SD00051516
SD00051517,SD00051517
SD00051518,SD00051518
SD00051520,SD00051520
SD00051529,SD00051529
SD00051542,SD00051542
SD00051551,SD00051551
SD00040933,SD00040933
SD00051094,SD00051094
902,000000902
903,000000903
1916,SP000017700
1917,SP000021347
2253,000002253
3079,000003079
3160,000003160
3164,000003164
3172,000003172
3200,000003200
3220,000003220
3306,000003306
3371,000003371
3462,000003462
3478,000003478
3719,000003719
11658,000011658
15948,000015948
15978,000015978
15986,000015986
15998,000015998
16002,000016002
16009,000016009
16015,000016015
16016,000016016
16032,000016032
16044,000016044
16086,000016086
16133,SP000017459
23664,SP000004701
23671,SP000026590
36698,SP000036087
36993,SP000036376
36994,SP000036377
36995,SP000036378
37950,SP000037299
SD00051664,SD00051664
15974,000015974
15977,000015977
16031,000016031
SD00051909,SD00051909
SD00052015,SD00052015
SD00051933,SD00051933
SD00051934,SD00051934
SD00051935,SD00051935
SD00051936,SD00051936
SD00051937,SD00051937
SD00051938,SD00051938
3075,000003075
15988,000015988
SD00049552,SD00049552
15968,000015968
16018,000016018
SD00042091,SD00042091
SD00051086,SD00051086
SD00051078,SD00051078
SD00040951,SD00040951
SD00051091,SD00051091
SD00038631,SD00038631
SD00039613,SD00039613
25878,000025878
SD00042271,SD00042271
SD00038617,SD00038617
SD00038637,SD00038637
SD00042532,SD00042532
SD00043621,SD00043621
SD00042266,SD00042266
SD00042912,SD00042912
SD00045489,SD00045489
SD00052285,SD00052285
SD00052286,SD00052286
SD00046563,SD00046563
SD00025314,SD00025314
SD00025315,SD00025315
SD00025449,SD00025449
SD00002511,SD00002511
SD00002513,SD00002513
SD00002514,SD00002514
SD00002515,SD00002515
SD00002516,SD00002516
SD00002520,SD00002520
SD00002521,SD00002521
SD00002525,SD00002525
SD00002529,SD00002529
SD00002536,SD00002536
SD00002537,SD00002537
SD00002541,SD00002541
SD00002542,SD00002542
SD00002543,SD00002543
SD00002544,SD00002544
SD00002546,SD00002546
SD00002547,SD00002547
SD00002548,SD00002548
SD00002549,SD00002549
SD00002551,SD00002551
SD00002553,SD00002553
SD00002554,SD00002554
SD00002555,SD00002555
SD00002556,SD00002556
SD00002557,SD00002557
SD00002559,SD00002559
SD00002560,SD00002560
SD00002565,SD00002565
SD00002566,SD00002566
SD00002570,SD00002570
SD00002571,SD00002571
SD00002572,SD00002572
SD00002574,SD00002574
SD00002576,SD00002576
SD00002579,SD00002579
SD00002580,SD00002580
SD00002581,SD00002581
SD00002582,SD00002582
SD00002583,SD00002583
SD00002584,SD00002584
SD00002585,SD00002585
SD00002586,SD00002586
SD00002587,SD00002587
SD00002588,SD00002588
SD00002589,SD00002589
SD00002590,SD00002590
SD00002591,SD00002591
SD00002592,SD00002592
SD00002597,SD00002597
SD00002598,SD00002598
SD00002601,SD00002601
SD00002602,SD00002602
SD00002604,SD00002604
SD00002605,SD00002605
SD00002606,SD00002606
SD00002607,SD00002607
SD00002608,SD00002608
SD00002609,SD00002609
SD00002610,SD00002610
SD00002611,SD00002611
SD00002612,SD00002612
SD00002614,SD00002614
SD00002615,SD00002615
SD00002616,SD00002616
SD00002617,SD00002617
SD00002618,SD00002618
SD00002644,SD00002644
SD00002651,SD00002651
SD00002652,SD00002652
SD00002653,SD00002653
SD00002661,SD00002661
SD00002662,SD00002662
SD00002663,SD00002663
SD00002664,SD00002664
SD00002665,SD00002665
SD00002666,SD00002666
SD00002678,SD00002678
SD00002680,SD00002680
SD00002681,SD00002681
SD00002682,SD00002682
SD00002683,SD00002683
SD00002684,SD00002684
SD00002687,SD00002687
SD00002692,SD00002692
SD00002693,SD00002693
SD00002697,SD00002697
SD00002701,SD00002701
SD00002702,SD00002702
SD00002703,SD00002703
SD00002704,SD00002704
SD00002707,SD00002707
SD00002714,SD00002714
SD00002715,SD00002715
SD00002719,SD00002719
SD00002737,SD00002737
SD00002738,SD00002738
SD00002740,SD00002740
SD00002741,SD00002741
SD00002743,SD00002743
SD00002746,SD00002746
SD00002747,SD00002747
SD00002748,SD00002748
SD00002749,SD00002749
SD00002750,SD00002750
SD00002756,SD00002756
SD00002758,SD00002758
SD00002759,SD00002759
SD00002760,SD00002760
SD00002761,SD00002761
SD00002765,SD00002765
SD00002766,SD00002766
SD00002767,SD00002767
SD00002768,SD00002768
SD00002769,SD00002769
SD00002771,SD00002771
SD00002772,SD00002772
SD00002773,SD00002773
SD00002774,SD00002774
SD00002775,SD00002775
SD00002776,SD00002776
SD00002777,SD00002777
SD00002778,SD00002778
SD00002779,SD00002779
SD00002780,SD00002780
SD00002781,SD00002781
SD00002782,SD00002782
SD00002783,SD00002783
SD00002784,SD00002784
SD00002795,SD00002795
SD00002797,SD00002797
SD00002799,SD00002799
SD00002801,SD00002801
SD00002803,SD00002803
SD00002805,SD00002805
SD00002808,SD00002808
SD00002810,SD00002810
SD00002813,SD00002813
SD00002815,SD00002815
SD00002816,SD00002816
SD00002817,SD00002817
SD00002818,SD00002818
SD00002819,SD00002819
SD00002820,SD00002820
SD00002822,SD00002822
SD00002823,SD00002823
SD00002825,SD00002825
SD00002827,SD00002827
SD00002829,SD00002829
SD00002831,SD00002831
SD00002834,SD00002834
SD00002836,SD00002836
SD00002839,SD00002839
SD00004661,SD00004661
SD00004664,SD00004664
SD00004667,SD00004667
SD00004670,SD00004670
SD00004673,SD00004673
SD00004676,SD00004676
SD00004679,SD00004679
SD00004682,SD00004682
SD00004685,SD00004685
SD00005471,SD00005471
SD00005482,SD00005482
SD00005483,SD00005483
SD00005490,SD00005490
SD00005491,SD00005491
SD00005496,SD00005496
SD00005696,SD00005696
SD00005707,SD00005707
SD00005708,SD00005708
SD00005744,SD00005744
SD00007253,SD00007253
SD00008303,SD00008303
SD00008304,SD00008304
SD00008305,SD00008305
SD00008306,SD00008306
SD00008307,SD00008307
SD00008308,SD00008308
SD00008311,SD00008311
SD00008315,SD00008315
SD00008334,SD00008334
SD00008351,SD00008351
SD00008354,SD00008354
SD00008507,SD00008507
SD00008509,SD00008509
SD00008511,SD00008511
SD00008513,SD00008513
SD00008515,SD00008515
SD00008517,SD00008517
SD00008519,SD00008519
SD00008523,SD00008523
SD00009371,SD00009371
SD00010124,SD00010124
SD00010126,SD00010126
SD00010128,SD00010128
SD00010130,SD00010130
SD00010132,SD00010132
SD00010134,SD00010134
SD00010136,SD00010136
SD00010138,SD00010138
SD00010140,SD00010140
SD00010142,SD00010142
SD00010151,SD00010151
SD00010153,SD00010153
SD00010154,SD00010154
SD00010155,SD00010155
SD00010156,SD00010156
SD00010157,SD00010157
SD00010158,SD00010158
SD00010159,SD00010159
SD00010222,SD00010222
SD00010227,SD00010227
SD00010240,SD00010240
SD00010254,SD00010254
SD00010261,SD00010261
SD00010262,SD00010262
SD00010263,SD00010263
SD00010264,SD00010264
SD00010504,SD00010504
SD00010505,SD00010505
SD00010506,SD00010506
SD00010510,SD00010510
SD00010547,SD00010547
SD00010549,SD00010549
SD00010550,SD00010550
SD00010551,SD00010551
SD00010552,SD00010552
SD00010553,SD00010553
SD00010554,SD00010554
SD00010555,SD00010555
SD00010557,SD00010557
SD00010558,SD00010558
SD00010560,SD00010560
SD00010561,SD00010561
SD00010562,SD00010562
SD00010563,SD00010563
SD00010565,SD00010565
SD00010567,SD00010567
SD00010570,SD00010570
SD00010575,SD00010575
SD00010576,SD00010576
SD00010577,SD00010577
SD00010578,SD00010578
SD00010579,SD00010579
SD00010583,SD00010583
SD00010871,SD00010871
SD00010872,SD00010872
SD00010873,SD00010873
SD00010874,SD00010874
SD00010875,SD00010875
SD00010876,SD00010876
SD00010877,SD00010877
SD00010878,SD00010878
SD00010879,SD00010879
SD00010880,SD00010880
SD00010881,SD00010881
SD00010882,SD00010882
SD00010883,SD00010883
SD00010884,SD00010884
SD00010885,SD00010885
SD00010886,SD00010886
SD00010887,SD00010887
SD00010888,SD00010888
SD00010889,SD00010889
SD00010890,SD00010890
SD00010891,SD00010891
SD00010892,SD00010892
SD00010893,SD00010893
SD00010894,SD00010894
SD00010895,SD00010895
SD00010896,SD00010896
SD00010897,SD00010897
SD00010898,SD00010898
SD00010899,SD00010899
SD00010900,SD00010900
SD00010901,SD00010901
SD00010902,SD00010902
SD00010969,SD00010969
SD00010972,SD00010972
SD00010974,SD00010974
SD00010976,SD00010976
SD00010978,SD00010978
SD00010980,SD00010980
SD00010982,SD00010982
SD00010984,SD00010984
SD00010988,SD00010988
SD00010992,SD00010992
SD00010997,SD00010997
SD00011000,SD00011000
SD00011002,SD00011002
SD00011004,SD00011004
SD00011006,SD00011006
SD00011008,SD00011008
SD00011010,SD00011010
SD00011012,SD00011012
SD00011016,SD00011016
SD00011019,SD00011019
SD00017968,SD00017968
SD00017969,SD00017969
SD00017970,SD00017970
SD00017971,SD00017971
SD00017972,SD00017972
SD00017973,SD00017973
SD00017974,SD00017974
SD00017975,SD00017975
SD00017977,SD00017977
SD00017978,SD00017978
SD00020899,SD00020899
SD00021092,SD00021092
SD00021093,SD00021093
SD00021094,SD00021094
SD00021095,SD00021095
SD00021097,SD00021097
SD00021098,SD00021098
SD00021314,SD00021314
SD00021315,SD00021315
SD00021323,SD00021323
SD00021324,SD00021324
SD00021326,SD00021326
SD00021327,SD00021327
SD00021328,SD00021328
SD00021329,SD00021329
SD00021330,SD00021330
SD00021332,SD00021332
SD00021334,SD00021334
SD00021335,SD00021335
SD00021337,SD00021337
SD00021338,SD00021338
SD00021339,SD00021339
SD00021340,SD00021340
SD00021341,SD00021341
SD00021345,SD00021345
SD00021346,SD00021346
SD00021347,SD00021347
SD00021421,SD00021421
SD00021422,SD00021422
SD00021423,SD00021423
SD00021424,SD00021424
SD00025317,SD00025317
SD00020902,SD00020902
SD00000032,SD00000032
SD00000033,SD00000033
SD00006180,SD00006180
SD00006182,SD00006182
SD00009370,SD00009370
SD00025316,SD00025316
SD00028898,SD00028898
SD00028899,SD00028899
SD00028901,SD00028901
SD00030277,SD00030277
SD00030278,SD00030278
SD00031224,SD00031224
SD00031225,SD00031225
SD00021351,SD00021351
SD00032928,SD00032928
SD00035644,SD00035644
SD00039909,SD00039909
SD00039910,SD00039910
SD00039911,SD00039911
SD00039912,SD00039912
SD00039914,SD00039914
SD00039915,SD00039915
SD00039916,SD00039916
SD00039917,SD00039917
SD00039918,SD00039918
SD00039904,SD00039904
SD00039905,SD00039905
SD00039906,SD00039906
SD00039907,SD00039907
SD00039908,SD00039908
SD00039919,SD00039919
SD00039920,SD00039920
SD00039921,SD00039921
SD00039923,SD00039923
SD00039924,SD00039924
SD00039925,SD00039925
SD00039926,SD00039926
SD00039927,SD00039927
SD00039928,SD00039928
SD00039030,SD00039030
SD00041729,SD00041729
SD00041730,SD00041730
SD00045661,SD00045661
SD00047851,SD00047851
SD00047852,SD00047852
SD00047800,SD00047800
SD00047859,SD00047859
SD00047814,SD00047814
SD00047892,SD00047892
SD00047880,SD00047880
SD00047882,SD00047882
SD00047829,SD00047829
SD00047907,SD00047907
SD00047908,SD00047908
SD00047837,SD00047837
SD00047875,SD00047875
SD00047853,SD00047853
SD00047789,SD00047789
SD00047816,SD00047816
SD00047820,SD00047820
SD00047806,SD00047806
SD00047822,SD00047822
SD00047895,SD00047895
SD00047896,SD00047896
SD00047899,SD00047899
SD00047850,SD00047850
SD00047911,SD00047911
SD00047854,SD00047854
SD00047921,SD00047921
SD00047828,SD00047828
SD00047856,SD00047856
SD00047835,SD00047835
SD00047920,SD00047920
SD00047942,SD00047942
SD00047855,SD00047855
SD00047838,SD00047838
SD00047903,SD00047903
SD00047906,SD00047906
SD00047823,SD00047823
SD00047913,SD00047913
SD00047900,SD00047900
SD00047916,SD00047916
SD00047923,SD00047923
SD00047901,SD00047901
SD00047797,SD00047797
SD00047799,SD00047799
SD00047857,SD00047857
SD00047925,SD00047925
SD00047938,SD00047938
SD00047940,SD00047940
SD00047898,SD00047898
SD00047879,SD00047879
SD00047943,SD00047943
SD00047803,SD00047803
SD00047924,SD00047924
SD00047932,SD00047932
SD00047795,SD00047795
SD00047834,SD00047834
SD00047844,SD00047844
SD00047904,SD00047904
SD00047836,SD00047836
SD00047876,SD00047876
SD00047939,SD00047939
SD00047812,SD00047812
SD00047801,SD00047801
SD00047827,SD00047827
SD00047788,SD00047788
SD00047922,SD00047922
SD00047931,SD00047931
SD00047935,SD00047935
SD00047937,SD00047937
SD00047817,SD00047817
SD00047824,SD00047824
SD00047928,SD00047928
SD00047813,SD00047813
SD00047826,SD00047826
SD00047798,SD00047798
SD00047802,SD00047802
SD00047831,SD00047831
SD00047902,SD00047902
SD00047909,SD00047909
SD00047917,SD00047917
SD00047941,SD00047941
SD00047794,SD00047794
SD00047796,SD00047796
SD00050573,SD00050573
SD00050576,SD00050576
SD00050574,SD00050574
SD00050575,SD00050575
SD00050572,SD00050572
SD00050764,SD00050764
SD00050987,SD00050987
SD00050992,SD00050992
SD00050989,SD00050989
SD00050991,SD00050991
SD00050988,SD00050988
SD00050983,SD00050983
SD00050990,SD00050990
SD00050984,SD00050984
SD00050985,SD00050985
SD00050986,SD00050986
SD00052116,SD00052116
SD00036223,SD00036223
SD00045286,SD00045286
SD00050772,SD00050772
SD00051281,SD00051281
SD00051280,SD00051280
SD00051283,SD00051283
SD00051285,SD00051285
SD00051284,SD00051284
SD00051282,SD00051282
SD00051434,SD00051434
SD00051555,SD00051555
SD00052293,SD00052293
SD00052294,SD00052294
SD00052296,SD00052296
SD00052297,SD00052297
SD00052298,SD00052298
SD00052299,SD00052299
SD00052300,SD00052300
SD00052301,SD00052301
SD00043011,SD00043011
SD00043015,SD00043015
SD00042529,SD00042529
SD00042527,SD00042527
SD00042533,SD00042533
SD00052183,SD00052183
SD00052185,SD00052185
SD00010569,SD00010569
SD00008521,SD00008521
SD00040916,SD00040916
SD00043560,SD00043560
SD00042868,SD00042868
SD00042889,SD00042889
SD00042267,SD00042267
SD00047843,SD00047843
SD00047821,SD00047821
SD00047870,SD00047870
SD00047873,SD00047873
SD00047839,SD00047839
SD00047927,SD00047927
SD00047841,SD00047841
SD00047930,SD00047930
SD00047860,SD00047860
SD00047805,SD00047805
SD00047790,SD00047790
SD00047791,SD00047791
SD00047793,SD00047793
SD00047915,SD00047915
SD00047914,SD00047914
SD00047818,SD00047818
SD00047825,SD00047825
SD00047894,SD00047894
SD00047858,SD00047858
SD00047910,SD00047910
SD00047912,SD00047912
SD00047833,SD00047833
SD00047787,SD00047787
SD00047918,SD00047918
SD00047849,SD00047849
SD00047926,SD00047926
SD00047934,SD00047934
SD00047919,SD00047919
SD00047804,SD00047804
SD00047929,SD00047929
SD00047810,SD00047810
SD00047878,SD00047878
SD00047808,SD00047808
SD00047792,SD00047792
SD00047897,SD00047897
SD00047936,SD00047936
SD00047871,SD00047871
SD00047815,SD00047815
SD00047832,SD00047832
SD00047933,SD00047933
SD00051084,SD00051084
SD00051998,SD00051998
SD00051999,SD00051999
SD00052000,SD00052000
SD00052001,SD00052001
SD00052004,SD00052004
SD00052006,SD00052006
SD00052007,SD00052007
SD00052008,SD00052008
SD00052009,SD00052009
SD00052010,SD00052010
SD00052011,SD00052011
SD00052115,SD00052115
SD00052117,SD00052117
SD00002512,SD00002512
SD00002558,SD00002558
SD00002575,SD00002575
SD00002679,SD00002679
SD00002742,SD00002742
SD00002744,SD00002744
SD00002751,SD00002751
SD00002814,SD00002814
SD00002821,SD00002821
SD00002830,SD00002830
SD00002832,SD00002832
SD00002837,SD00002837
SD00005698,SD00005698
SD00010548,SD00010548
SD00010556,SD00010556
SD00010564,SD00010564
SD00010571,SD00010571
SD00010573,SD00010573
SD00010574,SD00010574
SD00020900,SD00020900
SD00021333,SD00021333
SD00021350,SD00021350
SD00021425,SD00021425
SD00005691,SD00005691
SD00028900,SD00028900
SD00002567,SD00002567
SD00039913,SD00039913
SD00039922,SD00039922
SD00042998,SD00042998
SD00042999,SD00042999
SD00043000,SD00043000
SD00043002,SD00043002
SD00043004,SD00043004
SD00043005,SD00043005
SD00043006,SD00043006
SD00041728,SD00041728
SD00046562,SD00046562
SD00047872,SD00047872
SD00047830,SD00047830
SD00047809,SD00047809
24372,000024372
24373,000024373
27663,000027663
SD00045982,SD00045982
SD00047874,SD00047874
SD00047811,SD00047811
SD00047861,SD00047861
SD00047865,SD00047865
SD00047866,SD00047866
SD00052215,SD00052215
SD00052234,SD00052234
SD00045432,SD00045432
SD00052186,SD00052186
SD00052187,SD00052187
SD00052189,SD00052189
SD00052190,SD00052190
SD00052191,SD00052191
SD00052192,SD00052192
SD00052194,SD00052194
SD00053012,SD00053012
SD00051907,SD00051907
SD00051911,SD00051911
SD00051208,SD00051208
26594,000026594
SD00052051,SD00052051
SD00052053,SD00052053
SD00052057,SD00052057
SD00052059,SD00052059
SD00052061,SD00052061
SD00052072,SD00052072
SD00052080,SD00052080
SD00052081,SD00052081
SD00052083,SD00052083
SD00052027,SD00052027
SD00052042,SD00052042
SD00052044,SD00052044
SD00052046,SD00052046
SD00052047,SD00052047
SD00052049,SD00052049
SD00052075,SD00052075
SD00052076,SD00052076
SD00052077,SD00052077
SD00052078,SD00052078
SD00052079,SD00052079
SD00052082,SD00052082
SD00052084,SD00052084
SD00052085,SD00052085
SD00002603,SD00002603
SD00002696,SD00002696
SD00008310,SD00008310
SD00052024,SD00052024
SD00052055,SD00052055
SD00052074,SD00052074
SD00051310,SD00051310
SD00052021,SD00052021
,SD00049138
,SD00041475
SD00047877,SD00047877
SD00047863,SD00047863
SD00047893,SD00047893
SD00047862,SD00047862
SD00050601,SD00050601
SD00050898,SD00050898
SD00051296,SD00051296
SD00051295,SD00051295
SD00051300,SD00051300
SD00051297,SD00051297
SD00051294,SD00051294
SD00051269,SD00051269
SD00051270,SD00051270
SD00051289,SD00051289
SD00051292,SD00051292
SD00051290,SD00051290
SD00051268,SD00051268
SD00051286,SD00051286
SD00051267,SD00051267
SD00051291,SD00051291
SD00051266,SD00051266
SD00051293,SD00051293
SD00051287,SD00051287
SD00051288,SD00051288
SD00042525,SD00042525
SD00042526,SD00042526
SD00050897,SD00050897
SD00052181,SD00052181
SD00052182,SD00052182
SD00051948,SD00051948
SD00042538,SD00042538
SD00049172,SD00049172
509,000000509
510,000000510
511,000000511
520,000000520
538,000000538
539,000000539
540,000000540
544,000000544
565,000000565
566,000000566
567,000000567
568,000000568
569,000000569
570,000000570
590,000000590
623,000000623
624,000000624
629,000000629
630,000000630
631,000000631
680,000000680
682,000000682
683,000000683
684,000000684
702,000000702
703,000000703
705,000000705
710,000000710
711,000000711
720,000000720
747,000000747
753,000000753
904,000000904
906,000000906
907,000000907
908,000000908
909,000000909
910,000000910
912,000000912
917,000000917
927,000000927
928,000000928
929,000000929
930,000000930
964,000000964
965,000000965
966,000000966
967,000000967
1050,000001050
1052,000001052
1055,000001055
1060,000001060
1064,000001064
1070,000001070
1089,000001089
1099,000001099
1118,000001118
1121,000001121
1125,000001125
1127,000001127
1130,000001130
1131,000001131
1133,000001133
1136,000001136
1161,000001161
1221,000001221
1222,000001222
1226,000001226
1227,000001227
1231,000001231
1239,000001239
1240,000001240
1241,000001241
1245,000001245
1248,000001248
1250,000001250
1340,000001340
1374,000001374
1375,000001375
1376,000001376
1377,000001377
1378,000001378
1379,000001379
1392,000001392
1407,000001407
1450,000001450
1451,000001451
1455,000001455
1469,000001469
1493,000001493
1498,000001498
1500,000001500
1501,000001501
1504,000001504
1505,000001505
1507,000001507
1685,000001685
1897,000001897
1898,000001898
1901,000001901
1925,000001925
1938,000001938
1939,000001939
1946,000001946
1947,000001947
2007,000002007
2118,000002118
2157,000002157
2161,000002161
2162,000002162
2164,000002164
2167,000002167
2172,000002172
2194,000002194
2195,000002195
2196,000002196
2200,000002200
2201,000002201
2251,000002251
2252,000002252
2287,000002287
2369,000002369
2451,000002451
2455,000002455
2456,000002456
2457,000002457
2464,000002464
2489,000002489
3007,000003007
3042,000003042
3043,000003043
3044,000003044
3045,000003045
3046,000003046
3047,000003047
3053,000003053
3054,000003054
3055,000003055
3056,000003056
3057,000003057
3059,000003059
3062,000003062
3063,000003063
3064,000003064
3065,000003065
3066,000003066
3068,000003068
3076,000003076
3077,000003077
3078,000003078
3081,000003081
3082,000003082
3083,000003083
3086,000003086
3093,000003093
3104,000003104
3132,000003132
3136,000003136
3139,000003139
3140,000003140
3141,000003141
3142,000003142
3159,000003159
3161,000003161
3162,000003162
3166,000003166
3169,000003169
3174,000003174
3175,000003175
3182,000003182
3212,000003212
3216,000003216
3222,000003222
3372,000003372
3457,000003457
3461,000003461
3463,000003463
3465,000003465
3467,000003467
3468,000003468
3469,000003469
3724,000003724
3730,000003730
3853,000003853
4157,000004157
4158,000004158
4288,000004288
4362,000004362
4513,000004513
4514,000004514
4808,000004808
4809,000004809
4903,000004903
4921,000004921
5103,000005103
5196,000005196
5198,000005198
5388,000005388
5389,000005389
5390,000005390
5391,000005391
5392,000005392
5396,000005396
5397,000005397
5398,000005398
5399,000005399
5400,000005400
5401,000005401
5402,000005402
5403,000005403
5404,000005404
5405,000005405
5406,000005406
5407,000005407
5413,000005413
5414,000005414
5415,000005415
5416,000005416
5417,000005417
5418,000005418
5421,000005421
5422,000005422
5426,000005426
5427,000005427
5428,000005428
5429,000005429
5430,000005430
5431,000005431
5434,000005434
5436,000005436
5437,000005437
5438,000005438
5439,000005439
5440,000005440
5441,000005441
5444,000005444
5445,000005445
5446,000005446
5448,000005448
5449,000005449
5450,000005450
5451,000005451
5452,000005452
5453,000005453
5454,000005454
5455,000005455
5618,000005618
5619,000005619
5620,000005620
6909,000006909
6920,000006920
7334,000007334
7381,000007381
7873,000007873
7900,000007900
7917,000007917
7919,000007919
7923,000007923
7925,000007925
7948,000007948
8439,000008439
8456,000008456
8560,000008560
8979,000008979
9200,000009200
9201,000009201
9617,000009617
9618,000009618
9621,000009621
9623,000009623
9624,000009624
9627,000009627
9628,000009628
9631,000009631
9638,000009638
9846,000009846
10037,000010037
10056,000010056
10097,000010097
10155,000010155
10156,000010156
10157,000010157
10160,000010160
10161,000010161
10163,000010163
10165,000010165
10166,000010166
10226,000010226
10227,000010227
10253,000010253
10258,000010258
10260,000010260
10266,000010266
10436,000010436
10489,000010489
10491,000010491
10492,000010492
10494,000010494
10495,000010495
10496,000010496
10497,000010497
10498,000010498
10500,000010500
10501,000010501
10502,000010502
10503,000010503
10504,000010504
10505,000010505
10506,000010506
10507,000010507
10508,000010508
10509,000010509
10525,000010525
10526,000010526
10527,000010527
10528,000010528
10529,000010529
10530,000010530
10538,000010538
10539,000010539
10541,000010541
10542,000010542
10570,000010570
10623,000010623
10624,000010624
10729,000010729
10733,000010733
10734,000010734
10738,000010738
10740,000010740
10744,000010744
10746,000010746
10747,000010747
10748,000010748
10945,000010945
11035,000011035
11036,000011036
11976,000011976
12017,000012017
12102,000012102
12103,000012103
12104,000012104
12105,000012105
12106,000012106
12107,000012107
12531,000012531
12532,000012532
12533,000012533
12534,000012534
13454,000013454
13747,000013747
13964,000013964
13976,000013976
13982,000013982
14111,000014111
14113,000014113
14114,000014114
14404,000014404
14405,000014405
14406,000014406
14412,000014412
14483,000014483
14484,000014484
14655,000014655
15014,000015014
15015,000015015
15232,000015232
15233,000015233
15308,000015308
15309,000015309
15310,000015310
15311,000015311
15312,000015312
15468,000015468
15469,000015469
15471,000015471
15718,000015718
15928,000015928
15929,000015929
15930,000015930
15931,000015931
15934,000015934
15935,000015935
15936,000015936
15940,000015940
15941,000015941
15942,000015942
15943,000015943
15946,000015946
15947,000015947
15954,000015954
15957,000015957
15958,000015958
15964,000015964
15969,000015969
15971,000015971
15975,000015975
15982,000015982
15993,000015993
16000,000016000
16004,000016004
16011,000016011
16012,000016012
16019,000016019
16022,000016022
16023,000016023
16025,000016025
16029,000016029
16030,000016030
16034,000016034
16035,000016035
16036,000016036
16038,000016038
16039,000016039
16040,000016040
16046,000016046
16055,000016055
16216,000016216
16335,000016335
16336,000016336
16337,000016337
16338,000016338
16340,000016340
16341,000016341
16342,000016342
16343,000016343
16345,000016345
16346,000016346
16347,000016347
16348,000016348
16349,000016349
16350,000016350
16351,000016351
16372,000016372
16409,000016409
16411,000016411
16415,000016415
16527,000016527
16528,000016528
16546,000016546
16547,000016547
16691,000016691
16899,000016899
16903,000016903
16904,000016904
16979,000016979
16980,000016980
16981,000016981
17013,000017013
17015,000017015
17016,000017016
17017,000017017
17018,000017018
17019,000017019
17020,000017020
17022,000017022
17044,000017044
17047,000017047
17049,000017049
17050,000017050
17055,000017055
17077,000017077
17078,000017078
17079,000017079
17080,000017080
17092,000017092
17259,000017259
17332,000017332
17438,000017438
17449,000017449
17450,000017450
17453,000017453
17454,000017454
17455,000017455
17456,000017456
17504,000017504
17671,000017671
17701,000017701
18047,000018047
18558,000018558
18611,000018611
18612,000018612
18613,000018613
18615,000018615
18616,000018616
19128,000019128
20038,000020038
20060,000020060
20196,000020196
20284,000020284
20285,000020285
20286,000020286
20299,000020299
20326,000020326
20560,000020560
21148,000021148
21281,000021281
21747,000021747
21806,000021806
21807,000021807
21864,000021864
21868,000021868
21869,000021869
22029,000022029
22389,000022389
22511,000022511
22512,000022512
22513,000022513
22514,000022514
22515,000022515
22516,000022516
22519,000022519
22843,000022843
22844,000022844
23020,000023020
23021,000023021
23455,000023455
24296,000024296
24297,000024297
24350,000024350
24351,000024351
24354,24354
24355,24355
24356,000024356
24359,000024359
24360,000024360
24363,000024363
24364,000024364
24365,000024365
24407,000024407
24422,000024422
24474,000024474
24579,000024579
24677,000024677
24809,000024809
24858,000024858
24859,000024859
24957,000024957
24959,000024959
25132,000025132
25136,000025136
25137,000025137
25175,000025175
25366,000025366
25416,000025416
25448,000025448
25536,000025536
25538,000025538
25635,000025635
25658,000025658
25830,000025830
26254,000026254
26255,000026255
26282,000026282
26715,000026715
26912,000026912
27042,000027042
27531,000027531
27937,000027937
27938,000027938
28359,000028359
14222,000014222
15717,000015717
SD00052052,SD00052052
SD00052056,SD00052056
SD00052058,SD00052058
SD00052060,SD00052060
SD00052068,SD00052068
SD00052043,SD00052043
SD00052054,SD00052054
704,000000704
1321,000001321
2472,000002472
5393,000005393
5394,000005394
5395,000005395
5408,000005408
5425,000005425
5442,000005442
5443,000005443
5457,000005457
7870,000007870
10499,000010499
16021,000016021
17042,000017042
24352,000024352
24353,000024353
24357,000024357
24358,000024358
24366,000024366
24368,000024368
SD00052233,SD00052233
SD00002569,SD00002569
SD00002578,SD00002578
SD00002613,SD00002613
SD00002694,SD00002694
SD00002739,SD00002739
SD00010581,SD00010581
16052,000016052
16054,000016054
SD00002770,SD00002770
SD00010508,SD00010508
SD00010509,SD00010509
SD00031274,SD00031274
SD00040996,SD00040996
SD00040878,SD00040878
SD00047480,SD00047480
SD00051512,SD00051512
SD00052487,SD00052487
SD00022012,SD00022012
SD00002656,SD00002656
SD00002762,SD00002762
SD00005495,SD00005495
SD00010568,SD00010568
SD00010572,SD00010572
SD00010580,SD00010580
SD00017967,SD00017967
SD00021336,SD00021336
SD00021349,SD00021349
1564,000001564
3069,000003069
3088,000003088
3170,000003170
3173,000003173
3213,000003213
4994,000004994
6449,000006449
13957,000013957
15470,000015470
16339,000016339
16344,000016344
17014,000017014
17021,000017021
17045,000017045
17046,000017046
27123,000027123
SD00051669,SD00051669
SD00051908,SD00051908
SD00021348,SD00021348
SD00053199,SD00053199
714,000000714
SD00028275,SD00028275
SD00028276,SD00028276
SD00028416,SD00028416
SD00002835,SD00002835
SD00035570,SD00035570
SD00035575,SD00035575
SD00035576,SD00035576
SD00040876,SD00040876
SD00040879,SD00040879
SD00040969,SD00040969
SD00040921,SD00040921
SD00035438,SD00035438
SD00051085,SD00051085
1098,000001098
3080,000003080
4565,000004565
5106,000005106
12018,000012018
13408,000013408
15937,000015937
15980,000015980
15981,000015981
15983,000015983
16417,000016417
16978,000016978
17051,000017051
19127,000019127
21210,000021210
21228,000021228
21234,000021234
21240,000021240
21243,000021243
21244,000021244
21249,000021249
21252,000021252
21253,000021253
21255,000021255
21297,000021297
21346,000021346
23174,000023174
23175,000023175
23185,000023185
24374,000024374
24375,000024375
24810,000024810
25744,000025744
27985,000027985
28469,000028469
SD00007054,SD00007054
SD00007056,SD00007056
SD00007057,SD00007057
SD00008080,SD00008080
SD00008081,SD00008081
SD00010500,SD00010500
SD00034234,SD00034234
SD00034568,SD00034568
SD00034569,SD00034569
SD00022585,SD00022585
SD00022586,SD00022586
SD00022587,SD00022587
SD00022588,SD00022588
SD00022589,SD00022589
SD00030263,SD00030263
SD00030264,SD00030264
SD00030265,SD00030265
SD00030266,SD00030266
SD00033032,SD00033032
SD00033033,SD00033033
SD00033034,SD00033034
SD00033038,SD00033038
SD00033041,SD00033041
SD00034269,SD00034269
SD00035688,SD00035688
SD00035689,SD00035689
SD00035691,SD00035691
SD00035698,SD00035698
SD00035700,SD00035700
SD00035703,SD00035703
SD00036351,SD00036351
SD00036353,SD00036353
SD00040811,SD00040811
SD00041413,SD00041413
SD00049618,SD00049618
SD00049619,SD00049619
SD00050776,SD00050776
SD00050843,SD00050843
SD00050846,SD00050846
SD00050845,SD00050845
SD00050844,SD00050844
SD00051002,SD00051002
SD00052551,SD00052551
SD00052070,SD00052070
SD00052029,SD00052029
SD00052030,SD00052030
SD00052032,SD00052032
SD00052035,SD00052035
SD00052040,SD00052040
SD00051912,SD00051912
SD00052034,SD00052034
SD00052037,SD00052037
SD00012750,SD00012750
SD00003412,SD00003412
SD00003413,SD00003413
SD00003414,SD00003414
SD00003415,SD00003415
SD00003416,SD00003416
SD00003417,SD00003417
SD00003418,SD00003418
SD00003434,SD00003434
SD00003435,SD00003435
SD00003436,SD00003436
SD00003437,SD00003437
SD00003438,SD00003438
SD00003439,SD00003439
SD00003900,SD00003900
SD00003901,SD00003901
SD00003902,SD00003902
SD00003903,SD00003903
SD00003906,SD00003906
SD00003909,SD00003909
SD00004183,SD00004183
SD00004590,SD00004590
SD00004591,SD00004591
SD00004592,SD00004592
SD00004593,SD00004593
SD00004594,SD00004594
SD00004595,SD00004595
SD00004625,SD00004625
SD00004626,SD00004626
SD00004889,SD00004889
SD00004894,SD00004894
SD00004895,SD00004895
SD00004896,SD00004896
SD00004897,SD00004897
SD00004898,SD00004898
SD00005288,SD00005288
SD00005509,SD00005509
SD00005670,SD00005670
SD00005672,SD00005672
SD00005677,SD00005677
SD00005678,SD00005678
SD00005796,SD00005796
SD00005797,SD00005797
SD00005798,SD00005798
SD00005799,SD00005799
SD00005800,SD00005800
SD00005801,SD00005801
SD00005805,SD00005805
SD00005806,SD00005806
SD00005888,SD00005888
SD00005889,SD00005889
SD00005890,SD00005890
SD00006337,SD00006337
SD00006338,SD00006338
SD00006339,SD00006339
SD00006340,SD00006340
SD00006341,SD00006341
SD00006342,SD00006342
SD00006343,SD00006343
SD00006344,SD00006344
SD00006345,SD00006345
SD00006347,SD00006347
SD00006348,SD00006348
SD00006349,SD00006349
SD00006350,SD00006350
SD00006351,SD00006351
SD00006352,SD00006352
SD00006354,SD00006354
SD00006355,SD00006355
SD00006356,SD00006356
SD00006357,SD00006357
SD00006358,SD00006358
SD00006359,SD00006359
SD00006360,SD00006360
SD00006361,SD00006361
SD00006362,SD00006362
SD00006363,SD00006363
SD00006364,SD00006364
SD00006365,SD00006365
SD00006366,SD00006366
SD00006367,SD00006367
SD00006369,SD00006369
SD00006370,SD00006370
SD00006371,SD00006371
SD00006372,SD00006372
SD00006373,SD00006373
SD00006374,SD00006374
SD00006375,SD00006375
SD00006376,SD00006376
SD00006378,SD00006378
SD00006379,SD00006379
SD00006380,SD00006380
SD00006381,SD00006381
SD00006382,SD00006382
SD00006383,SD00006383
SD00006387,SD00006387
SD00006388,SD00006388
SD00006389,SD00006389
SD00006391,SD00006391
SD00006395,SD00006395
SD00006396,SD00006396
SD00006399,SD00006399
SD00006400,SD00006400
SD00006401,SD00006401
SD00006402,SD00006402
SD00006403,SD00006403
SD00006404,SD00006404
SD00006435,SD00006435
SD00006436,SD00006436
SD00006459,SD00006459
SD00006460,SD00006460
SD00006461,SD00006461
SD00006462,SD00006462
SD00006463,SD00006463
SD00006677,SD00006677
SD00006721,SD00006721
SD00006722,SD00006722
SD00006728,SD00006728
SD00006729,SD00006729
SD00006730,SD00006730
SD00007002,SD00007002
SD00007003,SD00007003
SD00007004,SD00007004
SD00007005,SD00007005
SD00008151,SD00008151
SD00009197,SD00009197
SD00009198,SD00009198
SD00009199,SD00009199
SD00009200,SD00009200
SD00009201,SD00009201
SD00009202,SD00009202
SD00009203,SD00009203
SD00009204,SD00009204
SD00009205,SD00009205
SD00009206,SD00009206
SD00009207,SD00009207
SD00009209,SD00009209
SD00009211,SD00009211
SD00009212,SD00009212
SD00009213,SD00009213
SD00009214,SD00009214
SD00009215,SD00009215
SD00009216,SD00009216
SD00009217,SD00009217
SD00009218,SD00009218
SD00009219,SD00009219
SD00009221,SD00009221
SD00009222,SD00009222
SD00009223,SD00009223
SD00009224,SD00009224
SD00009225,SD00009225
SD00009226,SD00009226
SD00009227,SD00009227
SD00009228,SD00009228
SD00009230,SD00009230
SD00009232,SD00009232
SD00009233,SD00009233
SD00009234,SD00009234
SD00009236,SD00009236
SD00009238,SD00009238
SD00009239,SD00009239
SD00009240,SD00009240
SD00009244,SD00009244
SD00009245,SD00009245
SD00009246,SD00009246
SD00009247,SD00009247
SD00009248,SD00009248
SD00009251,SD00009251
SD00009252,SD00009252
SD00009253,SD00009253
SD00009305,SD00009305
SD00009309,SD00009309
SD00009310,SD00009310
SD00009450,SD00009450
SD00009451,SD00009451
SD00009452,SD00009452
SD00009453,SD00009453
SD00009454,SD00009454
SD00009456,SD00009456
SD00009457,SD00009457
SD00009466,SD00009466
SD00009467,SD00009467
SD00009468,SD00009468
SD00009469,SD00009469
SD00009470,SD00009470
SD00009471,SD00009471
SD00009472,SD00009472
SD00009473,SD00009473
SD00009474,SD00009474
SD00009475,SD00009475
SD00009579,SD00009579
SD00009580,SD00009580
SD00009581,SD00009581
SD00009582,SD00009582
SD00009583,SD00009583
SD00009584,SD00009584
SD00009585,SD00009585
SD00009586,SD00009586
SD00009587,SD00009587
SD00009589,SD00009589
SD00009590,SD00009590
SD00009591,SD00009591
SD00009592,SD00009592
SD00009593,SD00009593
SD00009594,SD00009594
SD00009596,SD00009596
SD00009597,SD00009597
SD00009598,SD00009598
SD00009740,SD00009740
SD00009955,SD00009955
SD00009956,SD00009956
SD00009957,SD00009957
SD00009958,SD00009958
SD00009959,SD00009959
SD00009960,SD00009960
SD00009961,SD00009961
SD00009962,SD00009962
SD00009963,SD00009963
SD00009964,SD00009964
SD00009965,SD00009965
SD00009967,SD00009967
SD00009968,SD00009968
SD00009969,SD00009969
SD00009971,SD00009971
SD00009972,SD00009972
SD00009973,SD00009973
SD00009974,SD00009974
SD00009975,SD00009975
SD00009976,SD00009976
SD00009977,SD00009977
SD00009978,SD00009978
SD00009979,SD00009979
SD00009980,SD00009980
SD00009981,SD00009981
SD00009983,SD00009983
SD00009984,SD00009984
SD00009988,SD00009988
SD00009989,SD00009989
SD00009990,SD00009990
SD00009991,SD00009991
SD00009992,SD00009992
SD00009996,SD00009996
SD00009998,SD00009998
SD00010004,SD00010004
SD00010040,SD00010040
SD00010041,SD00010041
SD00010042,SD00010042
SD00010043,SD00010043
SD00010044,SD00010044
SD00010048,SD00010048
SD00010051,SD00010051
SD00010053,SD00010053
SD00010054,SD00010054
SD00010055,SD00010055
SD00010056,SD00010056
SD00010057,SD00010057
SD00010178,SD00010178
SD00010623,SD00010623
SD00010624,SD00010624
SD00010625,SD00010625
SD00010626,SD00010626
SD00010627,SD00010627
SD00010628,SD00010628
SD00010629,SD00010629
SD00010630,SD00010630
SD00010631,SD00010631
SD00010632,SD00010632
SD00010633,SD00010633
SD00010634,SD00010634
SD00010635,SD00010635
SD00020879,SD00020879
SD00020880,SD00020880
SD00010245,SD00010245
SD00010016,SD00010016
SD00010017,SD00010017
SD00034983,SD00034983
SD00003510,SD00003510
SD00022011,SD00022011
SD00002550,SD00002550
SD00002700,SD00002700
SD00002706,SD00002706
SD00002708,SD00002708
SD00008309,SD00008309
SD00009588,SD00009588
SD00043559,SD00043559
632,000000632
1053,000001053
1162,000001162
3472,000003472
4433,000004433
4436,000004436
6145,000006145
10158,000010158
10255,000010255
14403,000014403
15770,000015770
17525,000017525
21188,000021188
21347,000021347
SD00010501,SD00010501
SD00052033,SD00052033
SD00052036,SD00052036
SD00052039,SD00052039
SD00052062,SD00052062
SD00051764,SD00051764
SD00051766,SD00051766
SD00051768,SD00051768
SD00051770,SD00051770
SD00051772,SD00051772
SD00051774,SD00051774
SD00052063,SD00052063
SD00052064,SD00052064
SD00052065,SD00052065
SD00052066,SD00052066
SD00052067,SD00052067
SD00051778,SD00051778
SD00051782,SD00051782
SD00051797,SD00051797
SD00052884,SD00052884
SD00052896,SD00052896
SD00052897,SD00052897
SD00052900,SD00052900
SD00052901,SD00052901
SD00052902,SD00052902
SD00052903,SD00052903
SD00052905,SD00052905
SD00052906,SD00052906
SD00052907,SD00052907
SD00052910,SD00052910
SD00052912,SD00052912
SD00052914,SD00052914
SD00052915,SD00052915
SD00052916,SD00052916
SD00052919,SD00052919
SD00052922,SD00052922
SD00052923,SD00052923
SD00053082,SD00053082
SD00053087,SD00053087
SD00053088,SD00053088
SD00007058,SD00007058
SD00051794,SD00051794
SD00051795,SD00051795
SD00051765,SD00051765
SD00051767,SD00051767
SD00051769,SD00051769
SD00051773,SD00051773
SD00051783,SD00051783
SD00051785,SD00051785
SD00051789,SD00051789
SD00051798,SD00051798
SD00051802,SD00051802
SD00051805,SD00051805
SD00051806,SD00051806
SD00051808,SD00051808
SD00051809,SD00051809
SD00051817,SD00051817
SD00051819,SD00051819
SD00051820,SD00051820
SD00051821,SD00051821
SD00051822,SD00051822
SD00051823,SD00051823
SD00051787,SD00051787
SD00052028,SD00052028
SD00052031,SD00052031
14736,000014736
17699,000017699
SD00002527,SD00002527
SD00010559,SD00010559
SD00052911,SD00052911
SD00051775,SD00051775
709,000000709
1105,000001105
3163,000003163
3218,000003218
3221,000003221
8977,000008977
9723,000009723
10061,000010061
10429,000010429
13551,000013551
16028,000016028
16037,000016037
16687,000016687
23800,000023800
24834,000024834
27025,000027025
27027,000027027
28340,000028340
SD00051811,SD00051811
SD00006184,SD00006184
1126,000001126
SD00042871,SD00042871
SD00042872,SD00042872
SD00042873,SD00042873
SD00042888,SD00042888
,HS7546
15959,000015959
15960,000015960
16906,000016906
19160,000019160
957,000000957
960,000000960
1454,000001454
1492,000001492
4506,000004506
7924,000007924
8183,000008183
10455,000010455
14748,000014748
15016,000015016
15944,000015944
15966,000015966
16033,000016033
16125,000016125
16607,000016607
17043,000017043
17068,000017068
19550,000019550
20141,000020141
20160,000020160
20237,000020237
20839,000020839
20988,000020988
20990,000020990
21536,000021536
21537,000021537
22014,000022014
22019,000022019
22022,000022022
21971,000021971
SD00002787,SD00002787
1051,000001051
2009,000002009
2881,000002881
6151,000006151
13555,000013555
15320,000015320
SD00052565,SD00052565
SD00052582,SD00052582
SD00052619,SD00052619
SD00052620,SD00052620
SD00052621,SD00052621
SD00052622,SD00052622
SD00052570,SD00052570
SD00037972,SD00037972
SD00037973,SD00037973
SD00043084,SD00043084
SD00043746,SD00043746
SD00043750,SD00043750
SD00045315,SD00045315
SD00045316,SD00045316
SD00045584,SD00045584
SD00052217,SD00052217
SD00052218,SD00052218
SD00052220,SD00052220
SD00052222,SD00052222
SD00052227,SD00052227
SD00052235,SD00052235
SD00052236,SD00052236
SD00052237,SD00052237
SD00052238,SD00052238
2377,000002377
SD00051663,SD00051663
SD00052023,SD00052023
SD00021331,SD00021331
SD00052022,SD00052022
Pr903,SP000018578
Pr1911,SP000016868
Pr1912,SP000016873
Pr1913,SP000016877
Pr1914,SP000016882
Pr1915,SP000017632
Pr1916,SP000017700
Pr1917,SP000021347
Pr1920,SP000006518
Pr1922,SP000011013
Pr1924,SP000026263
Pr1926,SP000031770
Pr1927,SP000032928
Pr6036,SP000022364
Pr6041,SP000025943
Pr6052,SP000029377
Pr12620,SP000026286
1639,000001639
14079,000014079
14738,000014738
14739,000014739
15335,000015335
17708,000017708
18159,000018159
19465,000019465
19471,000019471
19479,000019479
20430,000020430
22598,000022598
24825,000024825
28369,000028369
SD00051528,SD00051528
24669,000024669
SD00006680,SD00006680
SD00009220,SD00009220
SD00009229,SD00009229
SD00009250,SD00009250
SD00009455,SD00009455
SD00009966,SD00009966
SD00009982,SD00009982
SD00037097,SD00037097
3050,000003050
3058,000003058
4036,000004036
4293,000004293
13930,000013930
15979,000015979
16041,000016041
16522,000016522
17094,000017094
17095,000017095
SD00051695,SD00051695
SD00051696,SD00051696
SD00051697,SD00051697
SD00051776,SD00051776
SD00051800,SD00051800
SD00051804,SD00051804
SD00051807,SD00051807
SD00051813,SD00051813
SD00051814,SD00051814
SD00051815,SD00051815
SD00051818,SD00051818
Pr6038,SP000023986
Pr15978,SP000020246
Pr15984,SP000032635
Pr16118,SP000020248
Pr16133,SP000017459
Pr23657,SP000019084
Pr23658,SP000019479
Pr23660,SP000002951
Pr23661,SP000009925
Pr23664,SP000004701
Pr23666,SP000000061
Pr23667,SP000004702
Pr23668,SP000023528
Pr23671,SP000026590
Pr23672,SP000027020
Pr23673,SP000029303
Pr23674,SP000032522
Pr23675,SP000032523
Pr23681,SP000004134
Pr36698,SP000036087
Pr36993,SP000036376
Pr36995,SP000036378
Pr37690,SP000037039
Pr40321,SP000039597
Pr42205,SP000041318
Pr42221,SP000041334
Pr42486,SP000041583
Pr42567,SP000041663
681,000000681
1201,000001201
3091,000003091
5409,000005409
5433,000005433
5435,000005435
5611,000005611
5617,000005617
5690,000005690
5693,000005693
7882,000007882
7891,000007891
12024,000012024
12262,000012262
14146,000014146
17091,000017091
17093,000017093
17901,000017901
18025,000018025
18202,000018202
19298,000019298
21815,000021815
24251,000024251
24841,000024841
25173,000025173
26504,000026504
26521,000026521
26534,000026534
27654,000027654
27774,000027774
27863,000027863
28390,000028390
29037,000029037
29038,000029038
29039,000029039
29040,000029040
29041,000029041
29042,000029042
29043,000029043
29044,000029044
29045,000029045
29046,000029046
29047,000029047
29048,000029048
29049,000029049
29050,000029050
29051,000029051
29052,000029052
Pr23655,SP000016697
486,000000486
708,000000708
719,000000719
969,000000969
1475,000001475
1502,000001502
1506,000001506
1508,000001508
1890,000001890
2119,000002119
2173,000002173
2292,000002292
2493,000002493
2682,000002682
5378,000005378
7829,000007829
9622,000009622
9634,000009634
9637,000009637
10531,000010531
12466,000012466
17024,000017024
17452,000017452
18843,000018843
21836,000021836
22175,000022175
22176,000022176
22177,000022177
24405,000024405
25453,000025453
25461,000025461
25462,000025462
25470,000025470
25474,000025474
25517,000025517
25518,000025518
25543,000025543
25734,000025734
25751,000025751
25752,000025752
25891,000025891
25893,000025893
25896,000025896
25899,000025899
26279,000026279
26903,000026903
26904,000026904
26905,000026905
26913,000026913
27451,000027451
27505,000027505
27695,000027695
27696,000027696
27727,000027727
27728,000027728
27750,000027750
28182,000028182
SD00049591,SD00049591
SD00051812,SD00051812
SD00052586,SD00052586
SD00052587,SD00052587
SD00052628,SD00052628
SD00052588,SD00052588
SD00042268,SD00042268
1063,000001063
3217,000003217
3460,000003460
10437,000010437
11875,000011875
SD00052045,SD00052045
SD00051777,SD00051777
SD00051801,SD00051801
SD00052581,SD00052581
SD00052624,SD00052624
SD00051656,SD00051656
SD00051685,SD00051685
SD00051686,SD00051686
SD00051687,SD00051687
SD00053386,SD00053386
SD00053385,SD00053385
SD00053396,SD00053396
Pr44572,SP000043046
,SD00047486
,QTLOD3031102KC
,QTZDN3032102GC
1054,000001054
SD00050372,SD00050372
SD00053085,SD00053085
SD00053086,SD00053086
SD00053081,SD00053081
SD00053083,SD00053083
12329,000012329
13397,000013397
16099,000016099
18466,000018466
22020,000022020
24951,000024951
SD00051698,SD00051698
SD00051705,SD00051705
SD00051706,SD00051706
SD00051771,SD00051771
SD00052893,SD00052893
SD00052584,SD00052584
SD00052583,SD00052583
SD00051810,SD00051810
SD00053458,SD00053458
488,000000488
489,000000489
492,000000492
1342,000001342
1526,000001526
2302,000002302
3824,000003824
4111,000004111
4403,000004403
5702,000005702
5703,000005703
5707,000005707
6158,000006158
6161,000006161
8054,000008054
8983,000008983
12235,000012235
12525,000012525
16324,000016324
16325,000016325
16327,000016327
16328,000016328
16329,000016329
16330,000016330
16331,000016331
16332,000016332
16334,000016334
16356,000016356
16358,000016358
16360,000016360
16362,000016362
17361,000017361
17362,000017362
17363,000017363
17364,000017364
17366,000017366
26508,000026508
27431,000027431
27432,000027432
SD00051681,SD00051681
SD00051683,SD00051683
SD00051684,SD00051684
SD00051682,SD00051682
5694,000005694
10034,000010034
14769,000014769
16129,000016129
18162,000018162
18448,000018448
18463,000018463
19184,000019184
19262,000019262
19540,000019540
20144,000020144
21152,000021152
21171,000021171
21173,000021173
21174,000021174
21245,000021245
21254,000021254
21259,000021259
21851,000021851
22996,000022996
22997,000022997
24469,000024469
24668,000024668
25215,000025215
25216,000025216
26598,000026598
26599,000026599
27314,000027314
28392,000028392
Pr37288,SP000036642
SD00042874,SD00042874
SD00053417,SD00053417
SD00053418,SD00053418
21630,000021630
21631,000021631
SD00047509,SD00047509
SD00051096,SD00051096
SD00052002,SD00052002
SD00052229,SD00052229
SD00051700,SD00051700
SD00051701,SD00051701
SD00052241,SD00052241
SD00052242,SD00052242
SD00051827,SD00051827
SD00053414,SD00053414
SD00053415,SD00053415
SD00053419,SD00053419
SD00053421,SD00053421
SD00053424,SD00053424
SD00053425,SD00053425
SD00053427,SD00053427
SD00053432,SD00053432
SD00053433,SD00053433
SD00053436,SD00053436
SD00053442,SD00053442
SD00053444,SD00053444
SD00053445,SD00053445
SD00053451,SD00053451
SD00053454,SD00053454
SD00053456,SD00053456
SD00053457,SD00053457
SD00051692,SD00051692
SD00010582,SD00010582
SD00021342,SD00021342
SD00052595,SD00052595
SD00053455,SD00053455
12328,000012328
16003,000016003
16007,000016007
16183,000016183
16894,000016894
18071,000018071
19189,000019189
20355,000020355
20415,000020415
SD00051893,SD00051893
SD00051897,SD00051897
SD00051672,SD00051672
SD00052798,SD00052798
SD00052799,SD00052799
SD00052800,SD00052800
SD00052801,SD00052801
SD00052802,SD00052802
5706,000005706
8678,000008678
16333,000016333
SD00042986,SD00042986
SD00042994,SD00042994
SD00043003,SD00043003
SD00043020,SD00043020
SD00045128,SD00045128
SD00051298,SD00051298
SD00051299,SD00051299
SD00051271,SD00051271
SD00051257,SD00051257
SD00051265,SD00051265
SD00052188,SD00052188
SD00052271,SD00052271
SD00052273,SD00052273
SD00052287,SD00052287
SD00052292,SD00052292
SD00052295,SD00052295
SD00052305,SD00052305
SD00010566,SD00010566
SD00021344,SD00021344
SD00042950,SD00042950
SD00047522,SD00047522
SD00047526,SD00047526
SD00052812,SD00052812
SD00052221,SD00052221
SD00010144,SD00010144
SD00031713,SD00031713
SD00053447,SD00053447
4475,000004475
10261,000010261
10466,000010466
10647,000010647
13398,000013398
15028,000015028
15950,000015950
16225,000016225
17069,000017069
18441,000018441
24383,000024383
24610,000024610
25033,000025033
25419,000025419
25753,000025753
25777,000025777
27282,000027282
14966,000014966
23478,000023478
23479,000023479
23581,000023581
27026,000027026
27456,000027456
SD00052908,SD00052908
SD00052920,SD00052920
SD00053431,SD00053431
SD00053435,SD00053435
SD00053446,SD00053446
SD00035734,SD00035734
SD00042905,SD00042905
SD00052096,SD00052096
9625,000009625
13269,000013269
15996,000015996
16897,000016897
SD00052888,SD00052888
20281,000020281
22990,000022990
28459,000028459
SD00051675,SD00051675
SD00051677,SD00051677
SD00051678,SD00051678
755,000000755
7437,000007437
1563,000001563
9295,000009295
14951,000014951
16231,000016231
17086,000017086
17704,000017704
21389,000021389
22952,000022952
1503,000001503
SD00051087,SD00051087
SD00052005,SD00052005
SD00052231,SD00052231
16412,000016412
SD00023063,SD00023063
SD00023064,SD00023064
SD00023065,SD00023065
SD00023116,SD00023116
SD00023121,SD00023121
SD00023122,SD00023122
SD00023123,SD00023123
SD00023124,SD00023124
SD00023125,SD00023125
SD00023126,SD00023126
SD00023127,SD00023127
SD00023128,SD00023128
SD00023130,SD00023130
SD00023131,SD00023131
SD00023132,SD00023132
SD00023133,SD00023133
SD00023134,SD00023134
SD00023136,SD00023136
SD00029204,SD00029204
SD00029205,SD00029205
SD00029206,SD00029206
SD00029207,SD00029207
SD00029208,SD00029208
SD00029209,SD00029209
SD00029211,SD00029211
SD00029226,SD00029226
SD00029227,SD00029227
SD00029228,SD00029228
SD00029229,SD00029229
SD00029230,SD00029230
SD00029231,SD00029231
SD00029232,SD00029232
SD00029233,SD00029233
SD00029234,SD00029234
SD00029235,SD00029235
SD00029236,SD00029236
SD00029238,SD00029238
SD00029239,SD00029239
SD00029240,SD00029240
SD00029241,SD00029241
SD00029242,SD00029242
SD00029243,SD00029243
SD00029244,SD00029244
SD00029245,SD00029245
SD00029246,SD00029246
SD00029247,SD00029247
SD00029266,SD00029266
SD00029267,SD00029267
SD00029293,SD00029293
SD00029294,SD00029294
SD00029295,SD00029295
SD00029296,SD00029296
SD00029297,SD00029297
SD00029298,SD00029298
SD00029299,SD00029299
SD00029300,SD00029300
SD00029301,SD00029301
SD00029302,SD00029302
SD00029303,SD00029303
SD00029304,SD00029304
SD00029305,SD00029305
SD00029306,SD00029306
SD00029307,SD00029307
SD00029309,SD00029309
SD00029310,SD00029310
SD00029311,SD00029311
SD00029312,SD00029312
SD00029313,SD00029313
SD00029314,SD00029314
SD00029315,SD00029315
SD00029316,SD00029316
SD00029317,SD00029317
SD00029318,SD00029318
SD00029319,SD00029319
SD00029320,SD00029320
SD00029322,SD00029322
SD00029323,SD00029323
SD00029324,SD00029324
SD00029325,SD00029325
SD00029326,SD00029326
SD00029327,SD00029327
SD00029328,SD00029328
SD00029329,SD00029329
SD00029330,SD00029330
SD00029331,SD00029331
SD00029332,SD00029332
SD00029333,SD00029333
SD00029334,SD00029334
SD00029335,SD00029335
SD00029336,SD00029336
SD00029337,SD00029337
SD00029338,SD00029338
SD00029339,SD00029339
SD00029340,SD00029340
SD00029341,SD00029341
SD00029343,SD00029343
SD00029345,SD00029345
SD00029347,SD00029347
SD00029348,SD00029348
SD00029349,SD00029349
SD00029350,SD00029350
SD00029351,SD00029351
SD00029352,SD00029352
SD00029353,SD00029353
SD00029354,SD00029354
SD00029356,SD00029356
SD00029357,SD00029357
SD00029358,SD00029358
SD00029359,SD00029359
SD00029360,SD00029360
SD00029361,SD00029361
SD00029362,SD00029362
SD00029363,SD00029363
SD00029364,SD00029364
SD00029365,SD00029365
SD00029366,SD00029366
SD00029367,SD00029367
SD00029368,SD00029368
SD00029369,SD00029369
SD00029370,SD00029370
SD00029371,SD00029371
SD00029372,SD00029372
SD00029373,SD00029373
SD00029374,SD00029374
SD00029375,SD00029375
SD00029376,SD00029376
SD00029377,SD00029377
SD00029378,SD00029378
SD00029381,SD00029381
SD00029382,SD00029382
SD00029385,SD00029385
SD00029386,SD00029386
SD00029387,SD00029387
SD00029388,SD00029388
SD00029389,SD00029389
SD00029390,SD00029390
SD00029391,SD00029391
SD00029392,SD00029392
SD00029393,SD00029393
SD00029394,SD00029394
SD00029395,SD00029395
SD00029396,SD00029396
SD00029397,SD00029397
SD00029398,SD00029398
SD00029399,SD00029399
SD00029400,SD00029400
SD00029401,SD00029401
SD00029402,SD00029402
SD00029403,SD00029403
SD00029404,SD00029404
SD00029405,SD00029405
SD00029406,SD00029406
SD00029407,SD00029407
SD00029408,SD00029408
SD00029409,SD00029409
SD00029410,SD00029410
SD00029411,SD00029411
SD00029412,SD00029412
SD00029413,SD00029413
SD00029414,SD00029414
SD00029415,SD00029415
SD00029416,SD00029416
SD00029417,SD00029417
SD00029418,SD00029418
SD00029419,SD00029419
SD00029420,SD00029420
SD00029421,SD00029421
SD00029422,SD00029422
SD00029423,SD00029423
SD00029424,SD00029424
SD00029425,SD00029425
SD00029426,SD00029426
SD00029428,SD00029428
SD00029429,SD00029429
SD00029430,SD00029430
SD00029431,SD00029431
SD00050998,SD00050998
SD00051009,SD00051009
SD00051638,SD00051638
SD00051637,SD00051637
SD00052865,SD00052865
SD00052866,SD00052866
SD00052867,SD00052867
SD00052966,SD00052966
SD00052967,SD00052967
SD00052968,SD00052968
SD00052970,SD00052970
SD00052971,SD00052971
SD00052972,SD00052972
SD00052973,SD00052973
SD00051079,SD00051079
SD00052228,SD00052228
SD00023129,SD00023129
SD00023135,SD00023135
SD00050995,SD00050995
SD00050997,SD00050997
SD00050999,SD00050999
SD00050996,SD00050996
SD00051088,SD00051088
SD00052012,SD00052012
SD00051688,SD00051688
3720,000003720
4060,000004060
4935,000004935
8965,000008965
15314,000015314
20412,000020412
21137,000021137
26911,000026911
SD00021325,SD00021325
SD00021343,SD00021343
SD00052522,SD00052522
SD00052523,SD00052523
SD00052524,SD00052524
SD00034651,SD00034651
SD00034652,SD00034652
SD00034655,SD00034655
SD00034656,SD00034656
SD00034659,SD00034659
SD00036735,SD00036735
SD00036736,SD00036736
SD00036737,SD00036737
SD00036739,SD00036739
SD00036740,SD00036740
SD00051747,SD00051747
SD00051748,SD00051748
SD00051749,SD00051749
SD00051751,SD00051751
SD00052333,SD00052333
SD00052334,SD00052334
SD00052335,SD00052335
SD00052336,SD00052336
SD00052337,SD00052337
SD00052339,SD00052339
SD00052340,SD00052340
SD00052316,SD00052316
SD00052320,SD00052320
SD00052323,SD00052323
SD00052325,SD00052325
SD00052327,SD00052327
SD00052317,SD00052317
SD00052321,SD00052321
SD00052533,SD00052533
SD00052557,SD00052557
SD00052525,SD00052525
SD00052527,SD00052527
SD00052528,SD00052528
SD00052530,SD00052530
SD00052531,SD00052531
SD00052534,SD00052534
SD00052537,SD00052537
SD00052554,SD00052554
SD00052555,SD00052555
SD00052556,SD00052556
SD00052558,SD00052558
SD00052560,SD00052560
7903,000007903
7929,000007929
SD00040912,SD00040912
SD00053554,SD00053554
SD00053555,SD00053555
16925,000016925
439,0026
1453,000001453
1878,000001878
4798,000004798
12273,000012273
12281,000012281
12282,000012282
12296,000012296
12301,000012301
SD00029355,SD00029355
SD00035439,SD00035439
SD00053557,SD00053557
SD00053558,SD00053558
SD00053559,SD00053559
SD00053560,SD00053560
SD00053561,SD00053561
13265,000013265
24811,000024811
28713,000028713
28714,000028714
28773,000028773
SD00051932,SD00051932
SD00052965,SD00052965
SD00053398,SD00053398
SD00053459,SD00053459
SD00053571,SD00053571
SD00053572,SD00053572
SD00053573,SD00053573
22183,000022183
SD00052913,SD00052913
SD00052917,SD00052917
SD00053428,SD00053428
SD00053437,SD00053437
SD00053439,SD00053439
SD00053450,SD00053450
SD00053452,SD00053452
SD00029342,SD00029342
SD00040957,SD00040957
SD00040975,SD00040975
SD00041213,SD00041213
SD00051816,SD00051816
SD00051689,SD00051689
SD00051690,SD00051690
3847,000003847
6157,000006157
11823,000011823
SD00045463,SD00045463
SD00045466,SD00045466
SD00045468,SD00045468
SD00045470,SD00045470
SD00040107,SD00040107
SD00040071,SD00040071
SD00040109,SD00040109
SD00040075,SD00040075
SD00040104,SD00040104
SD00040078,SD00040078
SD00040166,SD00040166
SD00040074,SD00040074
SD00040108,SD00040108
SD00040163,SD00040163
SD00040105,SD00040105
SD00040137,SD00040137
SD00040106,SD00040106
SD00040103,SD00040103
SD00040077,SD00040077
SD00040102,SD00040102
SD00036403,SD00036403
SD00053257,SD00053257
15995,000015995
16419,000016419
19692,000019692
29067,000029067
29068,000029068
SD00007006,SD00007006
15970,000015970
15990,000015990
16006,000016006
16014,000016014
16209,000016209
16414,000016414
16543,000016543
17084,000017084
SD00051826,SD00051826
SD00051828,SD00051828
20403,000020403
20479,000020479
28039,000028039
SD00053330,SD00053330
SD00053331,SD00053331
SD00052569,SD00052569
SD00052613,SD00052613
SD00053263,SD00053263
SD00003143,SD00003143
SD00021151,SD00021151
SD00021650,SD00021650
SD00046628,SD00046628
SD00046629,SD00046629
SD00051862,SD00051862
3087,000003087
14093,000014093
18570,000018570
SD00053669,SD00053669
SD00053670,SD00053670
SD00053671,SD00053671
SD00053672,SD00053672
SD00053673,SD00053673
SD00053674,SD00053674
Pr6473,SP000022323
Pr40409,SP000039684
Pr40410,SP000039685
746,000000746
7890,000007890
7892,000007892
7910,000007910
7928,000007928
SD00053622,SD00053622
SD00053623,SD00053623
SD00053624,SD00053624
SD00053625,SD00053625
SD00053626,SD00053626
SD00053627,SD00053627
SD00053630,SD00053630
SD00053631,SD00053631
SD00053632,SD00053632
SD00053633,SD00053633
2723,000002723
13602,000013602
18050,000018050
19549,000019549
21154,000021154
26816,000026816
27982,000027982
27983,000027983
28929,000028929
28930,000028930
SD00052480,SD00052480
SD00051636,SD00051636
SD00052572,SD00052572
17959,000017959
27019,000027019
20810,000020810
SD00023115,SD00023115
27591,000027591
SD00051750,SD00051750
SD00051752,SD00051752
SD00051753,SD00051753
SD00052328,SD00052328
SD00052526,SD00052526
SD00002660,SD00002660
SD00053167,SD00053167
26817,000026817
28992,000028992
28993,000028993
28994,000028994
28995,000028995
SD00053628,SD00053628
SD00053629,SD00053629
SD00053634,SD00053634
SD00053635,SD00053635
SD00053697,SD00053697
SD00053698,SD00053698
SD00053699,SD00053699
21849,000021849
Pr45669,SP000044065
Pr45670,SP000044066
Pr45671,SP000044067
Pr45672,SP000044068
Pr45676,SP000044072
Pr45677,SP000044073
Pr45678,SP000044074
Pr45679,SP000044075
Pr45680,SP000044076
Pr45681,SP000044077
Pr45682,SP000044078
Pr45683,SP000044079
Pr45684,SP000044080
Pr45685,SP000044081
Pr45686,SP000044082
Pr45687,SP000044083
Pr45688,SP000044084
Pr45689,SP000044085
Pr45690,SP000044086
Pr45692,SP000044088
Pr45695,SP000044091
Pr45696,SP000044092
Pr45697,SP000044093
Pr45698,SP000044094
Pr45699,SP000044095
Pr45700,SP000044096
Pr45703,SP000044099
Pr45704,SP000044100
Pr45741,SP000044136
Pr45742,SP000044137
Pr45743,SP000044138
Pr45745,SP000044140
Pr45746,SP000044141
Pr45747,SP000044142
Pr45748,SP000044143
Pr45750,SP000044145
Pr45751,SP000044146
Pr45753,SP000044148
Pr45754,SP000044149
Pr45755,SP000044150
Pr45756,SP000044151
Pr45757,SP000044152
Pr45758,SP000044153
Pr45760,SP000044155
Pr45763,SP000044158
Pr45764,SP000044159
Pr45765,SP000044160
Pr45766,SP000044161
Pr45767,SP000044162
Pr45768,SP000044163
Pr45769,SP000044164
Pr45770,SP000044165
Pr45771,SP000044166
Pr45772,SP000044167
Pr45773,SP000044168
Pr45775,SP000044170
Pr45776,SP000044171
Pr45777,SP000044172
Pr45778,SP000044173
Pr45779,SP000044174
Pr45780,SP000044175
Pr45781,SP000044176
Pr41759,SP000040940
Pr41760,SP000040941
Pr44579,SP000043053
Pr44580,SP000043054
Pr45897,SP000044281
Pr45898,SP000044282
Pr45899,SP000044283
Pr45901,SP000044285
Pr45902,SP000044286
Pr45903,SP000044287
Pr45904,SP000044288
Pr45907,SP000044291
Pr45910,SP000044294
Pr45913,SP000044297
Pr45914,SP000044298
Pr45918,SP000044302
Pr45920,SP000044304
Pr45921,SP000044305
Pr45923,SP000044307
Pr45924,SP000044308
Pr45927,SP000044311
Pr46760,SP000045065
1137,000001137
3134,000003134
4575,000004575
16798,000016798
21224,000021224
21225,000021225
21593,000021593
22595,000022595
22596,000022596
22597,000022597
22846,000022846
22848,000022848
29898,000029898
Pr45917,SP000044301
SD00053443,SD00053443
SD00046302,SD00046302
SD00052894,SD00052894
SD00052921,SD00052921
SD00052895,SD00052895
SD00053422,SD00053422
SD00053429,SD00053429
Pr45905,SP000044289
Pr45906,SP000044290
17519,000017519
24616,000024616
25994,000025994
26993,000026993
SD00040136,SD00040136
SD00040159,SD00040159
SD00040161,SD00040161
SD00040158,SD00040158
SD00040131,SD00040131
SD00040153,SD00040153
SD00040124,SD00040124
SD00040167,SD00040167
SD00045526,SD00045526
SD00045527,SD00045527
SD00045528,SD00045528
SD00053645,SD00053645
SD00053646,SD00053646
SD00053647,SD00053647
SD00053648,SD00053648
SD00053649,SD00053649
SD00052314,SD00052314
SD00052318,SD00052318
SD00052319,SD00052319
SD00040979,SD00040979
SD00052048,SD00052048
SD00052574,SD00052574
4547,000004547
4558,000004558
9642,000009642
11824,000011824
20777,000020777
21223,000021223
21226,000021226
21348,000021348
21817,000021817
26587,000026587
27494,000027494
29289,000029289
SD00051097,SD00051097
SD00051521,SD00051521
SD00052491,SD00052491
SD00041642,SD00041642
SD00051665,SD00051665
3061,000003061
16087,000016087
17524,000017524
25892,000025892
28465,000028465
28715,000028715
29027,000029027
29028,000029028
29075,000029075
,000011605
Pr45892,SP000044276
Pr45893,SP000044277
SD00053496,SD00053496
SD00053752,SD00053752
SD00053753,SD00053753
SD00052562,SD00052562
SD00052566,SD00052566
Pr45900,SP000044284
SD00052841,SD00052841
SD00052842,SD00052842
20809,000020809
23330,000023330
27413,000027413
SD00051082,SD00051082
SD00043140,SD00043140
SD00045611,SD00045611
SD00045588,SD00045588
SD00053171,SD00053171
SD00053172,SD00053172
SD00053173,SD00053173
SD00053174,SD00053174
SD00053175,SD00053175
SD00053176,SD00053176
SD00053177,SD00053177
SD00053178,SD00053178
SD00053179,SD00053179
SD00053180,SD00053180
SD00053181,SD00053181
SD00053182,SD00053182
SD00053183,SD00053183
SD00053184,SD00053184
SD00053185,SD00053185
28431,000028431
SD00053790,SD00053790
SD00053791,SD00053791
SD00053794,SD00053794
SD00053795,SD00053795
SD00053787,SD00053787
SD00053788,SD00053788
SD00053819,SD00053819
SD00053820,SD00053820
SD00053821,SD00053821
SD00053823,SD00053823
SD00053824,SD00053824
22947,000022947
25229,000025229
Pr45759,SP000044154
Pr46709,SP000045019
Pr46710,SP000045020
Pr46711,SP000045021
SD00050377,SD00050377
3133,000003133
20807,000020807
21022,000021022
23892,000023892
27558,000027558
28358,000028358
28461,000028461
28609,000028609
28838,000028838
28914,000028914
SD00039718,SD00039718
SD00039719,SD00039719
SD00045308,SD00045308
SD00045306,SD00045306
SD00045307,SD00045307
SD00051928,SD00051928
SD00051929,SD00051929
SD00052975,SD00052975
SD00052983,SD00052983
SD00052976,SD00052976
SD00052987,SD00052987
SD00052981,SD00052981
SD00052989,SD00052989
SD00052993,SD00052993
SD00052988,SD00052988
SD00052992,SD00052992
SD00052994,SD00052994
SD00052980,SD00052980
SD00052984,SD00052984
SD00052978,SD00052978
SD00052985,SD00052985
SD00052977,SD00052977
SD00052991,SD00052991
SD00052990,SD00052990
SD00052982,SD00052982
SD00052986,SD00052986
SD00052979,SD00052979
SD00053001,SD00053001
SD00053002,SD00053002
SD00053004,SD00053004
SD00052996,SD00052996
SD00053003,SD00053003
SD00052999,SD00052999
SD00053000,SD00053000
SD00052998,SD00052998
SD00052997,SD00052997
SD00052995,SD00052995
SD00053186,SD00053186
SD00053610,SD00053610
SD00040982,SD00040982
SD00042880,SD00042880
SD00053420,SD00053420
SD00052909,SD00052909
20061,000020061
16093,000016093
Pr1923,SP000026091
16100,000016100
19179,000019179
25163,000025163
28472,000028472
Pr45911,SP000044295
Pr45912,SP000044296
15933,000015933
15945,000015945
15951,000015951
15989,000015989
16027,000016027
16188,000016188
16217,000016217
16413,000016413
16532,000016532
16545,000016545
4203,000004203
Pr45919,SP000044303
rs4u544,00000022915
rs4u546,00000022917
rs4u547,00000022918
rs4u548,00000022896
rs4u549,00000022895
rs4u551,00000022905
rs4u552,00000022906
rs4u553,00000022910
rs4u554,00000022914
rs4u884,00000022913
rs4u885,00000022912
rs4u886,00000022911
rs4u887,00000022909
rs4u888,00000022908
rs4u889,00000022904
rs4u890,00000022902
rs4u892,00000022903
rs4u893,00000022901
rs4u937,00000022887
rs4u938,00000022883
rs4u939,00000022879
rs4u963,00000022880
rs4u970,00000022898
rs4u971,00000022897
rs4u972,00000022893
rs4u974,00000022891
rs4u975,00000022899
rs4u976,00000022894
rs4u977,00000022890
rs4u980,00000022885
rs4u981,00000022884
rs4u982,00000022882
rs4u983,00000022878
rs4u984,00000022877
rs4u985,00000022876
rs4u1016,00000010559
rs4u1037,00000010017
rs4u1053,00000010128
rs4u1109,00000010224
rs4u1255,00000010042
rs4u1291,00000013744
rs4u2715,00000013973
rs4u3176,00000010258
rs4u6543,00000010282
rs4u6784,00000010228
rs4u6787,00000010231
rs4u8398,00000009654
rs4u8562,00000013344
rs4u8607,00000010086
rs4u8645,00000010473
rs4u8647,00000010489
rs4u8649,00000010502
rs4u8887,00000015319
rs4u8919,15372
rs4u9038,00000015477
rs4u9058,00000015543
rs4u9353,00000014490
rs4u9522,00000013840
rs4u9530,00000013877
rs4u9531,00000013878
rs4u9533,00000013888
rs4u9557,00000014028
rs4u10200,00000014035
rs4u10837,00000014108
rs4u10851,00000014601
rs4u10891,00000014045
rs4u11384,00000010083
rs4u11742,00000010078
rs4u11744,00000009897
rs4u13003,00000013952
rs4u13556,00000010331
rs4u13570,00000010581
rs4u14749,00000014085
rs4u15093,00000015652
rs4u15105,00000015664
rs4u15160,00000015355
rs4u15237,00000015049
rs4u16497,00000016015
rs4u17194,00000013445
rs4u17648,00000014677
rs4u20060,ТР-00008553
rs4u20061,ТР-00008554
rs4u20062,ТР-00008555
rs4u20063,ТР-00008556
rs4u20064,ТР-00008557
rs4u20065,ТР-00008558
rs4u20066,ТР-00008559
rs4u20068,ТР-00008561
rs4u37006,00000009715
rs4u37007,00000013910
rs4u37008,00000013917
rs4u37009,00000013932
rs4u37010,00000013942
rs4u37096,ТР-00025830
rs4u37544,ТР-00026654
rs4u37545,ТР-00026655
rs4u37546,ТР-00026656
rs4u37548,ТР-00026658
rs4u37552,ТР-00026662
rs4u37556,ТР-00026666
rs4u37557,ТР-00026667
rs4u37558,ТР-00026668
rs4u37559,ТР-00026669
rs4u37560,ТР-00026670
rs4u37561,ТР-00026671
rs4u37562,ТР-00026672
rs4u37563,ТР-00026673
rs4u37564,ТР-00026674
rs4u37565,ТР-00026675
rs4u37566,ТР-00026676
rs4u37567,ТР-00026677
rs4u37568,ТР-00026678
rs4u37569,ТР-00026679
rs4u37570,ТР-00026680
rs4u37571,ТР-00026681
rs4u37572,ТР-00026682
rs4u37573,ТР-00026683
rs4u37574,ТР-00026684
rs4u37575,ТР-00026685
rs4u37576,ТР-00026686
rs4u37577,ТР-00026687
rs4u37877,ТР-00026965
rs4u37878,ТР-00026966
rs4u37879,ТР-00026967
rs4u37880,ТР-00026968
rs4u37881,ТР-00026969
rs4u37883,ТР-00026971
rs4u37884,ТР-00026972
rs4u37885,ТР-00026973
rs4u37886,ТР-00026974
rs4u37887,ТР-00026975
rs4u37888,ТР-00026976
rs4u37889,ТР-00026977
rs4u37891,ТР-00026979
rs4u37893,ТР-00026981
rs4u37894,ТР-00026982
rs4u37896,ТР-00026984
rs4u37897,ТР-00026985
rs4u37898,ТР-00026986
rs4u37900,ТР-00026988
rs4u37901,ТР-00026989
rs4u37902,ТР-00026990
rs4u37903,ТР-00026991
rs4u37905,ТР-00026993
rs4u37216,ТР-00026002
rs4u37217,ТР-00026003
rs4u37218,ТР-00026004
rs4u37219,ТР-00026005
rs4u37220,ТР-00026006
rs4u37221,ТР-00026007
rs4u37222,ТР-00026008
rs4u37223,ТР-00026009
rs4u37224,ТР-00026010
rs4u37225,ТР-00026011
rs4u37226,ТР-00026012
rs4u37227,ТР-00026013
rs4u37228,ТР-00026014
rs4u37229,ТР-00026015
rs4u37230,ТР-00026016
rs4u37231,ТР-00026017
rs4u37232,ТР-00026018
rs4u37233,ТР-00026019
rs4u37234,ТР-00026020
rs4u37235,ТР-00026021
rs4u37236,ТР-00026022
rs4u37237,ТР-00026023
rs4u37238,ТР-00026024
rs4u37239,ТР-00026025
rs4u37241,ТР-00026027
rs4u37243,ТР-00026029
rs4u37244,ТР-00026030
rs4u37245,ТР-00026031
rs4u37246,ТР-00026032
rs4u37247,ТР-00026033
rs4u37248,ТР-00026034
rs4u37249,ТР-00026035
rs4u37250,ТР-00026036
rs4u37251,ТР-00026037
rs4u37252,ТР-00026038
rs4u37253,ТР-00026039
rs4u37254,ТР-00026040
rs4u37255,ТР-00026041
rs4u37256,ТР-00026042
rs4u37257,ТР-00026043
rs4u37259,ТР-00026045
rs4u37260,ТР-00026046
rs4u37261,ТР-00026047
rs4u37262,ТР-00026048
rs4u37263,ТР-00026049
rs4u37264,ТР-00026050
rs4u37266,ТР-00026052
rs4u37267,ТР-00026053
rs4u37268,ТР-00026054
rs4u37269,ТР-00026055
rs4u37270,ТР-00026056
rs4u37271,ТР-00026057
rs4u37272,ТР-00026058
rs4u37273,ТР-00026059
rs4u37274,ТР-00026060
rs4u37275,ТР-00026061
rs4u37276,ТР-00026062
rs4u37277,ТР-00026063
rs4u37278,ТР-00026064
rs4u37279,ТР-00026065
rs4u37280,ТР-00026066
rs4u37281,ТР-00026067
rs4u37282,ТР-00026068
rs4u37283,ТР-00026069
rs4u37284,ТР-00026070
rs4u37286,ТР-00026072
rs4u37287,ТР-00026073
rs4u37288,ТР-00026074
rs4u37289,ТР-00026075
rs4u37290,ТР-00026076
rs4u37291,ТР-00026077
rs4u37292,ТР-00026078
rs4u37293,ТР-00026079
rs4u37294,ТР-00026080
rs4u37295,ТР-00026081
rs4u37296,ТР-00026082
rs4u37297,ТР-00026083
rs4u37298,ТР-00026084
rs4u37299,ТР-00026085
rs4u37300,ТР-00026086
rs4u37301,ТР-00026087
rs4u37302,ТР-00026088
rs4u37303,ТР-00026089
rs4u37304,ТР-00026090
rs4u37305,ТР-00026091
rs4u37306,ТР-00026092
rs4u37307,ТР-00026093
rs4u37308,ТР-00026094
rs4u37309,ТР-00026095
rs4u37314,ТР-00026100
rs4u37315,ТР-00026101
rs4u37316,ТР-00026102
rs4u37319,ТР-00026105
rs4u37320,ТР-00026106
rs4u37321,ТР-00026107
rs4u37503,ТР-00026266
rs4u37778,ТР-00026870
SD00052338,SD00052338
SD00052315,SD00052315
SD00053524,SD00053524
Pr45928,SP000044312
Pr45929,SP000044313
rs4u37554,ТР-00026664
Pr45915,SP000044299
Pr46754,SP000045059
Pr46759,SP000045064
SD00007053,SD00007053
SD00007055,SD00007055
SD00051666,SD00051666
rs4u267,ТР-00000895
rs4u485,ТР-00000890
rs4u486,ТР-00000900
rs4u4547,ТР-00001489
rs4u4548,ТР-00001490
rs4u4549,ТР-00001491
rs4u4556,ТР-00000960
rs4u4557,ТР-00000961
rs4u4943,ТР-00000878
rs4u4944,ТР-00000877
rs4u14598,00000017308
rs4u14611,00000016006
rs4u17273,ТР-00006747
rs4u17274,ТР-00006748
rs4u17275,ТР-00006749
rs4u17276,ТР-00006750
rs4u17277,ТР-00006751
rs4u17282,00000005136
rs4u17283,00000005137
rs4u17293,00000016304
rs4u17813,00000004874
rs4u17814,00000004875
rs4u17815,00000004876
rs4u17817,00000004966
rs4u17819,00000004969
rs4u17820,00000004970
rs4u17821,00000004971
rs4u17822,00000004972
rs4u17823,00000004973
rs4u17824,00000004974
rs4u17825,00000004975
rs4u19303,00000004822
rs4u20025,ТР-00008514
rs4u20027,ТР-00008516
rs4u20835,ТР-00009340
rs4u20836,ТР-00009341
rs4u24742,ТР-00013385
rs4u24743,ТР-00013386
rs4u31945,ТР-00020621
rs4u31946,ТР-00020622
rs4u35157,ТР-00023915
rs4u35290,ТР-00024060
rs4u36048,ТР-00024905
rs4u36062,ТР-00024939
rs4u36146,ТР-00025031
rs4u36388,ТР-00025285
rs4u37078,ТР-00025808
rs4u37079,ТР-00025809
rs4u37152,ТР-00025940
rs4u37153,ТР-00025941
rs4u37154,ТР-00025942
rs4u37155,ТР-00025943
rs4u37156,ТР-00025944
rs4u37157,ТР-00025945
rs4u37158,ТР-00025946
rs4u37159,ТР-00025947
rs4u37161,ТР-00025949
rs4u37162,ТР-00025950
rs4u37163,ТР-00025951
rs4u37170,ТР-00025956
rs4u37200,ТР-00025987
rs4u37214,ТР-00025999
rs4u37215,ТР-00026000
rs4u37324,ТР-00026109
rs4u37374,ТР-00026147
rs4u37375,ТР-00026148
rs4u37432,ТР-00026208
rs4u37433,ТР-00026209
rs4u37436,ТР-00026212
rs4u37437,ТР-00026213
rs4u37438,ТР-00026214
rs4u37445,ТР-00026217
rs4u37485,ТР-00026244
rs4u37513,ТР-00026268
rs4u37864,ТР-00026952
rs4u37865,ТР-00026953
rs4u37866,ТР-00026954
rs4u37867,ТР-00026955
rs4u37868,ТР-00026956
rs4u37869,ТР-00026957
rs4u37871,ТР-00026959
rs4u37872,ТР-00026960
rs4u37873,ТР-00026961
21629,000021629
21632,000021632
21684,000021684
21907,000021907
26216,000026216
28913,000028913
rs4u37862,ТР-00026950
rs4u37863,ТР-00026951
SD00049016,SD00049016
rs4u19066,ТР-00005629
rs4u35468,ТР-00024269
rs4u36387,ТР-00025284
rs4u37434,ТР-00026210
rs4u37435,ТР-00026211
7079,000007079
SD00051391,SD00051391
rs4u3470,00000013434
rs4u17292,00000016303
rs4u37318,ТР-00026104
Pr45926,SP000044310
Pr46752,SP000045057
Pr46753,SP000045058
Pr46755,SP000045060
Pr46756,SP000045061
Pr46757,SP000045062
Pr46758,SP000045063
SD00054048,SD00054048
SD00054052,SD00054052
4463,000004463
15361,000015361
25502,000025502
SD00051676,SD00051676
SD00051693,SD00051693
SD00051691,SD00051691
18113,000018113
SD00053640,SD00053640
SD00053641,SD00053641
SD00053642,SD00053642
SD00053643,SD00053643
SD00053644,SD00053644
SD00053650,SD00053650
SD00053651,SD00053651
SD00053652,SD00053652
SD00053653,SD00053653
SD00053654,SD00053654
SD00053655,SD00053655
SD00053656,SD00053656
SD00051694,SD00051694
SD00051699,SD00051699
SD00037970,SD00037970
SD00043752,SD00043752
SD00046530,SD00046530
rs4u37547,ТР-00026657
Pr47018,SP000045317
Pr47077,SP000045376
Pr47078,SP000045377
Pr47079,SP000045378
Pr47087,SP000045386
Pr47088,SP000045387
Pr47089,SP000045388
Pr47094,SP000045393
Pr47095,SP000045394
Pr47096,SP000045395
Pr47097,SP000045396
Pr47098,SP000045397
Pr48339,SP000046585
563,000000563
rs4u36948,ТР-00025683
Pr50068,SP000048079
1000,000001000
29179,000029179
SD00051083,SD00051083
rs4u17280,00000016709
rs4u17286,00000005910
Pr47016,SP000045315
Pr47080,SP000045379
Pr46761,SP000045066
25190,000025190
SD00054138,SD00054138
Pr47014,SP000045313
Pr47017,SP000045316
SD00052529,SD00052529
11821,000011821
24673,000024673
SD00054145,SD00054145
SD00054146,SD00054146
SD00054147,SD00054147
SD00054150,SD00054150
SD00054151,SD00054151
rs4u37965,ТР-00027048
rs4u37966,ТР-00027049
rs4u37967,ТР-00027050
rs4u37968,ТР-00027051
rs4u37969,ТР-00027052
rs4u37970,ТР-00027053
rs4u37981,ТР-00027065
rs4u37982,ТР-00027066
rs4u37983,ТР-00027067
rs4u37984,ТР-00027068
Pr6048,SP000027687
16101,000016101
16102,000016102
19890,000019890
24982,000024982
27321,000027321
27745,000027745
27901,000027901
29388,000029388
rs4u487,ТР-00000901
rs4u4552,ТР-00003853
rs4u37989,ТР-00027073
rs4u37990,ТР-00027074
rs4u37992,ТР-00027076
rs4u37993,ТР-00027077
rs4u37994,ТР-00027078
rs4u38009,ТР-00027093
rs4u38010,ТР-00027094
rs4u38011,ТР-00027095
rs4u38012,ТР-00027096
rs4u38013,ТР-00027097
rs4u38014,ТР-00027098
rs4u38015,ТР-00027099
rs4u38016,ТР-00027100
rs4u38017,ТР-00027101
,6350RHM
rs4u37985,ТР-00027069
rs4u37986,ТР-00027070
rs4u37987,ТР-00027071
rs4u37988,ТР-00027072
rs4u37995,ТР-00027079
rs4u37996,ТР-00027080
rs4u37997,ТР-00027081
rs4u37998,ТР-00027082
rs4u38004,ТР-00027088
rs4u37999,ТР-00027083
rs4u38000,ТР-00027084
rs4u38001,ТР-00027085
rs4u38002,ТР-00027086
rs4u38003,ТР-00027087
rs4u38006,ТР-00027090
rs4u38007,ТР-00027091
rs4u38008,ТР-00027092
rs4u38018,ТР-00027102
rs4u38019,ТР-00027103
rs4u38020,ТР-00027104
rs4u38021,ТР-00027105
SD00054163,SD00054163
Pr47075,SP000045374
Pr47076,SP000045375
SD00054176,SD00054176
15991,000015991
16180,000016180
17556,000017556
24671,000024671
20143,000020143
29429,000029429
29430,000029430
Pr47099,SP000045398
,000019472H
,000018161H
,000021195H
,F30110
,000019475H
,000022211
,000022213
,000019467H
,000019473H
,000022210H
,F30202-1
,000019470H
,000019469H
,F30205
,000022207H
,000019477H
,000019464H
,000019478H
,000019481H
,000021194H
,50404H
14110,000014110
SD00053467,SD00053467
SD00053468,SD00053468
SD00053469,SD00053469
23582,000023582
rs4u52,ТР-00000964
rs4u53,ТР-00000966
rs4u54,ТР-00000967
rs4u214,ТР000001006
rs4u215,ТР-00001006
rs4u216,ТР-00001005
rs4u217,ТР-00001003
rs4u219,ТР-00000968
rs4u220,ТР-00000965
rs4u367,ТР-00001002
rs4u368,ТР-00001001
rs4u3100,00000018179
rs4u3103,00000018182
rs4u3106,00000018185
rs4u3107,00000018186
rs4u3108,00000018187
rs4u3109,00000018188
rs4u3110,00000018189
rs4u3111,00000018190
rs4u3115,00000018194
rs4u3116,00000018195
rs4u3117,00000018196
rs4u3118,00000018176
rs4u3119,00000018177
rs4u3120,00000018197
rs4u3121,00000018198
rs4u3122,00000018199
rs4u3123,00000018200
rs4u3125,00000018203
rs4u3126,00000018204
rs4u3127,00000018205
rs4u3128,00000018206
rs4u3129,00000018207
rs4u3130,00000018208
rs4u3131,ТР-00000872
rs4u3132,ТР-00000873
rs4u3136,ТР-00001360
rs4u3137,ТР-00001361
rs4u3138,ТР-00001362
rs4u3139,ТР-00001363
rs4u3152,00000017571
rs4u3153,00000017572
rs4u3154,00000017573
rs4u3635,00000019440
rs4u3864,00000022666
rs4u4198,ТР-00003824
rs4u4454,ТР-00003825
rs4u5070,00000017611
rs4u5071,00000016695
rs4u5072,00000016696
rs4u5083,00000016699
rs4u5084,00000016700
rs4u5085,00000016701
rs4u5086,00000016702
rs4u5093,00000017458
rs4u14583,ТР-00001495
rs4u15262,00000015312
rs4u15267,00000014026
rs4u15268,00000014027
rs4u17659,00000015311
rs4u17660,00000014899
rs4u17662,00000014722
rs4u17665,00000014725
rs4u17666,00000017817
rs4u17739,ТР-00000664
rs4u17740,00000018646
rs4u17741,00000018647
rs4u17744,00000018530
rs4u17745,00000018531
rs4u17746,00000018532
rs4u17747,00000018533
rs4u17748,ТР-00000819
rs4u18698,00000018210
rs4u18700,00000017821
rs4u18701,00000017822
rs4u20137,ТР-00008630
rs4u20862,ТР-00009356
rs4u20863,ТР-00009357
rs4u35543,ТР-00024345
rs4u35545,ТР-00024347
rs4u35547,ТР-00024349
rs4u36333,ТР-00025227
rs4u36334,ТР-00025228
rs4u37104,ТР-00025837
rs4u37494,ТР-00026256
rs4u37495,ТР-00026257
rs4u37665,ТР-00026759
rs4u37666,ТР-00026760
rs4u37667,ТР-00026761
rs4u37668,ТР-00026762
rs4u37669,ТР-00026763
rs4u37670,ТР-00026764
rs4u37671,ТР-00026765
rs4u37672,ТР-00026766
rs4u37673,ТР-00026767
rs4u37674,ТР-00026768
rs4u37675,ТР-00026769
rs4u37676,ТР-00026770
rs4u37677,ТР-00026771
rs4u37678,ТР-00026772
rs4u37679,ТР-00026773
rs4u37680,ТР-00026774
rs4u37681,ТР-00026775
rs4u37682,ТР-00026776
rs4u37684,ТР-00026778
rs4u37685,ТР-00026779
rs4u37686,ТР-00026780
rs4u37687,ТР-00026781
rs4u37688,ТР-00026782
rs4u37689,ТР-00026783
rs4u37690,ТР-00026784
rs4u37691,ТР-00026785
rs4u37692,ТР-00026786
rs4u37693,ТР-00026787
rs4u37694,ТР-00026788
rs4u37695,ТР-00026789
rs4u37696,ТР-00026790
rs4u37697,ТР-00026791
rs4u37699,ТР-00026793
rs4u37700,ТР-00026794
rs4u37701,ТР-00026795
rs4u37702,ТР-00026796
rs4u37703,ТР-00026797
rs4u37704,ТР-00026798
rs4u37705,ТР-00026799
rs4u37706,ТР-00026800
rs4u37707,ТР-00026801
rs4u37708,ТР-00026802
rs4u37709,ТР-00026803
rs4u37710,ТР-00026804
rs4u37711,ТР-00026805
rs4u37712,ТР-00026806
rs4u37713,ТР-00026807
rs4u37714,ТР-00026808
rs4u37715,ТР-00026809
rs4u37716,ТР-00026810
rs4u37718,ТР-00026812
rs4u37719,ТР-00026813
rs4u37720,ТР-00026814
rs4u37721,ТР-00026815
rs4u37722,ТР-00026816
rs4u37725,ТР-00026819
rs4u37726,ТР-00026820
rs4u37727,ТР-00026821
rs4u37728,ТР-00026822
rs4u37729,ТР-00026823
rs4u37731,ТР-00026825
rs4u37733,ТР-00026827
rs4u37734,ТР-00026828
rs4u37735,ТР-00026829
rs4u37736,ТР-00026830
rs4u37737,ТР-00026831
rs4u37738,ТР-00026832
rs4u37739,ТР-00026833
rs4u37740,ТР-00026834
rs4u37741,ТР-00026835
rs4u37742,ТР-00026836
rs4u37743,ТР-00026837
rs4u37744,ТР-00026838
rs4u37745,ТР-00026839
rs4u37774,ТР-00026868
rs4u37775,ТР-00026869
rs4u37931,ТР-00027017
rs4u37932,ТР-00027018
rs4u37933,ТР-00027019
rs4u37934,ТР-00027020
SD00053606,SD00053606
SD00053607,SD00053607
SD00053608,SD00053608
Pr46744,SP000045050
9651,000009651
27905,000027905
29572,000029572
29588,000029588
29878,000029878
Pr45934,SP000044327
Pr45935,SP000044329
Pr47022,SP000045321
Pr47023,SP000045322
Pr45961,SP000044357
Pr45962,SP000044358
Pr45963,SP000044359
Pr45964,SP000044360
Pr45966,SP000044362
Pr45967,SP000044363
Pr45936,SP000044332
Pr45937,SP000044333
Pr45938,SP000044334
Pr45939,SP000044335
Pr45976,SP000044372
Pr47061,SP000045360
Pr47062,SP000045361
Pr47063,SP000045362
Pr47064,SP000045363
Pr47065,SP000045364
Pr47066,SP000045365
Pr45940,SP000044336
Pr45973,SP000044369
Pr45974,SP000044370
Pr47059,SP000045358
Pr47060,SP000045359
Pr45954,SP000044350
Pr45941,SP000044337
Pr45942,SP000044338
Pr45943,SP000044339
Pr45944,SP000044340
Pr45945,SP000044341
Pr45946,SP000044342
Pr45947,SP000044343
Pr45948,SP000044344
Pr45949,SP000044345
Pr45951,SP000044347
Pr45952,SP000044348
Pr45953,SP000044349
Pr45959,SP000044355
Pr45960,SP000044356
Pr45978,SP000044374
Pr45979,SP000044375
Pr45981,SP000044377
Pr45982,SP000044378
Pr45983,SP000044379
Pr45984,SP000044380
Pr45985,SP000044381
Pr45986,SP000044382
Pr45989,SP000044385
Pr45990,SP000044386
Pr45991,SP000044387
Pr48344,SP000046590
Pr48345,SP000046591
Pr45956,SP000044352
Pr45957,SP000044353
Pr45958,SP000044354
Pr45955,SP000044351
Pr45977,SP000044373
Pr47056,SP000045355
Pr47057,SP000045356
rs4u35158,ТР-00023916
rs4u35542,ТР-00024344
rs4u35546,ТР-00024348
rs4u17742,00000018528
Pr47720,SP000045970
rs4u38082,ТР-00027154
rs4u38083,ТР-00027155
Pr45744,SP000044139
Pr47054,SP000045353
Pr47069,SP000045368
Pr47070,SP000045369
Pr47071,SP000045370
Pr47058,SP000045357
Pr47055,SP000045354
Pr45916,SP000044300
Pr47047,SP000045346
Pr47048,SP000045347
Pr47049,SP000045348
Pr47050,SP000045349
Pr47051,SP000045350
Pr47081,SP000045380
627,000000627
3060,000003060
7310,000007310
SD00053700,SD00053700
SD00053701,SD00053701
SD00053702,SD00053702
SD00053703,SD00053703
SD00053705,SD00053705
SD00053707,SD00053707
SD00053708,SD00053708
SD00053709,SD00053709
SD00053710,SD00053710
SD00053711,SD00053711
SD00053713,SD00053713
SD00053715,SD00053715
SD00053716,SD00053716
,ТР-00027093
rs4u37975,ТР-00027059
rs4u37976,ТР-00027060
rs4u37977,ТР-00027061
rs4u37978,ТР-00027062
rs4u37979,ТР-00027063
rs4u37980,ТР-00027064
Pr45992,SP000044388
Pr47052,SP000045351
Pr47053,SP000045352
Pr47722,SP000045972
SD00052230,SD00052230
SD00052232,SD00052232
rs4u4553,ТР-00003854
rs4u17743,00000018529
rs4u20861,ТР-00009355
SD00054256,SD00054256
SD00054257,SD00054257
SD00054258,SD00054258
SD00054259,SD00054259
SD00054260,SD00054260
Pr47019,SP000045318
Pr47020,SP000045319
Pr47082,SP000045381
SD00032295,SD00032295
SD00053680,SD00053680
SD00053678,SD00053678
SD00053679,SD00053679
SD00053681,SD00053681
2213,000002213
8875,000008875
10159,000010159
10250,000010250
18560,000018560
19611,000019611
23043,000023043
29892,000029892
SD00042169,SD00042169
SD00042151,SD00042151
SD00042181,SD00042181
SD00042183,SD00042183
SD00042167,SD00042167
SD00042145,SD00042145
SD00042148,SD00042148
SD00042196,SD00042196
SD00042176,SD00042176
SD00042172,SD00042172
SD00042213,SD00042213
SD00042214,SD00042214
SD00042193,SD00042193
SD00042159,SD00042159
SD00042156,SD00042156
SD00042188,SD00042188
SD00042153,SD00042153
SD00042150,SD00042150
SD00042223,SD00042223
SD00042221,SD00042221
SD00042170,SD00042170
SD00042158,SD00042158
SD00042168,SD00042168
SD00042222,SD00042222
SD00042209,SD00042209
SD00042210,SD00042210
SD00042204,SD00042204
SD00042185,SD00042185
SD00042182,SD00042182
SD00042143,SD00042143
SD00042161,SD00042161
SD00042178,SD00042178
SD00042171,SD00042171
SD00042201,SD00042201
SD00042205,SD00042205
SD00042186,SD00042186
SD00042157,SD00042157
SD00042218,SD00042218
SD00042192,SD00042192
SD00042219,SD00042219
SD00042147,SD00042147
SD00042200,SD00042200
SD00042220,SD00042220
SD00042207,SD00042207
SD00042211,SD00042211
SD00042189,SD00042189
SD00042160,SD00042160
SD00042195,SD00042195
SD00042165,SD00042165
SD00042190,SD00042190
SD00042155,SD00042155
SD00042216,SD00042216
SD00042212,SD00042212
SD00042144,SD00042144
SD00042146,SD00042146
SD00042199,SD00042199
SD00042191,SD00042191
SD00042198,SD00042198
SD00042180,SD00042180
SD00042166,SD00042166
SD00042194,SD00042194
SD00042177,SD00042177
SD00042149,SD00042149
SD00042163,SD00042163
SD00042173,SD00042173
SD00042187,SD00042187
SD00042174,SD00042174
SD00042179,SD00042179
SD00043470,SD00043470
SD00048146,SD00048146
SD00048141,SD00048141
SD00042949,SD00042949
SD00048147,SD00048147
SD00048143,SD00048143
SD00048139,SD00048139
SD00048144,SD00048144
SD00054278,SD00054278
SD00054279,SD00054279
rs4u17664,00000014724
,000028469
,F008
,KH-02-50
rs4u38064,ТР-00027136
rs4u38065,ТР-00027137
rs4u38066,ТР-00027138
rs4u38067,ТР-00027139
rs4u38068,ТР-00027140
rs4u38069,ТР-00027141
rs4u38070,ТР-00027142
rs4u38071,ТР-00027143
rs4u38072,ТР-00027144
rs4u38073,ТР-00027145
SD00054304,SD00054304
SD00054305,SD00054305
SD00054306,SD00054306
SD00054310,SD00054310
SD00054311,SD00054311
SD00054312,SD00054312
SD00054313,SD00054313
SD00054314,SD00054314
SD00054315,SD00054315
SD00054316,SD00054316
SD00054317,SD00054317
SD00054318,SD00054318
SD00054319,SD00054319
SD00054320,SD00054320
SD00054321,SD00054321
SD00054322,SD00054322
SD00054323,SD00054323
SD00054324,SD00054324
SD00054325,SD00054325
SD00054326,SD00054326
SD00054327,SD00054327
SD00054328,SD00054328
SD00054329,SD00054329
SD00054330,SD00054330
rs4u3099,00000018178
SD00023137,SD00023137
29403,000029403
29404,000029404
SD00051389,SD00051389
rs4u37717,ТР-00026811
Pr47021,SP000045320
Pr47090,SP000045389
Pr47091,SP000045390
Pr47092,SP000045391
Pr47093,SP000045392
SD00053730,SD00053730
25155,000025155
Pr36994,SP000036377
Pr45950,SP000044346
Pr45980,SP000044376
rs4u891,00000022907
rs4u3326,00000015566
rs4u10114,00000009940
rs4u11417,00000010141
rs4u15011,00000014200
rs4u17586,00000010055
rs4u37011,00000014184
rs4u37012,00000009974
rs4u37097,ТР-00025831
Pr47731,SP000045981
Pr47732,SP000045982
Pr47762,SP000046012
Pr47763,SP000046013
Pr47764,SP000046014
Pr47765,SP000046015
Pr47736,SP000045986
Pr47737,SP000045987
Pr47738,SP000045988
Pr47739,SP000045989
Pr47740,SP000045990
Pr47741,SP000045991
Pr47742,SP000045992
Pr47746,SP000045996
Pr47747,SP000045997
Pr47748,SP000045998
Pr47749,SP000045999
Pr47750,SP000046000
Pr47751,SP000046001
Pr47752,SP000046002
Pr47753,SP000046003
Pr47755,SP000046005
Pr47756,SP000046006
Pr47757,SP000046007
Pr47758,SP000046008
Pr47773,SP000046023
rs4u4554,ТР-00003855
rs4u37265,ТР-00026051
Pr47767,SP000046017
rs4u973,00000022892
Pr780,SP000030688
Pr45673,SP000044069
Pr45674,SP000044070
Pr46762,SP000045067
Pr46763,SP000045068
Pr47766,SP000046016
Pr47768,SP000046018
Pr47769,SP000046019
Pr47770,SP000046020
Pr47771,SP000046021
Pr47772,SP000046022
Pr48346,SP000046592
Pr48347,SP000046593
Pr45988,SP000044384
Pr47774,SP000046024
Pr47775,SP000046025
Pr47776,SP000046026
rs4u37952,ТР-00027035
rs4u37953,ТР-00027036
rs4u37954,ТР-00027037
rs4u37955,ТР-00027038
rs4u37956,ТР-00027039
rs4u37957,ТР-00027040
rs4u37958,ТР-00027041
rs4u37959,ТР-00027042
rs4u37960,ТР-00027043
rs4u37961,ТР-00027044
rs4u37962,ТР-00027045
rs4u37963,ТР-00027046
rs4u37964,ТР-00027047
rs4u37971,ТР-00027054
rs4u37972,ТР-00027055
rs4u37973,ТР-00027056
rs4u37974,ТР-00027058
18447,000018447
29865,000029865
Pr47743,SP000045993
Pr47744,SP000045994
Pr47745,SP000045995
Pr47760,SP000046010
Pr47761,SP000046011
Pr47777,SP000046027
Pr47778,SP000046028
17528,000017528
SD00050471,SD00050471
SD00050470,SD00050470
SD00051137,SD00051137
SD00051144,SD00051144
SD00051145,SD00051145
SD00051146,SD00051146
SD00051147,SD00051147
SD00051941,SD00051941
Pr23659,SP000023525
9431,000009431
rs4u37143,ТР-00025926
SD00042197,SD00042197
SD00042215,SD00042215
SD00042154,SD00042154
SD00051859,SD00051859
1373,000001373
1948,000001948
1949,000001949
SD00054435,SD00054435
SD00054436,SD00054436
SD00054437,SD00054437
SD00054438,SD00054438
SD00054439,SD00054439
SD00054472,SD00054472
SD00054473,SD00054473
SD00054474,SD00054474
SD00002752,SD00002752
22968,000022968
23127,000023127
Pr48304,SP000046551
17521,000017521
Pr40909,SP000040167
Pr45237,SP000043639
Pr51621,SP000049612
Pr47759,SP000046009
19248,000019248
rs4u36863,ТР-00025591
rs4u36864,ТР-00025592
Pr47721,SP000045971
9292,000009292
26999,000026999
29847,000029847
rs4u38109,ТР-00027183
rs4u38110,ТР-00027184
rs4u38111,ТР-00027185
rs4u38112,ТР-00027186
rs4u38113,ТР-00027187
rs4u38114,ТР-00027188
rs4u38115,ТР-00027189
rs4u38116,ТР-00027190
rs4u38117,ТР-00027191
rs4u38118,ТР-00027192
rs4u38119,ТР-00027193
rs4u38120,ТР-00027194
rs4u38121,ТР-00027195
rs4u38122,ТР-00027196
rs4u38123,ТР-00027197
rs4u38124,ТР-00027198
rs4u38125,ТР-00027199
rs4u38126,ТР-00027200
rs4u38547,ТР-00027600
rs4u14623,00000016731
13991,000013991
8441,000008441
13414,000013414
15031,000015031
29740,000029740
Pr47724,SP000045974
Pr50217,SP000048210
SD00054593,SD00054593
SD00054599,SD00054599
SD00054598,SD00054598
rs4u277,ТР-00004667
SD00054590,SD00054590
SD00054587,SD00054587
SD00054586,SD00054586
SD00054592,SD00054592
SD00054588,SD00054588
SD00054589,SD00054589
2115,000002115
SD00054597,SD00054597
988,000000988
29903,000029903
29904,000029904
29905,000029905
SD00053983,SD00053983
SD00053984,SD00053984
SD00053987,SD00053987
SD00053986,SD00053986
rs4u36862,ТР-00025590
SD00054670,SD00054670
SD00054672,SD00054672
SD00054673,SD00054673
SD00054678,SD00054678
SD00054675,SD00054675
SD00054674,SD00054674
SD00054667,SD00054667
SD00054671,SD00054671
SD00054676,SD00054676
SD00052050,SD00052050
25315,000025315
29335,000029335
rs4u1114,ТР-00008136
rs4u1115,ТР-00008138
rs4u1117,ТР-00008148
rs4u1118,ТР-00001289
rs4u1123,ТР-00001055
rs4u1124,ТР-00001058
rs4u1125,ТР-00001062
rs4u1389,ТР-00008137
rs4u1391,ТР-00008140
rs4u1392,ТР-00008141
rs4u1394,ТР-00008143
rs4u1395,ТР-00008144
rs4u1396,ТР-00008146
rs4u1397,ТР-00008147
rs4u1398,ТР-00008149
rs4u1399,ТР-00008150
rs4u1400,ТР-00001287
rs4u1401,ТР-00001288
rs4u1402,ТР-00001290
rs4u1403,ТР-00001096
rs4u1404,ТР-00001056
rs4u1405,ТР-00001057
rs4u1406,ТР-00001059
rs4u1407,ТР-00001060
rs4u1408,ТР-00001061
rs4u1409,ТР-00001063
rs4u3341,00000021019
rs4u3348,00000014413
rs4u3350,00000014415
rs4u3377,00000015143
rs4u6661,00000020770
rs4u6662,00000020771
rs4u6663,00000020772
rs4u6664,00000020773
rs4u6665,00000020774
rs4u6666,00000020775
rs4u11611,ТР-00008217
rs4u11612,ТР-00008218
rs4u11613,ТР-00008219
rs4u11614,ТР-00008220
rs4u11615,ТР-00008221
rs4u11616,ТР-00008222
rs4u11617,ТР-00008223
rs4u11618,ТР-00000475
rs4u11619,00000005520
rs4u11621,00000005522
rs4u11622,00000005523
rs4u11623,00000005524
rs4u11624,00000005525
rs4u11625,00000005526
rs4u11626,00000005527
rs4u11627,00000005528
rs4u11628,00000005529
rs4u11629,00000005530
rs4u11630,00000021014
rs4u11631,00000020336
rs4u11632,00000018026
rs4u11633,00000018027
rs4u11634,00000018028
rs4u11635,00000018029
rs4u15272,00000004836
rs4u15273,00000004837
rs4u15274,00000004838
rs4u15275,00000004839
rs4u15276,00000004840
rs4u15277,00000004841
rs4u15278,00000004842
rs4u15279,00000004843
rs4u15280,00000004844
rs4u15281,00000004845
rs4u15283,00000004866
rs4u15284,00000004867
rs4u15285,00000004868
rs4u15287,00000004870
rs4u15298,00000015294
rs4u15299,00000015295
rs4u15300,00000015296
rs4u15301,00000015297
rs4u15304,ТР-00000478
rs4u15316,00000017016
rs4u15317,00000005884
rs4u15318,00000005885
rs4u15319,00000005886
rs4u15320,00000005887
rs4u15321,00000005888
rs4u15322,00000005894
rs4u15323,00000005895
rs4u15324,00000005896
rs4u15325,00000005897
rs4u15326,00000005898
rs4u15327,00000005899
rs4u15328,00000013846
rs4u15329,00000010176
rs4u15330,00000010177
rs4u15331,00000010178
rs4u15332,00000010179
rs4u15333,00000010180
rs4u15334,00000010181
rs4u15335,00000017927
rs4u15343,00000017996
rs4u15344,00000017997
rs4u15345,00000017998
rs4u15346,00000017999
rs4u15349,00000014607
rs4u15351,00000009948
rs4u15352,00000009949
rs4u15353,00000009950
rs4u15354,00000009951
rs4u15357,00000009954
rs4u15358,00000004856
rs4u15359,00000004857
rs4u15360,00000004858
rs4u15361,00000004859
rs4u15362,00000004860
rs4u15363,00000004861
rs4u15364,00000004862
rs4u15365,00000004863
rs4u15366,00000004864
rs4u15367,00000004865
rs4u15368,00000004872
rs4u15369,00000004873
rs4u15370,00000010609
rs4u15371,00000010610
rs4u15372,00000010611
rs4u15373,00000010612
rs4u15378,00000013601
rs4u15380,00000013603
rs4u15386,00000005893
rs4u15387,00000010184
rs4u15388,00000010185
rs4u15389,00000010186
rs4u15390,00000010187
rs4u15391,00000010188
rs4u15394,00000018012
rs4u15396,00000018018
rs4u15397,00000018019
rs4u15400,00000018023
rs4u15402,00000018025
rs4u15403,00000009956
rs4u15404,00000004848
rs4u15405,00000004852
rs4u15406,00000004853
rs4u15407,00000004855
rs4u15408,00000004871
rs4u15414,00000017144
rs4u15415,00000015298
rs4u15418,00000009907
rs4u15419,00000009908
rs4u15420,00000009909
rs4u15421,00000014506
rs4u15422,00000014507
rs4u15423,00000014508
rs4u15424,00000014509
rs4u15425,00000014510
rs4u15426,00000014511
rs4u15432,00000023881
rs4u15433,00000005891
rs4u15434,00000005900
rs4u15435,00000005901
rs4u15436,00000010182
rs4u15437,00000010183
rs4u15438,00000010190
rs4u15439,00000010191
rs4u15440,00000017937
rs4u15445,00000018003
rs4u15450,00000018009
rs4u15452,00000009946
rs4u15454,00000009955
rs4u15467,00000018004
rs4u15468,00000018001
rs4u15470,00000004854
rs4u15471,00000004851
rs4u15472,00000004850
rs4u15473,00000004849
rs4u15474,00000004847
rs4u15479,00000005890
rs4u15480,00000005889
rs4u15487,00000018014
rs4u15488,00000018013
rs4u15489,00000005892
rs4u15490,00000018017
rs4u15491,00000018016
rs4u15494,ТР-00008213
rs4u15498,00000018021
rs4u18283,ТР-00003925
rs4u18284,ТР-00000386
rs4u18286,ТР-00000996
rs4u19491,00000010243
rs4u19495,ТР-00003801
rs4u19496,00000014705
rs4u19498,00000014707
rs4u19499,00000014708
rs4u19500,00000014709
rs4u20096,ТР-00008589
rs4u20097,ТР-00008590
rs4u20099,ТР-00008592
rs4u20101,ТР-00008594
rs4u20103,ТР-00008596
rs4u20104,ТР-00008597
rs4u20105,ТР-00008598
rs4u20106,ТР-00008599
rs4u20111,ТР-00008604
rs4u20115,ТР-00008608
rs4u20116,ТР-00008609
rs4u20117,ТР-00008610
rs4u20118,ТР-00008611
rs4u20120,ТР-00008613
rs4u20121,ТР-00008614
rs4u20122,ТР-00008615
rs4u20123,ТР-00008616
rs4u20124,ТР-00008617
rs4u34300,ТР-00023023
rs4u35430,ТР-00024226
rs4u36295,ТР-00025193
rs4u36296,ТР-00025194
rs4u36297,ТР-00025195
rs4u36298,ТР-00025196
rs4u36299,ТР-00025197
rs4u36300,ТР-00025198
rs4u36799,ТР-00025555
rs4u36866,ТР-00025594
rs4u36867,ТР-00025595
rs4u36868,ТР-00025596
rs4u36869,ТР-00025597
rs4u36870,ТР-00025598
rs4u36871,ТР-00025599
rs4u36872,ТР-00025600
rs4u36873,ТР-00025601
rs4u36874,ТР-00025602
rs4u36875,ТР-00025603
rs4u36876,ТР-00025604
rs4u36877,ТР-00025605
rs4u36878,ТР-00025606
rs4u36879,ТР-00025607
rs4u36880,ТР-00025608
rs4u36881,ТР-00025609
rs4u36882,ТР-00025610
rs4u36883,ТР-00025611
rs4u36884,ТР-00025612
rs4u36885,ТР-00025613
rs4u36886,ТР-00025614
rs4u36887,ТР-00025615
rs4u36927,ТР-00025658
rs4u36931,ТР-00025663
rs4u36935,ТР-00025667
rs4u36944,ТР-00025679
rs4u36945,ТР-00025680
rs4u36946,ТР-00025681
rs4u36947,ТР-00025682
rs4u37133,ТР-00025916
rs4u37146,ТР-00025930
rs4u38511,ТР-00027569
rs4u38512,ТР-00027570
rs4u38513,ТР-00027571
rs4u38515,ТР-00027573
rs4u38536,ТР-00027591
rs4u38537,ТР-00027592
rs4u38538,ТР-00027593
rs4u38539,ТР-00027594
29244,000029244
30922,000030922
rs4u3353,00000014427
rs4u4555,ТР-00002493
rs4u15399,00000018022
rs4u15444,00000018002
rs4u19493,ТР-00000471
rs4u19501,00000014710
SD00054699,SD00054699
29337,000029337
rs4u15398,00000018020
rs4u15429,00000014514
rs4u37240,ТР-00026026
rs4u37258,ТР-00026044
rs4u37317,ТР-00026103
rs4u37553,ТР-00026663
rs4u37555,ТР-00026665
rs4u3104,00000018183
rs4u3105,00000018184
rs4u3112,00000018191
rs4u3113,00000018192
rs4u3140,00000018283
rs4u18697,00000018209
rs4u37890,ТР-00026978
rs4u37892,ТР-00026980
rs4u37899,ТР-00026987
rs4u37904,ТР-00026992
rs4u38074,ТР-00027146
rs4u38075,ТР-00027147
rs4u38076,ТР-00027148
rs4u38077,ТР-00027149
rs4u38078,ТР-00027150
rs4u38079,ТР-00027151
rs4u38080,ТР-00027152
rs4u38081,ТР-00027153
17649,000017649
SD00052858,SD00052858
SD00052859,SD00052859
SD00052860,SD00052860
rs4u3865,00000022665
rs4u15446,00000018005
SD00054141,SD00054141
SD00054140,SD00054140
Pr12628,SP000027494
Pr16127,SP000027496
Pr16128,SP000027497
Pr16130,SP000027500
rs4u3354,00000014428
rs4u37147,ТР-00025931
SD00054227,SD00054227
29290,000029290
Pr52847,SP000050766
Pr52848,SP000050767
rs4u1119,ТР-00001097
rs4u15282,00000004846
rs4u15286,00000004869
rs4u15308,00000005042
rs4u15347,00000018000
rs4u15430,00000014515
rs4u15451,00000009945
rs4u19497,00000014706
rs4u20119,ТР-00008612
5419,000005419
14161,000014161
19936,000019936
rs4u3351,00000014416
rs4u3386,00000014635
rs4u3402,00000017382
rs4u36888,ТР-00025616
810,000000810
4145,000004145
5262,000005262
5973,000005973
10650,000010650
14920,000014920
SD00054143,SD00054143
rs4u15395,00000018015
21980,000021980
Pr50209,SP000048202
Pr50206,SP000048199
Pr50207,SP000048200
Pr50208,SP000048201
Pr50210,SP000048203
SD00051390,SD00051390
SD00053478,SD00053478
SD00053190,SD00053190
SD00051482,SD00051482
SD00053476,SD00053476
SD00053194,SD00053194
SD00053639,SD00053639
SD00053477,SD00053477
SD00053688,SD00053688
SD00054056,SD00054056
SD00053475,SD00053475
SD00053462,SD00053462
SD00053516,SD00053516
21004,000021004
30341,000030341
Pr6476,SP000030738
Pr48342,SP000046588
25310,000025310
28363,000028363
SD00054142,SD00054142
,00000001
SD00007007,SD00007007
2250,000002250
16017,000016017
30584,000030584
SD00054871,SD00054871
rs4u979,00000022886
rs4u3610,00000015325
rs4u15428,00000014513
SD00040920,SD00040920
rs4u15808,ТР-00000451
rs4u37160,ТР-00025948
SD00054882,SD00054882
SD00054881,SD00054881
SD00054879,SD00054879
15809,000015809
13396,000013396
SD00005284,SD00005284
SD00005285,SD00005285
SD00005286,SD00005286
SD00005287,SD00005287
SD00005289,SD00005289
SD00005290,SD00005290
SD00005291,SD00005291
SD00005292,SD00005292
SD00052803,SD00052803
SD00052804,SD00052804
SD00052805,SD00052805
SD00052806,SD00052806
SD00052807,SD00052807
SD00052808,SD00052808
SD00052809,SD00052809
SD00052810,SD00052810
SD00052811,SD00052811
SD00053574,SD00053574
SD00053575,SD00053575
SD00053576,SD00053576
SD00052834,SD00052834
SD00053351,SD00053351
SD00053352,SD00053352
SD00053353,SD00053353
SD00053354,SD00053354
SD00052835,SD00052835
SD00052836,SD00052836
SD00052838,SD00052838
SD00052839,SD00052839
SD00053363,SD00053363
SD00053364,SD00053364
SD00053365,SD00053365
SD00053366,SD00053366
SD00053410,SD00053410
SD00053411,SD00053411
SD00053412,SD00053412
SD00053372,SD00053372
SD00053373,SD00053373
SD00053374,SD00053374
SD00053375,SD00053375
SD00053376,SD00053376
SD00053377,SD00053377
SD00053379,SD00053379
SD00053380,SD00053380
SD00053539,SD00053539
SD00053540,SD00053540
SD00053595,SD00053595
SD00053596,SD00053596
SD00053675,SD00053675
SD00053676,SD00053676
SD00054083,SD00054083
SD00054087,SD00054087
SD00054095,SD00054095
SD00054098,SD00054098
SD00054099,SD00054099
SD00054109,SD00054109
SD00054105,SD00054105
SD00054104,SD00054104
SD00054106,SD00054106
SD00054100,SD00054100
SD00054089,SD00054089
SD00054090,SD00054090
SD00054091,SD00054091
SD00054097,SD00054097
SD00054107,SD00054107
SD00054102,SD00054102
SD00054085,SD00054085
SD00054081,SD00054081
SD00054101,SD00054101
SD00053547,SD00053547
SD00053548,SD00053548
SD00053550,SD00053550
SD00053369,SD00053369
SD00053549,SD00053549
SD00054156,SD00054156
SD00054155,SD00054155
SD00054157,SD00054157
SD00054001,SD00054001
SD00053996,SD00053996
SD00054002,SD00054002
rs4u1390,ТР-00008139
rs4u37148,ТР-00025932
rs4u38631,ТР-00027700
SD00054209,SD00054209
SD00054213,SD00054213
SD00054214,SD00054214
SD00054211,SD00054211
SD00054212,SD00054212
1123,000001123
4566,000004566
4570,000004570
15428,000015428
23186,000023186
30583,000030583
30585,000030585
,ZX1592
,G403-5
SD00004890,SD00004890
Pr45922,SP000044306
rs4u15314,ТР-00001020
rs4u15417,ТР-00000474
rs4u15453,00000009947
SD00054108,SD00054108
SD00054094,SD00054094
SD00054088,SD00054088
SD00053355,SD00053355
SD00053356,SD00053356
SD00054341,SD00054341
3215,000003215
SD00055029,SD00055029
SD00055025,SD00055025
SD00055026,SD00055026
SD00055030,SD00055030
SD00055028,SD00055028
SD00055027,SD00055027
SD00054159,SD00054159
SD00054158,SD00054158
1499,000001499
8890,000008890
rs4u9968,00000014717
rs4u37550,ТР-00026660
rs4u37551,ТР-00026661
SD00051703,SD00051703
SD00051709,SD00051709
SD00051704,SD00051704
SD00051707,SD00051707
SD00051708,SD00051708
SD00051702,SD00051702
rs4u38372,ТР-00027441
rs4u38371,ТР-00027440
rs4u38380,ТР-00027449
rs4u38385,ТР-00027454
rs4u38387,ТР-00027456
rs4u38390,ТР-00027459
rs4u38391,ТР-00027460
rs4u38398,ТР-00027467
rs4u38402,ТР-00027471
rs4u38405,ТР-00027474
rs4u38406,ТР-00027475
rs4u38413,ТР-00027482
rs4u38418,ТР-00027487
rs4u38423,ТР-00027492
rs4u38463,ТР-00027518
rs4u38464,ТР-00027519
rs4u38465,ТР-00027520
Pr47025,SP000045324
rs4u38374,ТР-00027443
rs4u38378,ТР-00027447
rs4u38379,ТР-00027448
rs4u38382,ТР-00027451
rs4u38389,ТР-00027458
rs4u38395,ТР-00027464
rs4u38396,ТР-00027465
rs4u38397,ТР-00027466
rs4u38399,ТР-00027468
rs4u38401,ТР-00027470
rs4u38404,ТР-00027473
rs4u38409,ТР-00027478
rs4u38410,ТР-00027479
rs4u38415,ТР-00027484
rs4u38419,ТР-00027488
rs4u38421,ТР-00027490
rs4u38424,ТР-00027493
rs4u38426,ТР-00027495
Pr50214,SP000048207
rs4u38373,ТР-00027442
rs4u38381,ТР-00027450
rs4u38386,ТР-00027455
rs4u38393,ТР-00027462
rs4u38420,ТР-00027489
rs4u38425,ТР-00027494
SD00054003,SD00054003
9430,000009430
28759,000028759
30722,000030722
30816,000030816
rs4u38375,ТР-00027444
rs4u38376,ТР-00027445
rs4u38377,ТР-00027446
rs4u38384,ТР-00027453
rs4u38400,ТР-00027469
rs4u38403,ТР-00027472
rs4u38407,ТР-00027476
rs4u38408,ТР-00027477
rs4u38411,ТР-00027480
rs4u38412,ТР-00027481
rs4u38416,ТР-00027485
rs4u38417,ТР-00027486
rs4u38422,ТР-00027491
rs4u38427,ТР-00027496
18614,000018614
Pr50212,SP000048205
rs4u38383,ТР-00027452
rs4u38392,ТР-00027461
rs4u38394,ТР-00027463
rs4u38428,ТР-00027497
SD00054210,SD00054210
Pr45932,SP000044320
Pr45933,SP000044323
Pr45971,SP000044367
Pr45972,SP000044368
Pr47725,SP000045975
Pr47726,SP000045976
Pr47727,SP000045977
Pr47781,SP000046032
Pr47782,SP000046033
Pr47783,SP000046034
Pr47784,SP000046035
Pr47786,SP000046037
Pr47787,SP000046038
Pr47788,SP000046039
Pr47789,SP000046040
Pr47791,SP000046042
Pr47792,SP000046043
Pr47793,SP000046044
Pr47794,SP000046045
Pr47795,SP000046046
Pr47798,SP000046049
Pr47799,SP000046050
Pr47800,SP000046051
Pr48555,SP000046820
Pr48557,SP000046798
Pr48560,SP000046802
Pr48562,SP000046825
Pr48563,SP000046803
Pr48565,SP000046805
Pr48567,SP000046807
Pr48568,SP000046796
Pr48569,SP000046808
,SP000046809
Pr48573,SP000046812
Pr48574,SP000046813
Pr48575,SP000046814
Pr48576,SP000046815
Pr48580,SP000046819
Pr48581,SP000046821
Pr48582,SP000046822
Pr48583,SP000046823
Pr48595,SP000046835
Pr48598,SP000046838
Pr48599,SP000046839
Pr48604,SP000046844
Pr48605,SP000046845
Pr48606,SP000046846
Pr48608,SP000046848
,SP000046850
Pr48611,SP000046851
Pr48612,SP000046852
Pr48614,SP000046854
Pr48615,SP000046855
Pr48616,SP000046856
Pr48652,SP000046863
Pr48653,SP000046864
Pr48654,SP000046865
Pr48655,SP000046866
Pr48658,SP000046869
,SP000046871
Pr48661,SP000046872
Pr48662,SP000046873
Pr48664,SP000046875
Pr48665,SP000046876
Pr48667,SP000046878
Pr48668,SP000046879
Pr48669,SP000046880
Pr48670,SP000046881
Pr48671,SP000046882
Pr48672,SP000046883
Pr48673,SP000046884
Pr48674,SP000046885
Pr48675,SP000046886
Pr48676,SP000046887
Pr48677,SP000046888
,SP000046916
Pr48720,SP000046918
Pr48787,SP000046980
Pr48788,SP000046979
,SP000046981
Pr48807,SP000046998
Pr48828,SP000047018
Pr48829,SP000047019
Pr48832,SP000047022
Pr48833,SP000047023
Pr48836,SP000047026
Pr48837,SP000047027
Pr48839,SP000047029
Pr48846,SP000047036
Pr48848,SP000047038
Pr48849,SP000047039
Pr48854,SP000047044
Pr48855,SP000047045
Pr48860,SP000047050
Pr48864,SP000047054
Pr48865,SP000047055
Pr48866,SP000047056
Pr48868,SP000047058
Pr48869,SP000047059
Pr48870,SP000047060
Pr48872,SP000047062
Pr48873,SP000047063
,SP000047064
Pr48875,SP000047065
Pr48879,SP000047069
Pr48884,SP000047074
Pr48888,SP000047078
Pr48892,SP000047082
Pr48893,SP000047083
Pr48895,SP000047085
Pr48896,SP000047086
Pr48899,SP000047089
Pr48900,SP000047090
Pr48905,SP000047095
Pr48907,SP000047097
,SP000047098
Pr48909,SP000047099
Pr48910,SP000047100
Pr48911,SP000047101
Pr48912,SP000047102
Pr48913,SP000047103
Pr48914,SP000047104
Pr48915,SP000047105
Pr48918,SP000047108
Pr48920,SP000047110
Pr48921,SP000047111
Pr48923,SP000047113
Pr48925,SP000047115
Pr48929,SP000047119
Pr48930,SP000047120
Pr48932,SP000047122
Pr48935,SP000047125
Pr48936,SP000047126
Pr48941,SP000047131
Pr48945,SP000047135
Pr48946,SP000047136
Pr48947,SP000047137
Pr48948,SP000047138
,SP000047140
Pr48951,SP000047141
Pr48952,SP000047142
Pr48953,SP000047143
Pr48954,SP000047144
Pr48955,SP000047145
Pr48956,SP000047146
Pr48961,SP000047151
Pr48962,SP000047152
Pr48963,SP000047153
Pr48964,SP000047154
Pr48965,SP000047155
Pr48966,SP000047156
Pr48969,SP000047159
Pr48973,SP000047163
Pr48974,SP000047164
Pr48975,SP000047165
Pr48976,SP000047166
Pr48977,SP000047167
Pr48978,SP000047168
Pr48979,SP000047169
Pr48980,SP000047170
Pr48981,SP000047171
Pr48982,SP000047172
Pr48984,SP000047174
Pr48987,SP000047177
Pr48988,SP000047178
Pr48990,SP000047180
Pr48991,SP000047181
Pr48992,SP000047182
Pr48993,SP000047183
Pr48994,SP000047184
Pr48998,SP000047188
Pr49000,SP000047190
Pr49001,SP000047191
Pr49005,SP000047195
Pr49006,SP000047196
Pr49007,SP000047197
Pr49008,SP000047198
Pr49009,SP000047199
Pr49011,SP000047201
,SP000047204
Pr49015,SP000047205
Pr49016,SP000047206
Pr49017,SP000047207
Pr49019,SP000047209
Pr49020,SP000047210
Pr49021,SP000047211
Pr49024,SP000047214
Pr49025,SP000047215
Pr49026,SP000047216
Pr49028,SP000047218
Pr49029,SP000047219
Pr49030,SP000047220
Pr49032,SP000047222
Pr49033,SP000047223
Pr49035,SP000047225
Pr49036,SP000047226
Pr49037,SP000047227
Pr49038,SP000047228
Pr49039,SP000047229
Pr49042,SP000047232
Pr49045,SP000047235
Pr49051,SP000047241
Pr49054,SP000047244
Pr49058,SP000047248
Pr49059,SP000047249
Pr49062,SP000047252
Pr49063,SP000047253
,SP000047254
Pr49065,SP000047255
Pr49066,SP000047256
Pr49067,SP000047257
Pr49069,SP000047259
Pr49070,SP000047260
Pr49071,SP000047261
Pr49072,SP000047262
Pr49073,SP000047263
Pr49074,SP000047264
Pr49077,SP000047267
Pr49078,SP000047268
Pr49079,SP000047269
Pr49080,SP000047270
Pr49081,SP000047271
Pr49083,SP000047273
Pr49084,SP000047274
Pr49085,SP000047275
Pr49086,SP000047276
Pr49087,SP000047277
,SP000047280
Pr49091,SP000047281
Pr49092,SP000047282
Pr49094,SP000047284
Pr49096,SP000047286
Pr49097,SP000047287
Pr49098,SP000047288
Pr49099,SP000047289
Pr49100,SP000047290
Pr49101,SP000047291
Pr49102,SP000047292
Pr49103,SP000047293
Pr49104,SP000047294
Pr49105,SP000047295
Pr49107,SP000047297
Pr49109,SP000047299
Pr49110,SP000047300
Pr49111,SP000047301
Pr49114,SP000047304
Pr49115,SP000047305
Pr49118,SP000047308
Pr49119,SP000047309
Pr49120,SP000047310
Pr49121,SP000047311
Pr49123,SP000047313
Pr49124,SP000047314
Pr49125,SP000047315
Pr49126,SP000047316
Pr49127,SP000047317
Pr49128,SP000047318
Pr49129,SP000047319
Pr49130,SP000047320
Pr49131,SP000047321
Pr49133,SP000047323
Pr49134,SP000047324
Pr49135,SP000047325
Pr49137,SP000047327
Pr49139,SP000047329
Pr49141,SP000047331
Pr49142,SP000047332
Pr49144,SP000047334
Pr49146,SP000047336
Pr49147,SP000047337
Pr49148,SP000047338
Pr49149,SP000047339
Pr49150,SP000047340
Pr49151,SP000047341
Pr49152,SP000047342
Pr49153,SP000047343
Pr49154,SP000047344
Pr49155,SP000047345
Pr49156,SP000047346
Pr49158,SP000047348
Pr49160,SP000047350
Pr49161,SP000047351
Pr49164,SP000047354
Pr49171,SP000047361
Pr49172,SP000047362
Pr49176,SP000047366
Pr49177,SP000047367
Pr49180,SP000047370
Pr49181,SP000047371
Pr49183,SP000047373
Pr49186,SP000047376
Pr49192,SP000047382
Pr49193,SP000047383
Pr49197,SP000047387
Pr49200,SP000047390
Pr49201,SP000047391
Pr49204,SP000047394
Pr49205,SP000047395
Pr49206,SP000047396
Pr49209,SP000047399
Pr49210,SP000047400
Pr49213,SP000047403
Pr49216,SP000047406
Pr49217,SP000047407
Pr49218,SP000047408
Pr49220,SP000047410
Pr49222,SP000047412
Pr49224,SP000047414
Pr49226,SP000047416
Pr49228,SP000047418
Pr49229,SP000047419
Pr49230,SP000047420
Pr49232,SP000047422
Pr49234,SP000047424
Pr49235,SP000047425
Pr49236,SP000047426
Pr49237,SP000047427
Pr49238,SP000047428
Pr49241,SP000047431
Pr49242,SP000047432
Pr49243,SP000047433
Pr49245,SP000047435
Pr49246,SP000047436
Pr49248,SP000047438
Pr49249,SP000047439
Pr49250,SP000047440
Pr49253,SP000047443
Pr49254,SP000047444
Pr49256,SP000047446
Pr49257,SP000047447
Pr49258,SP000047448
Pr49259,SP000047449
Pr49260,SP000047450
Pr49261,SP000047451
Pr49262,SP000047452
Pr49263,SP000047453
Pr49264,SP000047454
Pr49267,SP000047457
Pr49272,SP000047462
Pr49273,SP000047463
Pr49276,SP000047466
Pr49278,SP000047468
Pr49279,SP000047469
Pr49280,SP000047470
Pr49281,SP000047471
Pr49283,SP000047473
Pr49284,SP000047474
Pr49285,SP000047475
Pr49286,SP000047476
Pr49287,SP000047477
Pr49288,SP000047478
Pr49291,SP000047481
Pr49296,SP000047486
Pr49297,SP000047487
Pr49299,SP000047489
Pr49301,SP000047491
Pr49303,SP000047493
Pr49304,SP000047494
Pr49306,SP000047496
Pr49307,SP000047497
Pr49309,SP000047499
Pr49310,SP000047500
Pr49314,SP000047504
Pr49315,SP000047505
Pr49317,SP000047507
Pr49318,SP000047508
Pr49319,SP000047509
Pr49320,SP000047510
Pr49321,SP000047511
Pr49323,SP000047513
Pr49324,SP000047514
Pr49325,SP000047515
Pr49326,SP000047516
Pr49329,SP000047519
Pr49333,SP000047523
Pr49334,SP000047524
Pr49335,SP000047525
Pr49336,SP000047526
Pr49337,SP000047527
Pr49342,SP000047532
Pr49343,SP000047533
Pr49344,SP000047534
Pr49345,SP000047535
Pr49349,SP000047539
Pr49351,SP000047541
Pr49352,SP000047542
Pr49354,SP000047544
Pr49355,SP000047545
Pr49369,SP000047559
Pr49370,SP000047552
Pr49383,SP000047571
Pr49431,SP000047632
Pr49445,SP000047645
Pr49456,SP000047660
Pr49532,SP000047727
Pr49562,SP000047756
Pr49632,SP000047820
Pr49634,SP000047821
Pr49647,SP000047837
Pr49666,SP000047850
Pr50303,SP000048323
Pr51233,SP000049228
Pr51236,SP000049231
Pr51237,SP000049232
Pr51238,SP000049233
Pr51240,SP000049235
Pr51241,SP000049236
Pr51246,SP000049241
Pr51248,SP000049243
Pr51250,SP000049245
Pr51251,SP000049246
Pr51252,SP000049247
Pr51253,SP000049248
Pr51254,SP000049249
Pr51256,SP000049251
Pr51258,SP000049253
Pr51260,SP000049255
Pr51263,SP000049258
Pr51265,SP000049260
Pr51270,SP000049265
Pr51271,SP000049266
Pr51272,SP000049267
Pr51273,SP000049268
Pr51277,SP000049273
Pr51279,SP000049275
Pr51286,SP000049282
Pr51288,SP000049284
Pr51289,SP000049285
Pr51290,SP000049286
Pr51293,SP000049289
Pr51295,SP000049291
Pr51296,SP000049292
Pr51299,SP000049295
Pr51301,SP000049297
Pr51309,SP000049305
Pr51311,SP000049307
Pr51315,SP000049311
Pr51316,SP000049312
Pr51320,SP000049316
Pr51323,SP000049319
Pr51324,SP000049320
Pr51325,SP000049321
Pr51327,SP000049323
Pr51331,SP000049327
Pr51334,SP000049330
Pr51340,SP000049337
Pr51343,SP000049340
Pr51346,SP000049343
Pr51347,SP000049344
Pr51348,SP000049345
Pr51349,SP000049346
Pr51353,SP000049350
Pr51355,SP000049352
Pr51357,SP000049354
Pr51360,SP000049357
Pr51362,SP000049359
Pr51363,SP000049360
Pr51364,SP000049361
Pr51367,SP000049364
Pr51368,SP000049365
Pr51369,SP000049366
Pr51372,SP000049369
Pr51378,SP000049375
Pr51385,SP000049382
Pr51392,SP000049389
Pr51393,SP000049390
Pr51396,SP000049393
Pr51397,SP000049394
Pr51398,SP000049395
Pr51399,SP000049396
Pr51400,SP000049397
Pr51403,SP000049400
Pr51404,SP000049401
Pr51409,SP000049406
Pr51411,SP000049408
Pr51412,SP000049409
Pr51418,SP000049415
Pr51419,SP000049416
Pr51421,SP000049418
Pr51423,SP000049420
Pr51427,SP000049424
Pr51429,SP000049426
Pr51430,SP000049270
Pr51431,SP000049333
Pr51486,SP000049481
Pr51487,SP000049482
Pr51488,SP000049483
Pr51490,SP000049485
Pr51493,SP000049488
Pr51494,SP000049489
Pr51495,SP000049490
Pr51497,SP000049492
Pr51498,SP000049493
Pr51500,SP000049495
Pr51502,SP000049497
Pr51503,SP000049498
Pr51504,SP000049499
Pr51505,SP000049500
Pr51568,SP000049560
Pr53247,SP000051149
Pr53371,SP000051273
Pr53389,SP000051293
Pr53391,SP000051292
Pr53476,SP000051377
Pr53477,SP000051378
Pr53478,SP000051379
Pr53499,SP000051399
Pr53500,SP000051398
Pr53501,SP000051400
Pr53505,SP000051404
Pr41710,SP000040901
Pr48759,SP000046952
Pr48760,SP000046953
Pr48761,SP000046954
Pr48770,SP000046962
Pr48771,SP000046963
Pr49473,SP000047672
Pr49474,SP000047673
Pr49475,SP000047674
Pr49477,SP000047676
Pr49478,SP000047677
Pr49479,SP000047678
Pr49480,SP000047679
Pr49481,SP000047680
Pr49482,SP000047681
Pr49483,SP000047682
Pr49484,SP000047683
Pr49485,SP000047684
Pr49486,SP000047685
Pr49487,SP000047686
Pr49488,SP000047687
Pr49489,SP000047688
Pr49492,SP000047691
Pr49548,SP000047743
Pr49568,SP000047761
Pr49877,SP000047896
Pr50112,SP000048111
Pr50134,SP000048130
Pr50135,SP000048131
Pr50187,SP000048181
Pr50188,SP000048182
Pr50189,SP000048183
Pr50236,SP000048261
Pr50237,SP000048265
Pr50284,SP000048309
712,000000712
713,000000713
4483,000004483
9719,000009719
Pr51422,SP000049419
Pr49225,SP000047415
Pr51407,SP000049404
30586,000030586
31508,000031508
Pr48558,SP000046799
Pr48600,SP000046840
Pr48719,SP000046917
Pr48786,SP000046978
Pr48944,SP000047134
Pr48986,SP000047176
Pr49068,SP000047258
Pr49266,SP000047456
Pr49308,SP000047498
Pr49322,SP000047512
Pr51291,SP000049287
Pr51298,SP000049294
Pr51313,SP000049309
Pr51344,SP000049341
Pr51371,SP000049368
Pr51380,SP000049377
Pr53498,SP000051397
Pr53506,SP000051406
9633,000009633
Pr48714,SP000046912
Pr48857,SP000047047
Pr49203,SP000047393
Pr49275,SP000047465
Pr49316,SP000047506
Pr51365,SP000049362
Pr53507,SP000051405
Pr48566,SP000046806
,SP000046817
Pr48711,SP000046909
Pr48715,SP000046913
Pr48834,SP000047024
Pr48856,SP000047046
,SP000047117
Pr48938,SP000047128
Pr48967,SP000047157
Pr49357,SP000047547
Pr51338,SP000049335
Pr51395,SP000049392
Pr51406,SP000049403
Pr53571,SP000051465
rs4u38612,ТР-00027682
rs4u38613,ТР-00027683
rs4u38614,ТР-00027684
rs4u38615,ТР-00027685
rs4u38616,ТР-00027686
rs4u38617,ТР-00027687
rs4u38618,ТР-00027688
rs4u38619,ТР-00027689
rs4u38620,ТР-00027690
rs4u38621,ТР-00027691
rs4u38622,ТР-00027692
rs4u38623,ТР-00027693
rs4u38624,ТР-00027694
rs4u38625,ТР-00027695
SD00053706,SD00053706
SD00053714,SD00053714
Pr47074,SP000045373
Pr50200,SP000048194
Pr48577,SP000046816
Pr48579,SP000046818
Pr48613,SP000046853
Pr48716,SP000046914
Pr48843,SP000047033
Pr48949,SP000047139
Pr49048,SP000047238
Pr49251,SP000047441
Pr51234,SP000049229
Pr51244,SP000049239
Pr51280,SP000049276
Pr51416,SP000049413
SD00054215,SD00054215
SD00054219,SD00054219
SD00054220,SD00054220
SD00054218,SD00054218
SD00054217,SD00054217
SD00055103,SD00055103
SD00054701,SD00054701
SD00054718,SD00054718
SD00054703,SD00054703
SD00054729,SD00054729
SD00054704,SD00054704
SD00054706,SD00054706
SD00054716,SD00054716
SD00054717,SD00054717
SD00054712,SD00054712
SD00054719,SD00054719
SD00054728,SD00054728
SD00054696,SD00054696
SD00054715,SD00054715
SD00054693,SD00054693
SD00054705,SD00054705
SD00054711,SD00054711
SD00054720,SD00054720
SD00054722,SD00054722
SD00054730,SD00054730
SD00054731,SD00054731
SD00055111,SD00055111
15354,000015354
28470,000028470
SD00054799,SD00054799
21854,000021854
Pr48853,SP000047043
Pr48983,SP000047173
Pr49043,SP000047233
Pr49353,SP000047543
Pr51350,SP000049347
Pr51379,SP000049376
Pr51489,SP000049484
Pr51491,SP000049486
Pr51492,SP000049487
Pr51496,SP000049491
Pr53479,SP000051380
Pr53574,SP000051468
Pr53614,SP000051508
2207982336,SP000037435H
2566454309,SP000043036H
2738886310,SP000044068H
2738890619,SP000044159H
2738908705,SP000044079H
2738911579,SP000044175H
2738913452,SP000044174H
2739348796,SP000032649H
Pr48712,SP000046910
Pr49023,SP000047213
Pr50354,SP000048369
18568,000018568
Pr48572,SP000046811
Pr48835,SP000047025
Pr49295,SP000047485
Pr49331,SP000047521
Pr51267,SP000049262
Pr51281,SP000049277
Pr51322,SP000049318
Pr51420,SP000049417
Pr53570,SP000051464
Pr53572,SP000051466
SD00052837,SD00052837
SD00055210,SD00055210
SD00055212,SD00055212
SD00055211,SD00055211
5420,000005420
,SP000047068
Pr49132,SP000047322
Pr51501,SP000049496
Pr53573,SP000051467
SD00054874,SD00054874
SD00054872,SD00054872
SD00054873,SD00054873
rs4u38602,ТР-00027671
,SP000022493
,SP000037805H
,SP000032603H
,MI6096H
,CH0293H
Pr49169,SP000047359
Pr49356,SP000047546
Pr51307,SP000049303
Pr51499,SP000049494
rs4u37242,ТР-00026028
17791,000017791
17854,000017854
22208,000022208
29217,000029217
SD00007249,SD00007249
SD00053368,SD00053368
SD00055005,SD00055005
SD00055247,SD00055247
SD00055246,SD00055246
SD00055006,SD00055006
Pr47024,SP000045323
Pr50197,SP000048191
Pr50196,SP000048190
Pr48571,SP000046810
Pr48902,SP000047092
Pr49159,SP000047349
Pr49163,SP000047353
Pr49166,SP000047356
Pr49173,SP000047363
Pr49289,SP000047479
Pr51310,SP000049306
Pr51384,SP000049381
Pr51414,SP000049411
rs4u38297,ТР-00027368
rs4u38299,ТР-00027370
rs4u38300,ТР-00027371
rs4u38302,ТР-00027373
rs4u38303,ТР-00027374
rs4u38314,ТР-00027385
rs4u38320,ТР-00027391
rs4u38321,ТР-00027392
rs4u38322,ТР-00027393
SD00054493,SD00054493
SD00054489,SD00054489
SD00054497,SD00054497
SD00054496,SD00054496
SD00054494,SD00054494
SD00054495,SD00054495
rs4u38289,ТР-00027360
rs4u38290,ТР-00027361
rs4u38292,ТР-00027363
rs4u38294,ТР-00027365
rs4u38295,ТР-00027366
rs4u38309,ТР-00027380
Pr48903,SP000047093
Pr49688,SP000047871
,SP000051377
,SP000051379
,SP000051273
,SP000051406
,SP000051397
,SP000051405
Pr51939,SP000049904
Pr51940,SP000049905
Pr51941,SP000049906
rs4u38285,ТР-00027356
rs4u38286,ТР-00027357
rs4u38287,ТР-00027358
rs4u38288,ТР-00027359
rs4u38298,ТР-00027369
rs4u38310,ТР-00027381
rs4u38313,ТР-00027384
rs4u38332,ТР-00027403
rs4u38333,ТР-00027404
rs4u38335,ТР-00027406
rs4u38338,ТР-00027409
rs4u38339,ТР-00027410
rs4u38340,ТР-00027411
rs4u38341,ТР-00027412
rs4u38342,ТР-00027413
rs4u38343,ТР-00027414
rs4u38344,ТР-00027415
rs4u38347,ТР-00027418
rs4u38850,ТР-00027922
9630,000009630
25133,000025133
27777,000027777
Pr50191,SP000048185
Pr50192,SP000048186
Pr50193,SP000048187
Pr50194,SP000048188
Pr50195,SP000048189
Pr48876,SP000047066
Pr49162,SP000047352
Pr49168,SP000047358
Pr49174,SP000047364
Pr49312,SP000047502
Pr49328,SP000047518
Pr51287,SP000049283
Pr51312,SP000049308
Pr51352,SP000049349
Pr51391,SP000049388
rs4u38281,ТР-00027352
rs4u38282,ТР-00027353
rs4u38283,ТР-00027354
rs4u38284,ТР-00027355
rs4u38291,ТР-00027362
rs4u38293,ТР-00027364
rs4u38296,ТР-00027367
rs4u38301,ТР-00027372
rs4u38304,ТР-00027375
rs4u38316,ТР-00027387
rs4u38317,ТР-00027388
rs4u38318,ТР-00027389
rs4u38319,ТР-00027390
rs4u38323,ТР-00027394
rs4u38328,ТР-00027399
rs4u38329,ТР-00027400
rs4u38330,ТР-00027401
rs4u38331,ТР-00027402
rs4u38336,ТР-00027407
rs4u38337,ТР-00027408
rs4u38345,ТР-00027416
rs4u38346,ТР-00027417
rs4u38348,ТР-00027419
rs4u38349,ТР-00027420
SD00053998,SD00053998
SD00054230,SD00054230
SD00054236,SD00054236
SD00054233,SD00054233
Pr53943,SP000051827
Pr53946,SP000051830
Pr53948,SP000051832
Pr53949,SP000051833
Pr53954,SP000051838
Pr53955,SP000051839
Pr53956,SP000051840
Pr53959,SP000051843
Pr53961,SP000051845
rs4u38305,ТР-00027376
rs4u38306,ТР-00027377
rs4u38307,ТР-00027378
rs4u38308,ТР-00027379
rs4u38312,ТР-00027383
rs4u38315,ТР-00027386
rs4u38324,ТР-00027395
rs4u38325,ТР-00027396
rs4u38326,ТР-00027397
rs4u38334,ТР-00027405
SD00054681,SD00054681
SD00054680,SD00054680
SD00055250,SD00055250
SD00055251,SD00055251
SD00055252,SD00055252
SD00055253,SD00055253
12612,000012612
12613,000012613
Pr48597,SP000046837
Pr48656,SP000046867
Pr48871,SP000047061
Pr48877,SP000047067
Pr48881,SP000047071
Pr48942,SP000047132
Pr48957,SP000047147
Pr49060,SP000047250
Pr49113,SP000047303
Pr49136,SP000047326
Pr51259,SP000049254
Pr51358,SP000049355
rs4u38311,ТР-00027382
rs4u38327,ТР-00027398
SD00042203,SD00042203
Pr49056,SP000047246
SD00055257,SD00055257
9353,000009353
15052,000015052
15433,000015433
23187,000023187
25761,000025761
30903,000030903
Pr49247,SP000047437
rs4u1120,ТР-00001506
SD00054571,SD00054571
SD00054572,SD00054572
SD00054573,SD00054573
SD00054574,SD00054574
SD00054576,SD00054576
SD00054570,SD00054570
SD00054575,SD00054575
SD00007248,SD00007248
Pr48885,SP000047075
Pr49165,SP000047355
SD00054538,SD00054538
Pr45968,SP000044364
Pr45969,SP000044365
Pr45970,SP000044366
Pr47729,SP000045979
Pr47730,SP000045980
Pr47734,SP000045984
Pr45965,SP000044361
Pr45975,SP000044371
Pr45987,SP000044383
Pr47083,SP000045382
Pr47084,SP000045383
Pr47085,SP000045384
Pr47086,SP000045385
Pr50199,SP000048193
Pr50202,SP000048196
Pr49012,SP000047202
Pr51840,SP000049824
Pr51841,SP000049825
Pr51858,SP000049842
Pr51859,SP000049843
Pr51818,SP000049802
Pr51819,SP000049803
Pr51820,SP000049804
Pr51821,SP000049805
Pr51843,SP000049827
Pr51844,SP000049828
Pr51854,SP000049838
Pr51855,SP000049839
Pr51856,SP000049840
Pr51857,SP000049841
Pr51847,SP000049831
Pr51848,SP000049832
Pr51849,SP000049833
Pr51850,SP000049834
Pr51851,SP000049835
Pr51852,SP000049836
Pr51853,SP000049837
Pr51842,SP000049826
Pr51824,SP000049808
Pr51835,SP000049819
Pr51836,SP000049820
Pr51837,SP000049821
Pr51838,SP000049822
Pr51839,SP000049823
Pr51845,SP000049829
Pr51825,SP000049809
Pr51846,SP000049830
Pr51860,SP000049844
Pr51861,SP000049845
Pr51862,SP000049846
Pr51863,SP000049847
Pr51864,SP000049848
Pr51865,SP000049849
Pr51866,SP000049850
Pr51826,SP000049810
Pr51827,SP000049811
Pr51828,SP000049812
SD00054300,SD00054300
SD00054303,SD00054303
SD00054288,SD00054288
SD00054282,SD00054282
SD00054283,SD00054283
SD00054290,SD00054290
SD00054280,SD00054280
SD00054281,SD00054281
SD00054291,SD00054291
SD00054301,SD00054301
SD00054302,SD00054302
SD00054289,SD00054289
Pr49866,SP000047885
Pr49868,SP000047887
Pr49871,SP000047890
Pr49872,SP000047891
Pr49875,SP000047894
Pr49878,SP000047897
Pr49881,SP000047900
Pr49884,SP000047903
Pr49886,SP000047905
Pr49887,SP000047906
Pr49890,SP000047909
Pr49896,SP000047915
Pr49897,SP000047916
Pr49900,SP000047919
Pr49902,SP000047921
Pr49905,SP000047924
Pr49907,SP000047926
Pr49910,SP000047929
Pr49911,SP000047930
Pr49913,SP000047932
Pr49915,SP000047934
Pr49917,SP000047936
Pr49918,SP000047937
Pr49920,SP000047939
Pr49923,SP000047942
Pr49928,SP000047947
Pr49929,SP000047948
Pr49931,SP000047950
Pr49932,SP000047951
Pr49937,SP000047956
Pr49939,SP000047958
Pr49941,SP000047960
Pr49943,SP000047962
Pr49945,SP000047964
Pr49946,SP000047965
Pr49947,SP000047966
Pr49948,SP000047967
Pr49949,SP000047968
Pr49951,SP000047970
Pr49952,SP000047971
Pr49953,SP000047972
Pr49956,SP000047975
Pr49957,SP000047976
Pr49959,SP000047978
Pr49963,SP000047982
Pr49964,SP000047983
Pr49965,SP000047984
Pr49979,SP000047998
Pr49982,SP000048001
Pr49986,SP000048005
Pr49989,SP000048008
Pr49995,SP000048014
Pr50000,SP000048019
Pr50011,SP000048030
Pr50012,SP000048031
Pr50225,SP000048217
Pr50231,SP000048241
Pr50232,SP000048245
Pr50257,SP000048287
SD00052821,SD00052821
SD00055282,SD00055282
SD00055286,SD00055286
SD00055283,SD00055283
SD00055287,SD00055287
SD00055281,SD00055281
SD00055285,SD00055285
SD00055284,SD00055284
SD00055288,SD00055288
SD00024412,SD00024412
SD00004608,SD00004608
SD00004612,SD00004612
SD00004614,SD00004614
SD00004876,SD00004876
SD00004877,SD00004877
SD00004883,SD00004883
SD00004885,SD00004885
SD00005520,SD00005520
SD00005522,SD00005522
SD00005523,SD00005523
SD00005524,SD00005524
SD00005810,SD00005810
SD00005811,SD00005811
SD00005812,SD00005812
SD00005813,SD00005813
SD00005821,SD00005821
SD00005825,SD00005825
SD00005839,SD00005839
SD00008321,SD00008321
SD00008324,SD00008324
SD00008337,SD00008337
SD00008346,SD00008346
SD00021204,SD00021204
SD00021313,SD00021313
SD00030344,SD00030344
SD00042770,SD00042770
SD00042771,SD00042771
SD00042773,SD00042773
SD00042776,SD00042776
SD00047883,SD00047883
SD00047884,SD00047884
SD00047886,SD00047886
SD00047885,SD00047885
SD00047887,SD00047887
SD00047888,SD00047888
SD00051397,SD00051397
SD00051141,SD00051141
SD00051142,SD00051142
SD00051143,SD00051143
SD00053400,SD00053400
SD00053401,SD00053401
SD00053402,SD00053402
SD00053403,SD00053403
SD00053404,SD00053404
SD00053405,SD00053405
SD00053406,SD00053406
SD00053407,SD00053407
SD00053408,SD00053408
SD00054175,SD00054175
SD00054178,SD00054178
SD00054177,SD00054177
SD00054179,SD00054179
SD00054181,SD00054181
SD00054182,SD00054182
SD00054180,SD00054180
SD00054216,SD00054216
SD00054400,SD00054400
SD00054399,SD00054399
SD00054187,SD00054187
SD00054184,SD00054184
SD00054186,SD00054186
SD00054183,SD00054183
SD00054185,SD00054185
SD00054557,SD00054557
rs4u38603,ТР-00027673
rs4u38604,ТР-00027674
rs4u38605,ТР-00027675
rs4u38606,ТР-00027676
rs4u38607,ТР-00027677
rs4u38608,ТР-00027678
rs4u38610,ТР-00027680
SD00053527,SD00053527
SD00053530,SD00053530
Pr9834,SP000027499
Pr54086,SP000051961
Pr51829,SP000049813
Pr51831,SP000049815
Pr51832,SP000049816
Pr51909,SP000049881
Pr51390,SP000049387
Pr4082,SP000032148
Pr4271,SP000034306
Pr40717,SP000039977
Pr41875,SP000041050
SD00004604,SD00004604
SD00004606,SD00004606
SD00004610,SD00004610
SD00005824,SD00005824
SD00054690,SD00054690
SD00054683,SD00054683
SD00054687,SD00054687
SD00054685,SD00054685
SD00054686,SD00054686
SD00054689,SD00054689
SD00054684,SD00054684
SD00054688,SD00054688
SD00055258,SD00055258
30835,000030835
30838,000030838
30854,000030854
30858,000030858
30860,000030860
rs4u11620,00000005521
rs4u20112,ТР-00008605
Pr53947,SP000051831
Pr53952,SP000051836
Pr53958,SP000051842
Pr49089,SP000047279
Pr49994,SP000048013
SD00054733,SD00054733
SD00054662,SD00054662
SD00054660,SD00054660
21561,000021561
21748,000021748
Pr53945,SP000051829
1049,000001049
1132,000001132
SD00054344,SD00054344
SD00054345,SD00054345
SD00054346,SD00054346
SD00054347,SD00054347
SD00054343,SD00054343
SD00054807,SD00054807
30925,000030925
rs4u38186,ТР-00027262
rs4u38187,ТР-00027263
rs4u38188,ТР-00027264
rs4u38191,ТР-00027267
rs4u38192,ТР-00027268
rs4u38193,ТР-00027269
rs4u38194,ТР-00027270
Pr50198,SP000048192
Pr48561,SP000046801
Pr48792,SP000046982
Pr48823,SP000047013
Pr48844,SP000047034
Pr48897,SP000047087
Pr48999,SP000047189
Pr49143,SP000047333
Pr49231,SP000047421
Pr49330,SP000047520
Pr49874,SP000047893
Pr49899,SP000047918
Pr49950,SP000047969
Pr49955,SP000047974
Pr49966,SP000047985
Pr49985,SP000048004
Pr50002,SP000048021
Pr50008,SP000048027
Pr50226,SP000048221
Pr50233,SP000048249
Pr51872,SP000049856
Pr51883,SP000049866
Pr48847,SP000047037
,SP000047048
Pr48862,SP000047052
,SP000047490
Pr53853,SP000051738
Pr53855,SP000051740
Pr53856,SP000051741
Pr53857,SP000051742
SD00054229,SD00054229
SD00054232,SD00054232
SD00054823,SD00054823
SD00054824,SD00054824
Pr49919,SP000047938
SD00054603,SD00054603
SD00054602,SD00054602
SD00054585,SD00054585
SD00054601,SD00054601
SD00054582,SD00054582
SD00054583,SD00054583
SD00054584,SD00054584
SD00054600,SD00054600
SD00054604,SD00054604
SD00054580,SD00054580
SD00054579,SD00054579
SD00054578,SD00054578
SD00054581,SD00054581
SD00054577,SD00054577
SD00054609,SD00054609
SD00054610,SD00054610
16010,000016010
16898,000016898
Pr48564,SP000046804
Pr49002,SP000047192
Pr49889,SP000047908
Pr50256,SP000048286
SD00052830,SD00052830
rs4u38200,ТР-00027276
rs4u38211,ТР-00027287
rs4u38507,ТР-00027566
Pr51735,SP000049721
Pr51736,SP000049722
Pr49969,SP000047988
Pr50228,SP000048229
SD00047890,SD00047890
22971,000022971
rs4u38506,ТР-00027565
SD00055322,SD00055322
Pr48659,SP000046870
Pr49057,SP000047247
Pr50219,SP000048212
1452,000001452
4829,000004829
18557,000018557
18575,000018575
rs4u3124,00000018201
rs4u38201,ТР-00027277
Pr54265,SP000052125
Pr51748,SP000049734
Pr51383,SP000049380
Pr54053,SP000051929
Pr49476,SP000047675
19541,000019541
25227,000025227
Pr49047,SP000047237
Pr49274,SP000047464
SD00053367,SD00053367
Pr49860,SP000047879
Pr49914,SP000047933
Pr49967,SP000047986
22028,000022028
27900,000027900
Pr49061,SP000047251
Pr49195,SP000047385
Pr53569,SP000051463
Pr49879,SP000047898
Pr49973,SP000047992
11953,000011953
24533,000024533
rs4u16024,ТР-00008182
Pr51354,SP000049351
Pr53586,SP000051480
rs4u15427,00000014512
rs4u15466,00000018010
rs4u15478,00000018011
Pr49053,SP000047243
Pr49175,SP000047365
Pr50229,SP000048233
4797,000004797
SD00047889,SD00047889
1128,000001128
1141,000001141
5205,000005205
23002,000023002
23801,000023801
rs4u38466,ТР-00027521
rs4u38467,ТР-00027522
rs4u38468,ТР-00027523
rs4u38469,ТР-00027524
rs4u38470,ТР-00027525
Pr53575,SP000051469
Pr53576,SP000051470
Pr53577,SP000051471
Pr53578,SP000051472
Pr53579,SP000051473
Pr53580,SP000051474
Pr53581,SP000051475
SD00054869,SD00054869
SD00054850,SD00054850
SD00054851,SD00054851
21218,000021218
Pr51746,SP000049732
Pr51747,SP000049733
Pr51749,SP000049735
Pr51750,SP000049736
Pr51751,SP000049737
Pr48972,SP000047162
Pr53582,SP000051476
Pr53584,SP000051478
Pr53585,SP000051479
Pr53587,SP000051481
Pr53606,SP000051500
Pr48721,SP000046919
Pr49018,SP000047208
Pr51262,SP000049257
Pr51314,SP000049310
Pr53583,SP000051477
Pr53608,SP000051502
Pr54054,SP000051930
Pr41558,SP000040757
rs4u15377,00000013600
Pr53960,SP000051844
Pr51308,SP000049304
Pr53609,SP000051503
Pr53611,SP000051505
Pr53612,SP000051506
Pr53630,SP000051526
Pr53859,SP000051744
Pr53964,SP000051848
SD00054285,SD00054285
5983,000005983
7823,000007823
26593,000026593
Pr53613,SP000051507
Pr53858,SP000051743
Pr53860,SP000051745
Pr53966,SP000051850
SD00053999,SD00053999
SD00054004,SD00054004
SD00053997,SD00053997
SD00054822,SD00054822
SD00054821,SD00054821
SD00054820,SD00054820
SD00054819,SD00054819
31809,000031809
31810,000031810
31812,000031812
31813,000031813
rs4u37683,ТР-00026777
Pr49493,SP000047692
Pr50361,SP000048376
Pr51964,SP000049924
Pr54612,SP000052467
Pr54613,SP000052466
Pr54634,SP000052488
Pr49867,SP000047886
Pr50227,SP000048225
Pr50230,SP000048237
Pr50235,SP000048257
Pr50238,SP000048269
Pr48852,SP000047042
Pr48924,SP000047114
SD00054691,SD00054691
SD00054692,SD00054692
SD00053361,SD00053361
SD00053359,SD00053359
SD00053360,SD00053360
SD00047840,SD00047840
SD00047845,SD00047845
SD00047891,SD00047891
SD00047842,SD00047842
SD00047807,SD00047807
SD00054231,SD00054231
SD00054228,SD00054228
3494,000003494
12497,000012497
15026,000015026
27525,000027525
30715,000030715
31541,000031541
31542,000031542
31546,000031546
,000022947H
,000017068H
Pr51332,SP000049328
Pr51370,SP000049367
Pr51377,SP000049374
Pr51387,SP000049384
Pr53610,SP000051504
Pr53615,SP000051509
706,000000706
5997,000005997
18439,000018439
Pr48886,SP000047076
Pr49049,SP000047239
Pr51361,SP000049358
Pr49880,SP000047899
19764,000019764
9639,000009639
12414,000012414
rs4u38519,ТР-00027574
rs4u38520,ТР-00027575
Pr52168,SP000050118
Pr52169,SP000050119
Pr48663,SP000046874
Pr48789,SP000046981
Pr48842,SP000047032
Pr48858,SP000047048
Pr48859,SP000047049
Pr48863,SP000047053
Pr48934,SP000047124
Pr49014,SP000047204
Pr49117,SP000047307
Pr49122,SP000047312
Pr49140,SP000047330
Pr49215,SP000047405
Pr49239,SP000047429
Pr51359,SP000049356
Pr51402,SP000049399
Pr53588,SP000051482
Pr53590,SP000051484
Pr53591,SP000051485
SD00054234,SD00054234
Pr50203,SP000048197
Pr50204,SP000048198
Pr48838,SP000047028
Pr48841,SP000047031
Pr48906,SP000047096
Pr48940,SP000047130
Pr48950,SP000047140
Pr48989,SP000047179
Pr49116,SP000047306
Pr49170,SP000047360
Pr49196,SP000047386
Pr49227,SP000047417
Pr49252,SP000047442
Pr49282,SP000047472
Pr49300,SP000047490
Pr49347,SP000047537
Pr53967,SP000051851
Pr53589,SP000051483
Pr53592,SP000051486
Pr53593,SP000051487
Pr53595,SP000051489
Pr53597,SP000051491
Pr53598,SP000051492
Pr53599,SP000051493
Pr53607,SP000051501
SD00054899,SD00054899
SD00054885,SD00054885
SD00054895,SD00054895
SD00054896,SD00054896
SD00054886,SD00054886
SD00054891,SD00054891
SD00054892,SD00054892
SD00054897,SD00054897
SD00054916,SD00054916
SD00054917,SD00054917
SD00054919,SD00054919
SD00054902,SD00054902
SD00054961,SD00054961
SD00054958,SD00054958
SD00054962,SD00054962
SD00054965,SD00054965
SD00054967,SD00054967
SD00054969,SD00054969
SD00054945,SD00054945
SD00054946,SD00054946
SD00054975,SD00054975
SD00054949,SD00054949
SD00054951,SD00054951
SD00054966,SD00054966
SD00054923,SD00054923
SD00054930,SD00054930
SD00054921,SD00054921
SD00054924,SD00054924
SD00054938,SD00054938
SD00054937,SD00054937
SD00054933,SD00054933
SD00054936,SD00054936
SD00054982,SD00054982
SD00054984,SD00054984
SD00054947,SD00054947
SD00054953,SD00054953
SD00054925,SD00054925
SD00054928,SD00054928
SD00054909,SD00054909
SD00054906,SD00054906
SD00054910,SD00054910
SD00054911,SD00054911
SD00054913,SD00054913
SD00054889,SD00054889
SD00054956,SD00054956
SD00054970,SD00054970
SD00054973,SD00054973
SD00054974,SD00054974
SD00054894,SD00054894
SD00054918,SD00054918
SD00054920,SD00054920
SD00054890,SD00054890
SD00054968,SD00054968
SD00054971,SD00054971
SD00054948,SD00054948
SD00054950,SD00054950
SD00054887,SD00054887
SD00054888,SD00054888
SD00054939,SD00054939
SD00054926,SD00054926
SD00054927,SD00054927
SD00054931,SD00054931
SD00054903,SD00054903
SD00054893,SD00054893
SD00054952,SD00054952
SD00054957,SD00054957
SD00054959,SD00054959
SD00054960,SD00054960
SD00054912,SD00054912
SD00054914,SD00054914
SD00054915,SD00054915
SD00054904,SD00054904
SD00054964,SD00054964
SD00054955,SD00054955
SD00054983,SD00054983
SD00054979,SD00054979
SD00054900,SD00054900
SD00054898,SD00054898
SD00054940,SD00054940
SD00054934,SD00054934
SD00054981,SD00054981
SD00054963,SD00054963
SD00054978,SD00054978
SD00054932,SD00054932
SD00054929,SD00054929
SD00054908,SD00054908
SD00054901,SD00054901
SD00054905,SD00054905
SD00054907,SD00054907
SD00054922,SD00054922
SD00054935,SD00054935
SD00054985,SD00054985
SD00054954,SD00054954
SD00054972,SD00054972
SD00054976,SD00054976
SD00054977,SD00054977
SD00054800,SD00054800
Pr53822,SP000051707
Pr37006,SP000036389
Pr48578,SP000046817
Pr48610,SP000046850
Pr48927,SP000047117
Pr49244,SP000047434
Pr49348,SP000047538
Pr49882,SP000047901
Pr50005,SP000048024
4438,000004438
9811,000009811
9815,000009815
rs4u15309,ТР-00001015
rs4u15431,ТР-00002683
rs4u38611,ТР-00027681
rs4u38646,ТР-00027715
rs4u38841,ТР-00027913
1695,000001695
32074,000032074
32076,000032076
17547,000017547
SD00055654,SD00055654
SD00055129,SD00055129
Pr49189,SP000047379
Pr49208,SP000047398
9115,000009115
10023,000010023
10027,000010027
10031,000010031
10038,000010038
10124,000010124
10462,000010462
11405,000011405
11820,000011820
11822,000011822
12239,000012239
13280,000013280
13385,000013385
13409,000013409
14189,000014189
14191,000014191
14975,000014975
15429,000015429
18383,000018383
18561,000018561
20280,000020280
20406,000020406
21855,000021855
21937,000021937
22613,000022613
24467,000024467
24998,000024998
26992,000026992
27294,000027294
28927,000028927
29877,000029877
29879,000029879
29880,000029880
30721,30721
659,000000659
SD00050886,SD00050886
Pr51417,SP000049414
Pr51943,SP000049908
Pr53379,SP000051281
Pr53380,SP000051282
Pr49942,SP000047961
rs4u39014,ТР-00028056
rs4u39015,ТР-00028057
20236,000020236
Pr44583,SP000043057
9635,000009635
30763,000030763
30764,000030764
30898,000030898
30899,000030899
30994,000030994
31016,000031016
32071,000032071
32072,000032072
Pr54082,SP000051957
Pr40406,SP000039681
Pr46704,SP000045016
Pr51942,SP000049907
rs4u15088,00000015647
5182,000005182
17533,000017533
17535,000017535
20057,000020057
28524,000028524
Pr47735,SP000045985
Pr53596,SP000051490
Pr53600,SP000051494
Pr53603,SP000051497
Pr53604,SP000051498
SD00051657,SD00051657
SD00051658,SD00051658
rs4u37870,ТР-00026958
Pr53951,SP000051835
Pr53957,SP000051841
Pr51239,SP000049234
Pr51242,SP000049237
Pr51266,SP000049261
Pr51302,SP000049298
Pr51329,SP000049325
Pr51381,SP000049378
Pr53601,SP000051495
Pr53950,SP000051834
SD00049173,SD00049173
SD00054944,SD00054944
SD00054941,SD00054941
SD00054942,SD00054942
SD00054943,SD00054943
SD00055245,SD00055245
SD00055242,SD00055242
SD00055241,SD00055241
SD00055244,SD00055244
SD00055248,SD00055248
SD00055243,SD00055243
SD00055240,SD00055240
SD00055509,SD00055509
SD00055510,SD00055510
SD00055507,SD00055507
SD00055508,SD00055508
Pr54084,SP000051959
Pr51744,SP000049730
Pr53381,SP000051283
Pr53382,SP000051284
Pr53384,SP000051286
Pr53386,SP000051288
Pr48894,SP000047084
Pr49041,SP000047231
Pr49255,SP000047445
Pr53602,SP000051496
Pr50234,SP000048253
Pr53854,SP000051739
SD00055991,SD00055991
SD00055996,SD00055996
SD00056007,SD00056007
SD00056008,SD00056008
SD00055992,SD00055992
SD00055995,SD00055995
SD00056006,SD00056006
SD00056009,SD00056009
SD00055998,SD00055998
SD00056002,SD00056002
SD00056004,SD00056004
SD00056005,SD00056005
SD00055999,SD00055999
SD00056001,SD00056001
SD00055990,SD00055990
SD00056003,SD00056003
SD00055997,SD00055997
SD00056000,SD00056000
Pr49004,SP000047194
Pr48960,SP000047150
Pr49093,SP000047283
Pr49293,SP000047483
Pr53594,SP000051488
Pr49892,SP000047911
1682,000001682
Pr49212,SP000047402
Pr49088,SP000047278
Pr48851,SP000047041
rs4u128,ТР-00003482
rs4u135,ТР-00003478
rs4u686,00000022849
rs4u687,00000022834
rs4u866,00000022838
rs4u867,00000022837
rs4u868,00000022836
rs4u869,00000022833
rs4u933,00000022864
rs4u934,00000022863
rs4u935,00000022862
rs4u987,00000022865
rs4u8567,00000004614
rs4u9109,00000004981
rs4u9118,00000005033
rs4u9459,00000006410
rs4u10366,ТР-00002640
rs4u11850,00000006042
rs4u11989,00000006180
rs4u11998,00000006189
rs4u13801,00000006484
rs4u15509,ТР-00003556
rs4u15518,ТР-00004642
rs4u15519,ТР-00004643
rs4u15521,ТР-00000678
rs4u17614,00000004618
rs4u18770,00000004994
rs4u19289,00000004806
rs4u19298,00000004815
rs4u19301,00000004820
rs4u19946,ТР-00008426
rs4u20069,ТР-00008562
rs4u20070,ТР-00008563
rs4u20071,ТР-00008564
rs4u20072,ТР-00008565
rs4u20073,ТР-00008566
rs4u20074,ТР-00008567
rs4u20077,ТР-00008570
rs4u20078,ТР-00008571
rs4u20079,ТР-00008572
rs4u20080,ТР-00008573
rs4u20083,ТР-00008576
rs4u20084,ТР-00008577
rs4u20086,ТР-00008579
rs4u20092,ТР-00008585
rs4u24733,ТР-00013375
rs4u33329,ТР-00022255
rs4u33330,ТР-00022256
rs4u33331,ТР-00022257
rs4u33332,ТР-00022258
rs4u33333,ТР-00022259
rs4u33334,ТР-00022260
rs4u33335,ТР-00022261
rs4u33337,ТР-00022263
rs4u33338,ТР-00022264
rs4u33392,ТР-00022318
rs4u33412,ТР-00022338
rs4u33437,ТР-00022363
rs4u33771,ТР-00022231
rs4u33772,ТР-00022232
rs4u33783,ТР-00022243
rs4u33842,ТР-00022526
rs4u33843,ТР-00022527
rs4u33845,ТР-00022529
rs4u33846,ТР-00022530
rs4u33849,ТР-00022533
rs4u33851,ТР-00022535
rs4u33853,ТР-00022537
rs4u35001,ТР-00023759
rs4u35276,ТР-00024034
rs4u35619,ТР-00024426
rs4u36443,ТР-00025341
rs4u36444,ТР-00025342
rs4u36445,ТР-00025343
rs4u36446,ТР-00025344
rs4u36447,ТР-00025345
rs4u36449,ТР-00025347
rs4u36450,ТР-00025348
rs4u36452,ТР-00025350
rs4u36453,ТР-00025351
rs4u36454,ТР-00025352
rs4u36456,ТР-00025354
rs4u36457,ТР-00025355
rs4u36458,ТР-00025356
rs4u36459,ТР-00025357
rs4u36532,ТР-00025431
rs4u36533,ТР-00025432
rs4u36536,ТР-00025435
rs4u36537,ТР-00025436
rs4u36538,ТР-00025437
rs4u36752,ТР-00022226
rs4u37037,ТР-00025755
rs4u37038,ТР-00025756
rs4u37085,ТР-00025824
rs4u37086,ТР-00025825
rs4u37103,00000013347
rs4u37112,ТР-00025853
rs4u37115,ТР-00025874
rs4u37120,ТР-00025879
rs4u37327,ТР-00026113
rs4u37329,ТР-00026115
rs4u37331,ТР-00026117
rs4u37332,ТР-00026118
rs4u37333,ТР-00026119
rs4u37334,ТР-00026120
rs4u37335,ТР-00026121
rs4u37336,ТР-00026122
rs4u37337,ТР-00026123
rs4u37372,ТР-00026145
rs4u37373,ТР-00026146
rs4u37379,ТР-00026153
rs4u37383,ТР-00026157
rs4u37464,ТР-00026234
rs4u37465,ТР-00026235
rs4u37466,ТР-00026236
rs4u37482,ТР-00026239
rs4u37483,ТР-00026240
rs4u37496,ТР-00026259
rs4u37497,ТР-00026260
rs4u37498,ТР-00026261
rs4u37499,ТР-00026262
rs4u37501,ТР-00026264
rs4u37502,ТР-00026265
rs4u37539,ТР-00026648
rs4u37613,ТР-00026714
rs4u37809,ТР-00026901
rs4u37810,ТР-00026902
rs4u37811,ТР-00026903
rs4u37812,ТР-00026904
rs4u37813,ТР-00026905
rs4u37814,ТР-00026906
rs4u37815,ТР-00026907
rs4u37816,ТР-00026908
rs4u37817,ТР-00026909
rs4u37818,ТР-00026910
rs4u37819,ТР-00026911
rs4u37820,ТР-00026912
rs4u37821,ТР-00026913
rs4u37822,ТР-00026914
rs4u37823,ТР-00026915
rs4u37828,ТР-00026921
rs4u37829,ТР-00026922
rs4u37830,ТР-00026923
rs4u37831,ТР-00026924
rs4u37832,ТР-00026925
rs4u37833,ТР-00026926
rs4u38279,ТР-00027349
rs4u38280,ТР-00027350
rs4u38475,ТР-00027532
rs4u38476,ТР-00027533
rs4u38477,ТР-00027534
rs4u38478,ТР-00027535
rs4u38479,ТР-00027536
rs4u38502,ТР-00027561
rs4u38503,ТР-00027562
rs4u38504,ТР-00027563
rs4u38505,ТР-00027564
rs4u38527,ТР-00027582
rs4u39008,ТР-00028051
rs4u33325,ТР-00022251
rs4u33844,ТР-00022528
10907,000010907
14051,000014051
9620,000009620
10050,000010050
22570,000022570
23315,000023315
26596,000026596
28492,000028492
28504,000028504
29874,000029874
30461,000030461
31248,000031248
31262,000031262
31274,000031274
31275,000031275
31329,000031329
31330,000031330
31333,000031333
31334,000031334
31336,000031336
31341,000031341
31343,000031343
31344,000031344
31347,000031347
31566,000031566
31567,000031567
31569,000031569
31572,000031572
31573,000031573
Pr51752,SP000049738
Pr53376,SP000051278
Pr53383,SP000051285
Pr54062,SP000051938
Pr49971,SP000047990
rs4u38638,ТР-00027707
1142,000001142
7806,000007806
21193,000021193
22210,000022210
27020,000027020
31297,000031297
32066,000032066
32067,000032067
32069,000032069
SD00055040,SD00055040
Pr53385,SP000051287
679,000000679
3571,000003571
10712,000010712
25154,000025154
SD00056264,SD00056264
SD00056265,SD00056265
SD00056270,SD00056270
SD00056268,SD00056268
SD00056263,SD00056263
SD00056267,SD00056267
rs4u8491,00000006358
rs4u9457,00000006407
rs4u12164,00000006263
rs4u13814,00000006497
rs4u36535,ТР-00025434
rs4u37114,ТР-00025855
rs4u38526,ТР-00027581
Pr53605,SP000051499
962,000000962
1034,000001034
9619,000009619
10256,000010256
10257,000010257
15810,000015810
21213,000021213
SD00056273,SD00056273
SD00056276,SD00056276
SD00056272,SD00056272
SD00056274,SD00056274
SD00056275,SD00056275
rs4u11831,00000006023
rs4u11884,00000006076
rs4u36455,ТР-00025353
rs4u38563,ТР-00027615
rs4u38564,ТР-00027616
rs4u38569,ТР-00027638
Pr53962,SP000051846
SD00055745,SD00055745
SD00055746,SD00055746
SD00055748,SD00055748
SD00055747,SD00055747
SD00055079,SD00055079
SD00055128,SD00055128
SD00055080,SD00055080
SD00055127,SD00055127
SD00055081,SD00055081
SD00055084,SD00055084
SD00055131,SD00055131
SD00055132,SD00055132
SD00055076,SD00055076
SD00055077,SD00055077
SD00055078,SD00055078
SD00055082,SD00055082
SD00055387,SD00055387
SD00055382,SD00055382
SD00055383,SD00055383
SD00055384,SD00055384
SD00055385,SD00055385
SD00055386,SD00055386
SD00055388,SD00055388
rs4u37084,ТР-00025823
rs4u38570,ТР-00027639
SD00055039,SD00055039
SD00055224,SD00055224
SD00055225,SD00055225
rs4u37033,ТР-00025751
rs4u37850,ТР-00026938
Pr48970,SP000047160
SD00054762,SD00054762
SD00054764,SD00054764
SD00054765,SD00054765
SD00054776,SD00054776
SD00054775,SD00054775
SD00054766,SD00054766
SD00054763,SD00054763
SD00054773,SD00054773
SD00054774,SD00054774
SD00054778,SD00054778
SD00055340,SD00055340
SD00055347,SD00055347
SD00055353,SD00055353
SD00055346,SD00055346
SD00055354,SD00055354
SD00055345,SD00055345
SD00055352,SD00055352
5981,000005981
rs4u11908,00000006100
rs4u36977,ТР-00025714
rs4u37387,ТР-00026162
rs4u37779,ТР-00026871
rs4u38227,ТР-00027303
rs4u38977,ТР-00028030
rs4u38978,ТР-00028033
rs4u39028,ТР-00028068
rs4u39029,ТР-00028069
rs4u39072,ТР-00028110
rs4u133,ТР-00003480
rs4u134,ТР-00003479
rs4u33324,ТР-00022250
Pr49633,SP000047822
15313,000015313
rs4u10360,ТР-00002634
rs4u37119,ТР-00025878
rs4u39007,ТР-00028048
Pr51869,SP000049853
31624,000031624
rs4u13797,00000006480
30850,000030850
31796,000031796
rs4u257,00000013350
rs4u37380,ТР-00026154
rs4u12129,00000006224
rs4u15379,00000013602
Pr51745,SP000049731
1641,000001641
2463,000002463
SD00056093,SD00056093
SD00055612,SD00055612
SD00055155,SD00055155
1059,000001059
1061,000001061
1062,000001062
1409,000001409
Pr45701,SP000044097
Pr45702,SP000044098
Pr45752,SP000044147
Pr48505,SP000046749
Pr48506,SP000046750
Pr53377,SP000051279
Pr53378,SP000051280
SD00053766,SD00053766
SD00053774,SD00053774
SD00053776,SD00053776
SD00053759,SD00053759
SD00053773,SD00053773
SD00053761,SD00053761
SD00053777,SD00053777
SD00053771,SD00053771
SD00053778,SD00053778
SD00055256,SD00055256
SD00055324,SD00055324
SD00055764,SD00055764
SD00054812,SD00054812
SD00056059,SD00056059
SD00056027,SD00056027
SD00056035,SD00056035
SD00056061,SD00056061
SD00056039,SD00056039
SD00056033,SD00056033
SD00056077,SD00056077
SD00056078,SD00056078
SD00056071,SD00056071
SD00056053,SD00056053
SD00056038,SD00056038
SD00056048,SD00056048
SD00056055,SD00056055
SD00056058,SD00056058
SD00056069,SD00056069
SD00056025,SD00056025
SD00056041,SD00056041
SD00056049,SD00056049
SD00056054,SD00056054
SD00056024,SD00056024
SD00056026,SD00056026
SD00056036,SD00056036
SD00056037,SD00056037
SD00056043,SD00056043
SD00056062,SD00056062
SD00056070,SD00056070
SD00056074,SD00056074
SD00056089,SD00056089
SD00056095,SD00056095
SD00056091,SD00056091
SD00056084,SD00056084
SD00056115,SD00056115
SD00056082,SD00056082
SD00056088,SD00056088
SD00056099,SD00056099
SD00056080,SD00056080
SD00056094,SD00056094
SD00056081,SD00056081
SD00056097,SD00056097
SD00056086,SD00056086
SD00056101,SD00056101
SD00056090,SD00056090
SD00056104,SD00056104
SD00056111,SD00056111
SD00056119,SD00056119
SD00056108,SD00056108
SD00056087,SD00056087
SD00056100,SD00056100
SD00056120,SD00056120
SD00056129,SD00056129
SD00056130,SD00056130
SD00056133,SD00056133
SD00056107,SD00056107
SD00056128,SD00056128
SD00056131,SD00056131
SD00056134,SD00056134
SD00056085,SD00056085
SD00056102,SD00056102
SD00056135,SD00056135
SD00056132,SD00056132
SD00056092,SD00056092
SD00056106,SD00056106
SD00056165,SD00056165
SD00056567,SD00056567
SD00056570,SD00056570
SD00056582,SD00056582
SD00056589,SD00056589
SD00056571,SD00056571
SD00056574,SD00056574
SD00056577,SD00056577
SD00056593,SD00056593
SD00056594,SD00056594
SD00056603,SD00056603
SD00056597,SD00056597
SD00056575,SD00056575
SD00056583,SD00056583
SD00056588,SD00056588
SD00056591,SD00056591
SD00056592,SD00056592
SD00056572,SD00056572
SD00056580,SD00056580
SD00056584,SD00056584
SD00056601,SD00056601
SD00056595,SD00056595
SD00056579,SD00056579
SD00056596,SD00056596
SD00056568,SD00056568
SD00056573,SD00056573
SD00056576,SD00056576
SD00056578,SD00056578
SD00056598,SD00056598
SD00056599,SD00056599
SD00056585,SD00056585
SD00056590,SD00056590
SD00056581,SD00056581
SD00056586,SD00056586
rs4u33852,ТР-00022536
rs4u37583,ТР-00026702
Pr53537,SP000051439
5269,000005269
18040,000018040
31949,000031949
31950,000031950
31951,000031951
31953,000031953
31954,000031954
SD00054707,SD00054707
SD00055925,SD00055925
SD00055916,SD00055916
SD00055922,SD00055922
SD00055927,SD00055927
SD00055924,SD00055924
SD00055928,SD00055928
SD00055923,SD00055923
SD00055929,SD00055929
SD00055930,SD00055930
SD00055918,SD00055918
SD00055926,SD00055926
Pr11468,SP000018185
Pr11533,SP000007030
Pr11640,SP000000334
Pr11643,SP000000636
Pr16115,SP000032649
Pr42900,SP000041986
Pr16002,SP000027849
Pr16005,SP000032625
Pr23890,SP000034785
Pr23891,SP000034786
Pr16059,SP000022511
Pr16065,SP000032524
Pr16068,SP000032788
Pr16080,SP000034316
Pr16083,SP000035273
Pr42207,SP000041320
Pr42208,SP000041321
Pr44855,SP000043316
Pr16018,SP000032619
Pr38457,SP000037805
Pr44571,SP000043045
Pr15945,SP000022493
Pr15951,SP000025629
Pr41786,SP000040967
Pr41788,SP000040969
Pr42202,SP000041315
Pr16053,SP000032639
Pr16101,SP000032637
Pr18189,SP000013133
Pr18217,SP000029392
Pr18223,SP000032604
Pr18229,SP000032610
Pr18233,SP000032764
Pr18244,SP000034763
Pr18248,SP000034775
Pr36717,SP000036106
Pr36992,SP000036375
Pr37000,SP000036383
Pr37001,SP000036384
Pr37002,SP000036385
Pr40645,SP000039907
Pr40646,SP000039908
Pr40647,SP000039909
Pr41259,SP000040463
Pr41260,SP000040464
Pr41979,SP000041133
Pr41980,SP000041134
Pr41981,SP000041135
Pr41983,SP000041137
Pr42215,SP000041328
Pr44570,SP000043044
Pr44573,SP000043047
Pr44574,SP000043048
Pr44575,SP000043049
Pr44578,SP000043052
Pr44870,SP000043331
Pr44871,SP000043332
Pr46742,SP000045048
Pr18260,SP000020224
Pr18266,SP000024439
Pr18275,SP000032530
Pr18276,SP000032531
Pr18277,SP000032532
Pr18278,SP000032533
Pr42305,SP000041415
Pr42306,SP000041416
Pr42307,SP000041417
Pr42308,SP000041418
Pr42309,SP000041419
Pr42310,SP000041420
Pr38460,SP000037808
Pr38461,SP000037809
Pr23568,SP000032261
Pr23569,SP000032262
Pr23573,SP000032266
Pr23576,SP000032269
Pr23641,SP000034803
Pr40414,SP000039688
Pr42132,SP000041259
Pr42178,SP000041296
Pr42214,SP000041327
Pr42217,SP000041330
Pr42220,SP000041333
Pr42224,SP000041337
Pr42225,SP000041338
Pr44547,SP000043021
Pr44548,SP000043022
Pr44549,SP000043023
Pr44556,SP000043030
Pr2255,SP000024930
Pr3330,SP000025063
Pr3363,SP000025076
Pr3387,SP000025082
Pr3437,SP000025095
Pr3632,SP000025169
Pr3664,SP000025177
Pr3676,SP000025180
Pr3681,SP000025185
Pr3687,SP000025192
Pr3695,SP000026536
Pr3919,SP000027555
Pr4005,SP000033274
Pr4019,SP000034924
Pr4024,SP000034929
Pr4025,SP000034930
Pr36387,SP000035780
Pr36390,SP000035783
Pr36391,SP000035784
Pr36402,SP000035795
Pr36404,SP000035797
Pr36410,SP000035803
Pr38724,SP000038072
Pr38736,SP000038084
Pr38741,SP000038089
Pr38761,SP000038109
Pr38978,SP000038326
Pr38993,SP000038341
Pr39801,SP000039146
Pr39802,SP000039147
Pr39804,SP000039149
Pr39805,SP000039150
Pr39809,SP000039154
Pr39810,SP000039155
Pr39812,SP000039157
Pr39818,SP000039163
Pr39821,SP000039166
Pr39822,SP000039167
Pr39827,SP000039172
Pr39832,SP000039177
Pr40326,SP000039602
Pr40327,SP000039603
Pr40340,SP000039616
Pr40342,SP000039618
Pr40343,SP000039619
Pr40361,SP000039637
Pr40363,SP000039639
Pr40364,SP000039640
Pr40365,SP000039641
Pr40366,SP000039642
Pr40367,SP000039643
Pr40370,SP000039646
Pr40371,SP000039647
Pr40375,SP000039651
Pr40379,SP000039655
Pr40381,SP000039657
Pr40382,SP000039658
Pr40383,SP000039659
Pr40385,SP000039661
Pr40396,SP000039672
Pr41043,SP000040262
Pr41051,SP000040270
Pr41052,SP000040271
Pr41055,SP000040274
Pr41196,SP000040405
Pr41590,SP000040787
Pr41593,SP000040790
Pr41595,SP000040792
Pr41622,SP000040819
Pr41629,SP000040826
Pr41638,SP000040835
Pr41639,SP000040836
Pr41640,SP000040837
Pr41641,SP000040838
Pr41643,SP000040840
Pr41646,SP000040843
Pr41655,SP000040852
Pr41656,SP000040853
Pr41657,SP000040854
Pr41662,SP000040859
Pr41663,SP000040860
Pr41666,SP000040863
Pr41668,SP000040865
Pr41670,SP000040867
Pr43027,SP000042091
Pr43029,SP000042093
Pr43035,SP000042099
Pr43040,SP000042104
Pr43042,SP000042106
Pr4081,SP000032147
Pr4152,SP000033364
Pr4154,SP000033366
Pr4157,SP000033369
Pr4169,SP000033418
Pr4184,SP000033433
Pr4196,SP000033445
Pr4202,SP000033451
Pr4203,SP000033452
Pr4206,SP000033455
Pr4261,SP000034021
Pr4262,SP000034022
Pr4275,SP000034328
Pr4297,SP000035531
Pr41266,SP000040470
Pr41888,SP000041063
Pr41898,SP000041073
Pr41899,SP000041074
Pr41900,SP000041075
SD00055114,SD00055114
SD00055115,SD00055115
SD00055117,SD00055117
SD00055118,SD00055118
SD00055116,SD00055116
Pr49341,SP000047531
SD00054769,SD00054769
SD00054771,SD00054771
SD00054770,SD00054770
SD00054768,SD00054768
SD00055301,SD00055301
SD00054767,SD00054767
SD00054777,SD00054777
SD00054772,SD00054772
512,000000512
513,000000513
968,000000968
1899,000001899
2168,000002168
2215,000002215
4444,000004444
4515,000004515
4538,000004538
5019,000005019
5743,000005743
6069,000006069
7918,000007918
9203,000009203
10513,000010513
10946,000010946
12187,000012187
12712,000012712
13977,000013977
13978,000013978
13979,000013979
13980,000013980
14554,000014554
15027,000015027
15032,000015032
15268,000015268
15851,000015851
15932,000015932
15963,000015963
16013,000016013
16257,000016257
17191,000017191
17192,000017192
17371,000017371
19851,000019851
19852,000019852
19853,000019853
19854,000019854
20287,000020287
21282,000021282
21912,000021912
21913,000021913
21914,000021914
21927,000021927
21928,000021928
22847,000022847
25611,000025611
25612,000025612
25807,000025807
27557,000027557
27659,000027659
27668,000027668
28372,000028372
28373,000028373
28374,000028374
29908,000029908
30409,000030409
31017,000031017
31319,000031319
31645,000031645
31786,000031786
31787,000031787
31789,000031789
31790,000031790
31793,000031793
32070,000032070
rs4u569,00000022835
rs4u883,00000022792
rs4u895,00000022832
rs4u10374,ТР-00002648
rs4u10375,ТР-00002649
rs4u10377,ТР-00002653
rs4u11434,ТР-00000930
rs4u11435,ТР-00000931
rs4u11877,00000006069
rs4u12149,00000006246
rs4u20136,ТР-00008629
rs4u33321,ТР-00022247
rs4u33322,ТР-00022248
rs4u33323,ТР-00022249
rs4u33762,ТР-00022222
rs4u33850,ТР-00022534
rs4u36451,ТР-00025349
rs4u37113,ТР-00025854
rs4u37116,ТР-00025875
rs4u37328,ТР-00026114
rs4u37330,ТР-00026116
rs4u37500,ТР-00026263
Pr53375,SP000051277
Pr41066,SP000040285
SD00055578,SD00055578
Pr3502,SP000025111
Pr53953,SP000051837
Pr47796,SP000046047
Pr47797,SP000046048
Pr49302,SP000047492
Pr53503,SP000051402
SD00008038,SD00008038
SD00021135,SD00021135
SD00021136,SD00021136
SD00021137,SD00021137
SD00021138,SD00021138
SD00021156,SD00021156
SD00021157,SD00021157
SD00021158,SD00021158
SD00021207,SD00021207
SD00035548,SD00035548
SD00035549,SD00035549
SD00038639,SD00038639
SD00038632,SD00038632
SD00035550,SD00035550
SD00035551,SD00035551
SD00046786,SD00046786
SD00047139,SD00047139
SD00047132,SD00047132
SD00047125,SD00047125
SD00047130,SD00047130
SD00047131,SD00047131
SD00047142,SD00047142
SD00047133,SD00047133
SD00047140,SD00047140
SD00047135,SD00047135
SD00047137,SD00047137
SD00047128,SD00047128
SD00047141,SD00047141
SD00047134,SD00047134
SD00047143,SD00047143
SD00047127,SD00047127
SD00047136,SD00047136
SD00047138,SD00047138
SD00047126,SD00047126
SD00047129,SD00047129
SD00045662,SD00045662
SD00046814,SD00046814
SD00046822,SD00046822
SD00046818,SD00046818
SD00046827,SD00046827
SD00046820,SD00046820
SD00047144,SD00047144
SD00046702,SD00046702
SD00046821,SD00046821
SD00049584,SD00049584
SD00049585,SD00049585
SD00049586,SD00049586
SD00049587,SD00049587
SD00049588,SD00049588
SD00049819,SD00049819
SD00053598,SD00053598
SD00054059,SD00054059
SD00054287,SD00054287
SD00054295,SD00054295
SD00054559,SD00054559
SD00054562,SD00054562
SD00054558,SD00054558
SD00054560,SD00054560
SD00054561,SD00054561
SD00055616,SD00055616
SD00055645,SD00055645
SD00055820,SD00055820
SD00055717,SD00055717
SD00056169,SD00056169
SD00052640,SD00052640
Pr55435,SP000053232
Pr55438,SP000053235
Pr52030,SP000049987
Pr54083,SP000051958
Pr51870,SP000049854
Pr42609,SP000041698
Pr12770,SP000023701
Pr43096,SP000042157
Pr53823,SP000051708
SD00056959,SD00056959
SD00056960,SD00056960
SD00056962,SD00056962
SD00056963,SD00056963
SD00056956,SD00056956
SD00056958,SD00056958
SD00056961,SD00056961
SD00056965,SD00056965
SD00056957,SD00056957
SD00056964,SD00056964
SD00055478,SD00055478
SD00055482,SD00055482
SD00055489,SD00055489
SD00055490,SD00055490
SD00055470,SD00055470
SD00055468,SD00055468
SD00055475,SD00055475
SD00055471,SD00055471
SD00055476,SD00055476
SD00055469,SD00055469
SD00055474,SD00055474
SD00055493,SD00055493
SD00055479,SD00055479
SD00055481,SD00055481
SD00055497,SD00055497
SD00055492,SD00055492
SD00055496,SD00055496
SD00055484,SD00055484
SD00055485,SD00055485
SD00055472,SD00055472
SD00055473,SD00055473
SD00055477,SD00055477
SD00055495,SD00055495
SD00055486,SD00055486
SD00055488,SD00055488
SD00006766,SD00006766
SD00006767,SD00006767
SD00006768,SD00006768
SD00006769,SD00006769
SD00006770,SD00006770
SD00006771,SD00006771
SD00008418,SD00008418
SD00008420,SD00008420
SD00008422,SD00008422
SD00008424,SD00008424
SD00008428,SD00008428
,ТР-00003148
,ТР-00010187
,ТР-00022847
Pr49490,SP000047689
rs4u413,00000017226
rs4u1160,ТР-00006599
rs4u2054,00000020215
rs4u2185,00000019496
rs4u2186,00000019497
rs4u2294,00000019495
rs4u2295,00000019494
rs4u2296,00000019493
rs4u2297,00000019492
rs4u2869,ТР-00000128
rs4u2870,ТР-00000127
rs4u2873,ТР-00000121
rs4u3292,00000018170
rs4u3704,ТР-00003124
rs4u3722,ТР-00003162
rs4u3764,ТР-00003132
rs4u3841,ТР-00003293
rs4u3890,ТР-00003169
rs4u3916,ТР-00003148
rs4u3931,ТР-00003255
rs4u3947,ТР-00003101
rs4u4018,ТР-00003306
rs4u4038,ТР-00003031
rs4u4055,ТР-00003253
rs4u4097,ТР-00002989
rs4u4109,ТР-00002969
rs4u4126,ТР-00003003
rs4u4822,00000016528
rs4u4844,00000016507
rs4u5013,00000016602
rs4u5023,00000016612
rs4u5272,ТР-00001153
rs4u5275,ТР-00001157
rs4u5707,ТР-00001578
rs4u5765,ТР-00001548
rs4u5775,ТР-00001538
rs4u6638,00000022065
rs4u6923,00000023425
rs4u6955,00000023457
rs4u6974,ТР-00005235
rs4u6990,ТР-00005251
rs4u6997,00000023481
rs4u7992,ТР-00003337
rs4u8973,00000016667
rs4u8999,00000016961
rs4u9197,00000018993
rs4u10417,00000018227
rs4u16093,00000018725
rs4u16892,00000017298
rs4u16949,00000018997
rs4u16984,00000018987
rs4u17907,ТР-00007261
rs4u18707,00000018917
rs4u18719,00000018259
rs4u18735,00000016849
rs4u18737,00000016941
rs4u19517,00000016656
rs4u19765,ТР-00004723
rs4u20724,ТР-00009221
rs4u21116,ТР-00009613
rs4u21118,ТР-00009615
rs4u21178,ТР-00009675
rs4u21257,ТР-00009754
rs4u21258,ТР-00009755
rs4u21259,ТР-00009756
rs4u21275,ТР-00009772
rs4u21276,ТР-00009773
rs4u21278,ТР-00009775
rs4u21281,ТР-00009778
rs4u21293,ТР-00009790
rs4u21530,ТР-00010027
rs4u21532,ТР-00010029
rs4u21533,ТР-00010030
rs4u21534,ТР-00010031
rs4u21538,ТР-00010035
rs4u21542,ТР-00010039
rs4u21548,ТР-00010045
rs4u21549,ТР-00010046
rs4u21550,ТР-00010047
rs4u21551,ТР-00010048
rs4u21569,ТР-00010066
rs4u21570,ТР-00010067
rs4u21571,ТР-00010068
rs4u21573,ТР-00010070
rs4u21575,ТР-00010072
rs4u21576,ТР-00010073
rs4u21577,ТР-00010074
rs4u21601,ТР-00010098
rs4u21602,ТР-00010099
rs4u21603,ТР-00010100
rs4u21605,ТР-00010102
rs4u21615,ТР-00010112
rs4u21621,ТР-00010118
rs4u21622,ТР-00010119
rs4u21624,ТР-00010121
rs4u21625,ТР-00010122
rs4u21628,ТР-00010125
rs4u21631,ТР-00010128
rs4u21632,ТР-00010129
rs4u21634,ТР-00010131
rs4u21635,ТР-00010132
rs4u21637,ТР-00010134
rs4u21638,ТР-00010135
rs4u21639,ТР-00010136
rs4u21640,ТР-00010137
rs4u21641,ТР-00010138
rs4u21643,ТР-00010140
rs4u21644,ТР-00010141
rs4u21645,ТР-00010142
rs4u21647,ТР-00010144
rs4u21648,ТР-00010145
rs4u21649,ТР-00010146
rs4u21651,ТР-00010148
rs4u21652,ТР-00010149
rs4u21653,ТР-00010150
rs4u21656,ТР-00010153
rs4u21657,ТР-00010154
rs4u21658,ТР-00010155
rs4u21660,ТР-00010157
rs4u21664,ТР-00010161
rs4u21671,ТР-00010168
rs4u21676,ТР-00010173
rs4u21681,ТР-00010178
rs4u21682,ТР-00010179
rs4u21683,ТР-00010180
rs4u21690,ТР-00010187
rs4u21697,ТР-00010194
rs4u21707,ТР-00010204
rs4u21708,ТР-00010205
rs4u21710,ТР-00010207
rs4u21718,ТР-00010215
rs4u21719,ТР-00010216
rs4u21720,ТР-00010217
rs4u21721,ТР-00010218
rs4u21722,ТР-00010219
rs4u21728,ТР-00010225
rs4u21729,ТР-00010226
rs4u21733,ТР-00010230
rs4u21769,ТР-00010266
rs4u32008,ТР-00020686
rs4u32009,ТР-00020687
rs4u32011,ТР-00020689
rs4u32012,ТР-00020690
rs4u33520,ТР-00022446
rs4u33522,ТР-00022448
rs4u33523,ТР-00022449
rs4u33524,ТР-00022450
rs4u33525,ТР-00022451
rs4u33526,ТР-00022452
rs4u33530,ТР-00022456
rs4u33532,ТР-00022458
rs4u33533,ТР-00022459
rs4u33534,ТР-00022460
rs4u33535,ТР-00022461
rs4u33536,ТР-00022462
rs4u33537,ТР-00022463
rs4u33539,ТР-00022465
rs4u33540,ТР-00022466
rs4u33541,ТР-00022467
rs4u33542,ТР-00022468
rs4u33543,ТР-00022469
rs4u33544,ТР-00022470
rs4u33821,ТР-00022505
rs4u33855,ТР-00022539
rs4u33856,ТР-00022540
rs4u33860,ТР-00022544
rs4u33861,ТР-00022545
rs4u33862,ТР-00022546
rs4u33863,ТР-00022547
rs4u33864,ТР-00022548
rs4u33865,ТР-00022549
rs4u33866,ТР-00022550
rs4u33867,ТР-00022551
rs4u33868,ТР-00022552
rs4u33870,ТР-00022554
rs4u33872,ТР-00022556
rs4u33873,ТР-00022557
rs4u33874,ТР-00022558
rs4u33875,ТР-00022559
rs4u33877,ТР-00022561
rs4u33878,ТР-00022562
rs4u33879,ТР-00022563
rs4u33880,ТР-00022564
rs4u33881,ТР-00022565
rs4u33883,ТР-00022567
rs4u33884,ТР-00022568
rs4u33885,ТР-00022569
rs4u33886,ТР-00022570
rs4u33887,ТР-00022571
rs4u33893,ТР-00022577
rs4u33894,ТР-00022578
rs4u33895,ТР-00022579
rs4u33896,ТР-00022580
rs4u33897,ТР-00022581
rs4u33898,ТР-00022582
rs4u33899,ТР-00022583
rs4u33900,ТР-00022584
rs4u33903,ТР-00022587
rs4u33905,ТР-00022589
rs4u33906,ТР-00022590
rs4u33907,ТР-00022591
rs4u33908,ТР-00022592
rs4u33909,ТР-00022593
rs4u33910,ТР-00022594
rs4u33912,ТР-00022596
rs4u33913,ТР-00022597
rs4u33915,ТР-00022599
rs4u33917,ТР-00022601
rs4u33923,ТР-00022607
rs4u33924,ТР-00022608
rs4u33925,ТР-00022609
rs4u33927,ТР-00022611
rs4u33929,ТР-00022613
rs4u33932,ТР-00022616
rs4u33933,ТР-00022617
rs4u33935,ТР-00022619
rs4u33937,ТР-00022621
rs4u33938,ТР-00022622
rs4u33939,ТР-00022623
rs4u33941,ТР-00022625
rs4u33942,ТР-00022626
rs4u33943,ТР-00022627
rs4u33944,ТР-00022628
rs4u33945,ТР-00022629
rs4u33946,ТР-00022630
rs4u33947,ТР-00022631
rs4u33948,ТР-00022632
rs4u33949,ТР-00022633
rs4u33958,ТР-00022642
rs4u33959,ТР-00022643
rs4u33960,ТР-00022644
rs4u33961,ТР-00022645
rs4u33964,ТР-00022648
rs4u33965,ТР-00022649
rs4u33966,ТР-00022650
rs4u33967,ТР-00022651
rs4u33968,ТР-00022652
rs4u33969,ТР-00022653
rs4u33970,ТР-00022654
rs4u33971,ТР-00022655
rs4u33972,ТР-00022656
rs4u33973,ТР-00022657
rs4u33974,ТР-00022658
rs4u33976,ТР-00022660
rs4u33978,ТР-00022662
rs4u33979,ТР-00022663
rs4u33980,ТР-00022664
rs4u33981,ТР-00022665
rs4u33982,ТР-00022666
rs4u33985,ТР-00022669
rs4u33987,ТР-00022671
rs4u33988,ТР-00022672
rs4u33990,ТР-00022674
rs4u33991,ТР-00022675
rs4u33993,ТР-00022677
rs4u33995,ТР-00022679
rs4u33996,ТР-00022680
rs4u34006,ТР-00022690
rs4u34008,ТР-00022692
rs4u34009,ТР-00022693
rs4u34010,ТР-00022694
rs4u34011,ТР-00022695
rs4u34012,ТР-00022696
rs4u34013,ТР-00022697
rs4u34014,ТР-00022698
rs4u34015,ТР-00022699
rs4u34016,ТР-00022700
rs4u34017,ТР-00022701
rs4u34018,ТР-00022702
rs4u34019,ТР-00022703
rs4u34020,ТР-00022704
rs4u34021,ТР-00022705
rs4u34022,ТР-00022706
rs4u34023,ТР-00022707
rs4u34024,ТР-00022708
rs4u34025,ТР-00022709
rs4u34027,ТР-00022711
rs4u34028,ТР-00022712
rs4u34030,ТР-00022714
rs4u34031,ТР-00022715
rs4u34032,ТР-00022716
rs4u34033,ТР-00022717
rs4u34034,ТР-00022718
rs4u34035,ТР-00022719
rs4u34036,ТР-00022720
rs4u34038,ТР-00022722
rs4u34039,ТР-00022723
rs4u34041,ТР-00022725
rs4u34042,ТР-00022726
rs4u34043,ТР-00022727
rs4u34044,ТР-00022728
rs4u34045,ТР-00022729
rs4u34046,ТР-00022730
rs4u34047,ТР-00022731
rs4u34048,ТР-00022732
rs4u34049,ТР-00022733
rs4u34051,ТР-00022735
rs4u34053,ТР-00022737
rs4u34054,ТР-00022738
rs4u34055,ТР-00022739
rs4u34056,ТР-00022740
rs4u34057,ТР-00022741
rs4u34058,ТР-00022742
rs4u34059,ТР-00022743
rs4u34061,ТР-00022745
rs4u34062,ТР-00022746
rs4u34063,ТР-00022747
rs4u34064,ТР-00022748
rs4u34065,ТР-00022749
rs4u34066,ТР-00022750
rs4u34068,ТР-00022752
rs4u34069,ТР-00022753
rs4u34070,ТР-00022754
rs4u34071,ТР-00022755
rs4u34072,ТР-00022756
rs4u34074,ТР-00022758
rs4u34076,ТР-00022760
rs4u34086,ТР-00022770
rs4u34093,ТР-00022777
rs4u34094,ТР-00022778
rs4u34095,ТР-00022779
rs4u34096,ТР-00022780
rs4u34097,ТР-00022781
rs4u34101,ТР-00022785
rs4u34103,ТР-00022787
rs4u34104,ТР-00022788
rs4u34113,ТР-00022797
rs4u34117,ТР-00022801
rs4u34118,ТР-00022802
rs4u34120,ТР-00022804
rs4u34121,ТР-00022805
rs4u34122,ТР-00022806
rs4u34123,ТР-00022807
rs4u34124,ТР-00022808
rs4u34125,ТР-00022809
rs4u34126,ТР-00022810
rs4u34127,ТР-00022811
rs4u34130,ТР-00022814
rs4u34131,ТР-00022815
rs4u34132,ТР-00022816
rs4u34133,ТР-00022817
rs4u34134,ТР-00022818
rs4u34135,ТР-00022819
rs4u34136,ТР-00022820
rs4u34137,ТР-00022821
rs4u34138,ТР-00022822
rs4u34139,ТР-00022823
rs4u34140,ТР-00022824
rs4u34141,ТР-00022825
rs4u34142,ТР-00022826
rs4u34143,ТР-00022827
rs4u34144,ТР-00022828
rs4u34150,ТР-00022834
rs4u34151,ТР-00022835
rs4u34153,ТР-00022837
rs4u34154,ТР-00022838
rs4u34156,ТР-00022840
rs4u34157,ТР-00022841
rs4u34158,ТР-00022842
rs4u34159,ТР-00022843
rs4u34163,ТР-00022847
rs4u34164,ТР-00022848
rs4u34165,ТР-00022849
rs4u34166,ТР-00022850
rs4u34167,ТР-00022851
rs4u34168,ТР-00022852
rs4u34172,ТР-00022856
rs4u34173,ТР-00022857
rs4u34174,ТР-00022858
rs4u34175,ТР-00022859
rs4u34186,ТР-00022870
rs4u34194,ТР-00022878
rs4u34199,ТР-00022883
rs4u34200,ТР-00022884
rs4u34204,ТР-00022888
rs4u34207,ТР-00022891
rs4u34208,ТР-00022892
rs4u34209,ТР-00022893
rs4u34210,ТР-00022894
rs4u34211,ТР-00022895
rs4u34212,ТР-00022896
rs4u34217,ТР-00022901
rs4u34218,ТР-00022902
rs4u34219,ТР-00022903
rs4u34232,ТР-00022916
rs4u34233,ТР-00022917
rs4u34234,ТР-00022918
rs4u34235,ТР-00022919
rs4u34236,ТР-00022920
rs4u34237,ТР-00022921
rs4u34239,ТР-00022923
rs4u34240,ТР-00022924
rs4u34242,ТР-00022926
rs4u34245,ТР-00022929
rs4u34246,ТР-00022930
rs4u34247,ТР-00022931
rs4u34248,ТР-00022932
rs4u34250,ТР-00022934
rs4u34251,ТР-00022935
rs4u34252,ТР-00022936
rs4u34255,ТР-00022939
rs4u34273,ТР-00022957
rs4u34274,ТР-00022958
rs4u34275,ТР-00022959
rs4u34276,ТР-00022960
rs4u34277,ТР-00022961
rs4u34278,ТР-00022962
rs4u34279,ТР-00022963
rs4u37087,ТР-00022620
rs4u37205,ТР-00025990
rs4u37206,ТР-00025991
rs4u37799,ТР-00026891
rs4u37801,ТР-00026893
rs4u37802,ТР-00026894
rs4u37804,ТР-00026896
rs4u37805,ТР-00026897
rs4u37806,ТР-00026898
rs4u37807,ТР-00026899
rs4u38350,ТР-00027421
rs4u38351,ТР-00027422
rs4u38430,ТР-00027499
rs4u38431,ТР-00027500
rs4u38578,ТР-00027648
rs4u38580,ТР-00027650
rs4u38581,ТР-00027651
rs4u38582,ТР-00027652
rs4u38583,ТР-00027653
rs4u38584,ТР-00027654
rs4u38585,ТР-00027655
rs4u38586,ТР-00027656
rs4u38587,ТР-00027657
rs4u38588,ТР-00027658
rs4u38589,ТР-00027659
rs4u38590,ТР-00027660
rs4u38591,ТР-00027661
rs4u38592,ТР-00027662
rs4u38593,ТР-00027663
rs4u38595,ТР-00027665
rs4u38743,ТР-00027813
rs4u39002,ТР-00028039
rs4u21738,ТР-00010235
rs4u21740,ТР-00010237
rs4u21741,ТР-00010238
rs4u21752,ТР-00010249
rs4u21753,ТР-00010250
rs4u21759,ТР-00010256
rs4u21760,ТР-00010257
rs4u21761,ТР-00010258
rs4u33521,ТР-00022447
rs4u33527,ТР-00022453
rs4u39070,ТР-00028108
rs4u39071,ТР-00028109
rs4u38185,ТР-00027261
rs4u32010,ТР-00020688
rs4u37382,ТР-00026156
rs4u39034,ТР-00028073
rs4u39035,ТР-00028074
rs4u39036,ТР-00028075
rs4u39067,ТР-00028105
rs4u39068,ТР-00028106
rs4u39069,ТР-00028107
Pr47045,SP000045344
Pr53965,SP000051849
Pr51275,SP000049271
Pr51337,SP000049334
Pr51405,SP000049402
Pr51413,SP000049410
rs4u37797,ТР-00026889
rs4u11433,ТР-00000929
Pr18252,SP000035268
Pr38462,SP000037810
Pr42213,SP000041326
Pr44555,SP000043029
Pr49003,SP000047193
SD00022190,SD00022190
SD00022191,SD00022191
SD00022192,SD00022192
SD00022193,SD00022193
SD00022324,SD00022324
SD00020680,SD00020680
SD00020681,SD00020681
SD00020684,SD00020684
SD00028163,SD00028163
SD00031040,SD00031040
SD00025416,SD00025416
SD00028623,SD00028623
SD00034101,SD00034101
SD00035537,SD00035537
SD00036745,SD00036745
SD00036746,SD00036746
SD00036747,SD00036747
SD00043146,SD00043146
SD00044719,SD00044719
SD00044720,SD00044720
SD00044721,SD00044721
SD00044722,SD00044722
SD00047692,SD00047692
SD00047693,SD00047693
SD00047694,SD00047694
SD00047695,SD00047695
SD00045665,SD00045665
SD00045663,SD00045663
SD00048839,SD00048839
SD00048840,SD00048840
SD00049153,SD00049153
SD00049323,SD00049323
SD00049324,SD00049324
SD00049325,SD00049325
SD00049326,SD00049326
SD00049328,SD00049328
SD00049329,SD00049329
SD00049330,SD00049330
SD00047725,SD00047725
SD00047728,SD00047728
SD00047729,SD00047729
SD00047730,SD00047730
SD00031483,SD00031483
SD00031484,SD00031484
SD00031486,SD00031486
SD00031487,SD00031487
SD00031488,SD00031488
SD00031489,SD00031489
SD00031490,SD00031490
SD00031491,SD00031491
SD00031492,SD00031492
SD00031493,SD00031493
SD00031494,SD00031494
SD00031498,SD00031498
SD00031499,SD00031499
SD00031502,SD00031502
SD00031503,SD00031503
SD00031504,SD00031504
SD00031505,SD00031505
SD00031506,SD00031506
SD00031508,SD00031508
SD00031510,SD00031510
SD00031514,SD00031514
SD00031515,SD00031515
SD00031517,SD00031517
SD00031521,SD00031521
SD00031523,SD00031523
SD00031525,SD00031525
SD00031526,SD00031526
SD00031528,SD00031528
SD00031529,SD00031529
SD00031532,SD00031532
SD00031533,SD00031533
SD00031534,SD00031534
SD00032940,SD00032940
SD00032942,SD00032942
SD00035953,SD00035953
SD00035962,SD00035962
SD00035965,SD00035965
SD00035979,SD00035979
SD00035984,SD00035984
SD00036695,SD00036695
SD00036697,SD00036697
SD00036698,SD00036698
SD00038917,SD00038917
SD00038918,SD00038918
SD00038920,SD00038920
SD00038922,SD00038922
SD00038923,SD00038923
SD00038924,SD00038924
SD00038929,SD00038929
SD00038930,SD00038930
SD00038931,SD00038931
SD00038932,SD00038932
SD00038933,SD00038933
SD00038937,SD00038937
SD00042711,SD00042711
SD00042712,SD00042712
SD00042718,SD00042718
SD00042729,SD00042729
SD00044915,SD00044915
SD00032943,SD00032943
SD00049435,SD00049435
SD00049436,SD00049436
SD00049438,SD00049438
SD00049439,SD00049439
SD00049442,SD00049442
SD00049443,SD00049443
SD00049444,SD00049444
SD00049446,SD00049446
SD00049452,SD00049452
SD00049453,SD00049453
SD00049454,SD00049454
SD00049455,SD00049455
SD00039594,SD00039594
SD00039599,SD00039599
SD00039648,SD00039648
SD00043988,SD00043988
SD00049563,SD00049563
SD00049565,SD00049565
SD00049575,SD00049575
SD00049561,SD00049561
SD00049574,SD00049574
SD00049580,SD00049580
SD00049567,SD00049567
SD00049556,SD00049556
SD00049558,SD00049558
SD00049559,SD00049559
SD00049578,SD00049578
SD00049562,SD00049562
SD00049557,SD00049557
SD00049573,SD00049573
SD00049555,SD00049555
SD00049569,SD00049569
SD00049570,SD00049570
SD00049579,SD00049579
SD00049560,SD00049560
SD00049571,SD00049571
SD00049577,SD00049577
SD00049566,SD00049566
SD00049620,SD00049620
SD00049568,SD00049568
SD00049572,SD00049572
SD00049564,SD00049564
SD00049576,SD00049576
SD00031535,SD00031535
SD00031518,SD00031518
SD00043939,SD00043939
SD00042731,SD00042731
SD00038950,SD00038950
SD00043936,SD00043936
SD00038928,SD00038928
SD00044918,SD00044918
SD00031509,SD00031509
SD00043935,SD00043935
SD00043945,SD00043945
SD00043937,SD00043937
SD00043914,SD00043914
SD00043901,SD00043901
SD00043948,SD00043948
SD00043942,SD00043942
SD00043952,SD00043952
SD00043910,SD00043910
SD00043898,SD00043898
SD00043934,SD00043934
SD00044914,SD00044914
SD00044922,SD00044922
SD00035972,SD00035972
SD00041094,SD00041094
SD00043943,SD00043943
SD00044917,SD00044917
SD00042732,SD00042732
SD00043895,SD00043895
SD00050443,SD00050443
SD00050444,SD00050444
SD00050445,SD00050445
SD00051302,SD00051302
SD00050651,SD00050651
SD00050652,SD00050652
SD00050654,SD00050654
SD00053270,SD00053270
SD00053272,SD00053272
SD00053273,SD00053273
SD00053274,SD00053274
SD00053277,SD00053277
SD00053278,SD00053278
SD00053279,SD00053279
SD00053280,SD00053280
SD00053281,SD00053281
SD00053332,SD00053332
SD00053333,SD00053333
SD00054010,SD00054010
SD00054020,SD00054020
SD00054021,SD00054021
SD00051969,SD00051969
SD00051977,SD00051977
SD00051957,SD00051957
SD00051973,SD00051973
SD00050650,SD00050650
SD00051975,SD00051975
SD00053848,SD00053848
SD00050649,SD00050649
SD00051978,SD00051978
SD00051987,SD00051987
SD00051964,SD00051964
SD00051984,SD00051984
SD00051988,SD00051988
SD00050788,SD00050788
SD00054047,SD00054047
SD00053849,SD00053849
SD00053850,SD00053850
SD00053586,SD00053586
SD00054044,SD00054044
SD00054425,SD00054425
SD00054423,SD00054423
SD00054426,SD00054426
SD00054428,SD00054428
SD00054420,SD00054420
SD00054422,SD00054422
SD00054429,SD00054429
SD00054421,SD00054421
SD00054432,SD00054432
SD00054427,SD00054427
SD00054430,SD00054430
SD00054424,SD00054424
SD00054431,SD00054431
SD00056016,SD00056016
SD00056011,SD00056011
SD00056012,SD00056012
SD00056010,SD00056010
SD00056013,SD00056013
SD00056014,SD00056014
SD00056015,SD00056015
rs4u6797,ТР-00008162
rs4u8988,00000016925
rs4u9677,00000015979
rs4u34037,ТР-00022721
rs4u39089,ТР-00028045
SD00021924,SD00021924
SD00022001,SD00022001
SD00022312,SD00022312
SD00023705,SD00023705
SD00024215,SD00024215
SD00003458,SD00003458
SD00003459,SD00003459
SD00003460,SD00003460
SD00003461,SD00003461
SD00003462,SD00003462
SD00003463,SD00003463
SD00005048,SD00005048
SD00005049,SD00005049
SD00005050,SD00005050
SD00008034,SD00008034
SD00008824,SD00008824
SD00020798,SD00020798
SD00020799,SD00020799
SD00020800,SD00020800
SD00035629,SD00035629
SD00004107,SD00004107
SD00004112,SD00004112
SD00004118,SD00004118
SD00004120,SD00004120
SD00004128,SD00004128
SD00004300,SD00004300
SD00004303,SD00004303
SD00004304,SD00004304
SD00004365,SD00004365
SD00005376,SD00005376
SD00005377,SD00005377
SD00005425,SD00005425
SD00007422,SD00007422
SD00007423,SD00007423
SD00007424,SD00007424
SD00007428,SD00007428
SD00007431,SD00007431
SD00007439,SD00007439
SD00007441,SD00007441
SD00007443,SD00007443
SD00007445,SD00007445
SD00007451,SD00007451
SD00007455,SD00007455
SD00007456,SD00007456
SD00020237,SD00020237
SD00020438,SD00020438
SD00030404,SD00030404
SD00038934,SD00038934
SD00038935,SD00038935
SD00003990,SD00003990
SD00004238,SD00004238
SD00004360,SD00004360
SD00004940,SD00004940
SD00004941,SD00004941
SD00006498,SD00006498
SD00007312,SD00007312
SD00007470,SD00007470
SD00008106,SD00008106
SD00011204,SD00011204
SD00011210,SD00011210
SD00011211,SD00011211
SD00011212,SD00011212
SD00004231,SD00004231
SD00004232,SD00004232
SD00004233,SD00004233
SD00004234,SD00004234
SD00004235,SD00004235
SD00004236,SD00004236
SD00004237,SD00004237
SD00004263,SD00004263
SD00004267,SD00004267
SD00004268,SD00004268
SD00004270,SD00004270
SD00004275,SD00004275
SD00004357,SD00004357
SD00004359,SD00004359
SD00004361,SD00004361
SD00005380,SD00005380
SD00006071,SD00006071
SD00006853,SD00006853
SD00007041,SD00007041
SD00007298,SD00007298
SD00007299,SD00007299
SD00008547,SD00008547
SD00008800,SD00008800
SD00008825,SD00008825
SD00009772,SD00009772
SD00010192,SD00010192
SD00010249,SD00010249
SD00011203,SD00011203
SD00011205,SD00011205
SD00020170,SD00020170
SD00020172,SD00020172
SD00020173,SD00020173
SD00020174,SD00020174
SD00020175,SD00020175
SD00020176,SD00020176
SD00020178,SD00020178
SD00020179,SD00020179
SD00020180,SD00020180
SD00020181,SD00020181
SD00020182,SD00020182
SD00020184,SD00020184
SD00020185,SD00020185
SD00020186,SD00020186
SD00020187,SD00020187
SD00020188,SD00020188
SD00020189,SD00020189
SD00020191,SD00020191
SD00020192,SD00020192
SD00020194,SD00020194
SD00020198,SD00020198
SD00020199,SD00020199
SD00020200,SD00020200
SD00020203,SD00020203
SD00020205,SD00020205
SD00020208,SD00020208
SD00020209,SD00020209
SD00020210,SD00020210
SD00020211,SD00020211
SD00020213,SD00020213
SD00020214,SD00020214
SD00020218,SD00020218
SD00020219,SD00020219
SD00020229,SD00020229
SD00020230,SD00020230
SD00020231,SD00020231
SD00020232,SD00020232
SD00020233,SD00020233
SD00020234,SD00020234
SD00020236,SD00020236
SD00021914,SD00021914
SD00021915,SD00021915
SD00021916,SD00021916
SD00021917,SD00021917
SD00021918,SD00021918
SD00021919,SD00021919
SD00021920,SD00021920
SD00022315,SD00022315
SD00022316,SD00022316
SD00022317,SD00022317
SD00022742,SD00022742
SD00023768,SD00023768
SD00023769,SD00023769
SD00025107,SD00025107
SD00025578,SD00025578
SD00025579,SD00025579
SD00025580,SD00025580
SD00027796,SD00027796
SD00031413,SD00031413
SD00032937,SD00032937
SD00032938,SD00032938
SD00032939,SD00032939
SD00035262,SD00035262
SD00037258,SD00037258
SD00037915,SD00037915
SD00037916,SD00037916
SD00037917,SD00037917
SD00037918,SD00037918
SD00037919,SD00037919
SD00037927,SD00037927
SD00037929,SD00037929
SD00037935,SD00037935
SD00039595,SD00039595
SD00043989,SD00043989
SD00043991,SD00043991
SD00043992,SD00043992
SD00043993,SD00043993
SD00044004,SD00044004
SD00044005,SD00044005
SD00044258,SD00044258
SD00044259,SD00044259
SD00044260,SD00044260
SD00044261,SD00044261
SD00044262,SD00044262
SD00044263,SD00044263
SD00020884,SD00020884
SD00020885,SD00020885
SD00020886,SD00020886
SD00020887,SD00020887
SD00020890,SD00020890
SD00020893,SD00020893
SD00020894,SD00020894
SD00050493,SD00050493
SD00050492,SD00050492
SD00044007,SD00044007
SD00044006,SD00044006
SD00050919,SD00050919
SD00050934,SD00050934
SD00050959,SD00050959
SD00050929,SD00050929
SD00050906,SD00050906
SD00050951,SD00050951
SD00050927,SD00050927
SD00050925,SD00050925
SD00050921,SD00050921
SD00050947,SD00050947
SD00050926,SD00050926
SD00050931,SD00050931
SD00050920,SD00050920
SD00050933,SD00050933
SD00050911,SD00050911
SD00050907,SD00050907
SD00050953,SD00050953
SD00050914,SD00050914
SD00050949,SD00050949
SD00050939,SD00050939
SD00050909,SD00050909
SD00050936,SD00050936
SD00050942,SD00050942
SD00050924,SD00050924
SD00050941,SD00050941
SD00050922,SD00050922
SD00050910,SD00050910
SD00050917,SD00050917
SD00050940,SD00050940
SD00050915,SD00050915
SD00050913,SD00050913
SD00050928,SD00050928
SD00050923,SD00050923
SD00050935,SD00050935
SD00050950,SD00050950
SD00050905,SD00050905
SD00050938,SD00050938
SD00050932,SD00050932
SD00050956,SD00050956
SD00050948,SD00050948
SD00050912,SD00050912
SD00051305,SD00051305
SD00051306,SD00051306
SD00051448,SD00051448
SD00051491,SD00051491
SD00051492,SD00051492
SD00050943,SD00050943
SD00050930,SD00050930
SD00050916,SD00050916
SD00050918,SD00050918
SD00050937,SD00050937
SD00052381,SD00052381
SD00053346,SD00053346
SD00053592,SD00053592
SD00050952,SD00050952
SD00050946,SD00050946
SD00050908,SD00050908
SD00052207,SD00052207
SD00050945,SD00050945
SD00052461,SD00052461
SD00050955,SD00050955
SD00053690,SD00053690
SD00053693,SD00053693
SD00053689,SD00053689
SD00052206,SD00052206
SD00051954,SD00051954
SD00052460,SD00052460
SD00051951,SD00051951
SD00052471,SD00052471
SD00052464,SD00052464
SD00053691,SD00053691
SD00053694,SD00053694
SD00051953,SD00051953
SD00052462,SD00052462
SD00052463,SD00052463
SD00052470,SD00052470
SD00052210,SD00052210
SD00053695,SD00053695
SD00051952,SD00051952
SD00052467,SD00052467
SD00053692,SD00053692
SD00054367,SD00054367
SD00054368,SD00054368
SD00054173,SD00054173
SD00054735,SD00054735
SD00053195,SD00053195
SD00055269,SD00055269
SD00055268,SD00055268
rs4u37798,ТР-00026890
rs4u37803,ТР-00026895
SD00007425,SD00007425
SD00054017,SD00054017
SD00054018,SD00054018
SD00050509,SD00050509
SD00050508,SD00050508
SD00051432,SD00051432
SD00055954,SD00055954
SD00055955,SD00055955
SD00055580,SD00055580
SD00055563,SD00055563
SD00055564,SD00055564
SD00055569,SD00055569
SD00055565,SD00055565
SD00055581,SD00055581
SD00055561,SD00055561
SD00055562,SD00055562
SD00055582,SD00055582
SD00055579,SD00055579
SD00055412,SD00055412
SD00055410,SD00055410
SD00055416,SD00055416
SD00055417,SD00055417
SD00055415,SD00055415
SD00055418,SD00055418
SD00055402,SD00055402
SD00055400,SD00055400
SD00055401,SD00055401
SD00055411,SD00055411
SD00055409,SD00055409
Pr55607,SP000053397
Pr51303,SP000049299
SD00055124,SD00055124
SD00055126,SD00055126
SD00055121,SD00055121
SD00055120,SD00055120
SD00055119,SD00055119
SD00055122,SD00055122
SD00055125,SD00055125
SD00055123,SD00055123
SD00055905,SD00055905
SD00055909,SD00055909
SD00055915,SD00055915
SD00055910,SD00055910
SD00055950,SD00055950
SD00055907,SD00055907
SD00055914,SD00055914
SD00055904,SD00055904
SD00055906,SD00055906
SD00055908,SD00055908
SD00055911,SD00055911
SD00055912,SD00055912
SD00055913,SD00055913
SD00055948,SD00055948
SD00055949,SD00055949
SD00055568,SD00055568
SD00049440,SD00049440
SD00049445,SD00049445
SD00051968,SD00051968
SD00051963,SD00051963
SD00051982,SD00051982
SD00051972,SD00051972
SD00051970,SD00051970
SD00051974,SD00051974
SD00051965,SD00051965
SD00051962,SD00051962
SD00051958,SD00051958
SD00051960,SD00051960
SD00051983,SD00051983
SD00051991,SD00051991
SD00051971,SD00051971
SD00051986,SD00051986
SD00051961,SD00051961
SD00051993,SD00051993
SD00051990,SD00051990
SD00051979,SD00051979
SD00051967,SD00051967
SD00051966,SD00051966
SD00051976,SD00051976
SD00051981,SD00051981
SD00051959,SD00051959
SD00051992,SD00051992
Pr49984,SP000048003
SD00054031,SD00054031
SD00054032,SD00054032
SD00054035,SD00054035
SD00057080,SD00057080
SD00057082,SD00057082
SD00057083,SD00057083
SD00057081,SD00057081
SD00057079,SD00057079
SD00056896,SD00056896
SD00056901,SD00056901
SD00056897,SD00056897
SD00056898,SD00056898
SD00056906,SD00056906
SD00056908,SD00056908
SD00056910,SD00056910
SD00056900,SD00056900
SD00056909,SD00056909
SD00056902,SD00056902
SD00056899,SD00056899
SD00056907,SD00056907
SD00056911,SD00056911
SD00056903,SD00056903
SD00056905,SD00056905
SD00056904,SD00056904
rs4u38653,ТР-00027723
rs4u38654,ТР-00027724
rs4u38655,ТР-00027725
rs4u38656,ТР-00027726
rs4u38657,ТР-00027727
rs4u38658,ТР-00027728
rs4u38659,ТР-00027729
rs4u38660,ТР-00027730
rs4u38661,ТР-00027731
rs4u38662,ТР-00027732
rs4u38663,ТР-00027733
rs4u38664,ТР-00027734
rs4u38970,ТР-00028027
SD00054011,SD00054011
SD00054012,SD00054012
SD00054015,SD00054015
SD00054016,SD00054016
SD00054030,SD00054030
SD00055798,SD00055798
SD00055698,SD00055698
SD00055699,SD00055699
SD00055378,SD00055378
rs4u33904,ТР-00022588
Pr55483,SP000053280
Pr48922,SP000047112
rs4u33848,ТР-00022532
rs4u34155,ТР-00022839
SD00006568,SD00006568
Pr55608,SP000053398
Pr13240,SP000026695
Pr47027,SP000045326
Pr51276,SP000049272
Pr51292,SP000049288
Pr51300,SP000049296
Pr51304,SP000049300
Pr51333,SP000049329
Pr51408,SP000049405
Pr51410,SP000049407
Pr51424,SP000049421
Pr51428,SP000049425
19616,000019616
rs4u34050,ТР-00022734
rs4u38842,ТР-00027914
SD00053758,SD00053758
SD00050883,SD00050883
SD00056637,SD00056637
SD00056641,SD00056641
SD00056633,SD00056633
SD00056638,SD00056638
SD00056672,SD00056672
SD00056681,SD00056681
SD00056644,SD00056644
SD00056647,SD00056647
SD00056694,SD00056694
SD00056693,SD00056693
SD00056692,SD00056692
SD00056695,SD00056695
SD00056704,SD00056704
SD00056639,SD00056639
SD00056645,SD00056645
SD00056648,SD00056648
SD00056678,SD00056678
SD00056688,SD00056688
SD00056689,SD00056689
SD00056691,SD00056691
SD00056705,SD00056705
SD00056640,SD00056640
SD00056646,SD00056646
SD00056652,SD00056652
SD00056680,SD00056680
SD00056685,SD00056685
SD00056634,SD00056634
SD00056642,SD00056642
SD00056643,SD00056643
SD00056653,SD00056653
SD00056679,SD00056679
SD00056690,SD00056690
SD00056635,SD00056635
SD00056667,SD00056667
SD00056671,SD00056671
SD00056682,SD00056682
SD00056687,SD00056687
SD00056706,SD00056706
SD00056636,SD00056636
SD00056650,SD00056650
SD00056668,SD00056668
rs4u38665,ТР-00027739
rs4u38666,ТР-00027738
rs4u38667,ТР-00027737
rs4u38668,ТР-00027736
rs4u38669,ТР-00027735
rs4u38671,ТР-00027741
Pr51261,SP000049256
Pr51339,SP000049336
Pr51415,SP000049412
SD00051328,SD00051328
SD00053217,SD00053217
SD00053218,SD00053218
rs4u6972,ТР-00005233
Pr47779,SP000046029
Pr47754,SP000046004
Pr54064,SP000051939
Pr55126,SP000052961
Pr55132,SP000052967
Pr55133,SP000052968
Pr55134,SP000052969
Pr55107,SP000052942
Pr55127,SP000052962
Pr55135,SP000052970
Pr55112,SP000052947
Pr55113,SP000052948
Pr55115,SP000052950
Pr55087,SP000052922
Pr55088,SP000052923
Pr55090,SP000052925
Pr55096,SP000052931
Pr55098,SP000052933
Pr55138,SP000052973
Pr55140,SP000052975
Pr55145,SP000052980
Pr55093,SP000052928
Pr55094,SP000052929
Pr55100,SP000052935
Pr55101,SP000052936
Pr48830,SP000047020
SD00055549,SD00055549
SD00055420,SD00055420
SD00055454,SD00055454
SD00055423,SD00055423
SD00055456,SD00055456
SD00055519,SD00055519
SD00055425,SD00055425
SD00055546,SD00055546
SD00055651,SD00055651
SD00055636,SD00055636
SD00055634,SD00055634
SD00055653,SD00055653
rs4u39066,ТР-00028104
Pr55099,SP000052934
Pr55105,SP000052940
SD00023648,SD00023648
SD00037931,SD00037931
SD00057355,SD00057355
SD00057357,SD00057357
SD00057375,SD00057375
SD00057351,SD00057351
SD00057361,SD00057361
SD00057362,SD00057362
SD00057352,SD00057352
SD00057371,SD00057371
SD00057374,SD00057374
SD00057370,SD00057370
SD00057385,SD00057385
SD00057350,SD00057350
SD00057364,SD00057364
SD00057377,SD00057377
SD00057347,SD00057347
SD00057356,SD00057356
SD00057376,SD00057376
SD00057353,SD00057353
SD00057360,SD00057360
SD00057366,SD00057366
SD00057348,SD00057348
SD00057363,SD00057363
SD00057367,SD00057367
SD00057369,SD00057369
SD00057372,SD00057372
SD00057373,SD00057373
SD00057368,SD00057368
Pr55091,SP000052926
Pr55097,SP000052932
Pr55139,SP000052974
Pr55089,SP000052924
Pr55092,SP000052927
Pr55095,SP000052930
Pr55102,SP000052937
Pr55103,SP000052938
Pr55104,SP000052939
Pr55319,SP000053125
Pr55086,SP000052921
Pr55111,SP000052946
Pr55498,SP000053293
Pr55501,SP000053296
Pr55505,SP000053300
Pr55641,SP000053430
SD00051662,SD00051662
SD00055901,SD00055901
SD00055902,SD00055902
SD00055893,SD00055893
SD00055894,SD00055894
SD00055886,SD00055886
SD00055892,SD00055892
SD00055899,SD00055899
SD00055903,SD00055903
SD00055885,SD00055885
SD00055887,SD00055887
SD00055888,SD00055888
SD00055895,SD00055895
SD00055896,SD00055896
SD00055897,SD00055897
SD00055891,SD00055891
SD00055898,SD00055898
SD00055889,SD00055889
SD00055890,SD00055890
SD00055952,SD00055952
SD00055951,SD00055951
10142,000010142
Pr55136,SP000052971
Pr55137,SP000052972
Pr55355,SP000053156
Pr55108,SP000052943
Pr55109,SP000052944
Pr55110,SP000052945
Pr47015,SP000045314
SD00053215,SD00053215
SD00054023,SD00054023
rs4u21661,ТР-00010158
rs4u38352,ТР-00027423
Pr48850,SP000047040
Pr48867,SP000047057
Pr48997,SP000047187
Pr49082,SP000047272
Pr49157,SP000047347
Pr49271,SP000047461
Pr49277,SP000047467
Pr49298,SP000047488
Pr49327,SP000047517
Pr56456,SP000054203
1335,000001335
5423,000005423
9391,000009391
23325,000023325
29281,000029281
29282,000029282
29283,000029283
29284,000029284
SD00008016,SD00008016
SD00055398,SD00055398
SD00055414,SD00055414
SD00055413,SD00055413
SD00055389,SD00055389
SD00055399,SD00055399
SD00055406,SD00055406
SD00055390,SD00055390
SD00055404,SD00055404
SD00055405,SD00055405
SD00055391,SD00055391
SD00054980,SD00054980
16787,000016787
27480,000027480
28486,000028486
rs4u39132,ТР-00028169
rs4u39133,ТР-00028170
SD00054027,SD00054027
SD00054028,SD00054028
SD00055309,SD00055309
SD00055311,SD00055311
SD00055312,SD00055312
SD00055313,SD00055313
SD00055308,SD00055308
SD00055303,SD00055303
SD00055305,SD00055305
SD00055302,SD00055302
SD00055304,SD00055304
SD00055306,SD00055306
SD00057275,SD00057275
SD00057286,SD00057286
SD00057287,SD00057287
SD00057308,SD00057308
SD00057328,SD00057328
SD00057303,SD00057303
SD00057304,SD00057304
SD00057273,SD00057273
SD00057271,SD00057271
SD00057276,SD00057276
SD00057277,SD00057277
SD00057284,SD00057284
SD00057295,SD00057295
SD00057279,SD00057279
SD00057280,SD00057280
SD00057293,SD00057293
SD00057302,SD00057302
SD00057332,SD00057332
SD00057278,SD00057278
SD00057281,SD00057281
SD00055310,SD00055310
SD00057282,SD00057282
SD00057288,SD00057288
SD00057290,SD00057290
SD00057333,SD00057333
SD00057336,SD00057336
SD00057283,SD00057283
SD00057291,SD00057291
SD00057330,SD00057330
SD00057340,SD00057340
SD00057289,SD00057289
SD00057296,SD00057296
SD00057341,SD00057341
SD00057301,SD00057301
SD00057331,SD00057331
SD00057329,SD00057329
SD00057335,SD00057335
SD00055663,SD00055663
SD00055664,SD00055664
SD00055665,SD00055665
SD00055666,SD00055666
16421,000016421
Pr23600,SP000032528
Pr23601,SP000032529
Pr55758,SP000053532
Pr55759,SP000053533
Pr55760,SP000053534
Pr55761,SP000053535
Pr55762,SP000053536
Pr55763,SP000053537
Pr55764,SP000053538
Pr55765,SP000053539
Pr55766,SP000053540
Pr55767,SP000053541
Pr55768,SP000053542
Pr55769,SP000053543
Pr55770,SP000053544
Pr55771,SP000053545
Pr55772,SP000053546
Pr55773,SP000053547
Pr55774,SP000053548
Pr55775,SP000053549
Pr55776,SP000053550
Pr55777,SP000053551
Pr55778,SP000053552
Pr55779,SP000053553
Pr55780,SP000053554
Pr55781,SP000053555
Pr55782,SP000053556
Pr55783,SP000053557
Pr55784,SP000053558
Pr55785,SP000053559
Pr55786,SP000053560
15839,000015839
5612,000005612
SD00057624,SD00057624
SD00057628,SD00057628
SD00057627,SD00057627
SD00056629,SD00056629
SD00056628,SD00056628
SD00055588,SD00055588
SD00055587,SD00055587
SD00055590,SD00055590
SD00055589,SD00055589
2492,000002492
3466,000003466
3480,000003480
31535,000031535
31538,000031538
31539,000031539
Pr51255,SP000049250
Pr51374,SP000049371
Pr53616,SP000051510
Pr53617,SP000051511
Pr53619,SP000051513
Pr53620,SP000051514
Pr53621,SP000051515
Pr53625,SP000051519
Pr53626,SP000051520
Pr53627,SP000051521
SD00055567,SD00055567
SD00055566,SD00055566
rs4u16972,00000018910
Pr55128,SP000052963
Pr55129,SP000052964
Pr55130,SP000052965
Pr55131,SP000052966
SD00055917,SD00055917
SD00054029,SD00054029
SD00055314,SD00055314
SD00055315,SD00055315
11190,000011190
11819,000011819
18450,000018450
21920,000021920
22207,000022207
24468,000024468
25206,000025206
30804,000030804
31492,000031492
31536,000031536
31543,000031543
31544,000031544
31545,000031545
32138,000032138
32170,000032170
Pr49040,SP000047230
rs4u570,00000022936
rs4u571,00000022937
rs4u10395,ТР-00002626
rs4u35312,ТР-00024083
rs4u35335,ТР-00024108
rs4u35720,ТР-00024553
rs4u36352,ТР-00025250
rs4u36916,ТР-00004889
rs4u38549,ТР-00027601
rs4u38550,ТР-00027602
rs4u38552,ТР-00027604
rs4u38553,ТР-00027605
rs4u38554,ТР-00027606
rs4u38556,ТР-00027608
rs4u38559,ТР-00027611
rs4u38560,ТР-00027612
rs4u38798,ТР-00027868
rs4u38800,ТР-00027870
rs4u38855,ТР-00027927
rs4u38856,ТР-00027928
rs4u39151,ТР-00028190
rs4u39152,ТР-00028191
rs4u39153,ТР-00028192
rs4u39154,ТР-00028193
rs4u39155,ТР-00028194
rs4u39158,ТР-00028196
rs4u39159,ТР-00028197
rs4u39160,ТР-00028198
rs4u39161,ТР-00028199
rs4u39162,ТР-00028200
rs4u39163,ТР-00028201
SD00037932,SD00037932
SD00050944,SD00050944
Pr51938,SP000049903
Pr51822,SP000049806
Pr51823,SP000049807
Pr53618,SP000051512
Pr53623,SP000051517
Pr53624,SP000051518
Pr49491,SP000047690
rs4u865,00000022935
rs4u19058,ТР-00000933
Pr49034,SP000047224
Pr49185,SP000047375
Pr52222,SP000050172
Pr55484,SP000053279
Pr55485,SP000053281
Pr55506,SP000053301
Pr55507,SP000053302
Pr55508,SP000053303
Pr55509,SP000053304
Pr55513,SP000053308
Pr55517,SP000053312
Pr55518,SP000053313
Pr55519,SP000053314
Pr55605,SP000053396
Pr55606,SP000053395
SD00020190,SD00020190
SD00054172,SD00054172
SD00031485,SD00031485
SD00054033,SD00054033
4897,000004897
4898,000004898
14767,000014767
16416,000016416
27524,000027524
27559,000027559
29242,000029242
31537,000031537
31540,000031540
32073,000032073
32503,000032503
32504,000032504
32505,000032505
32506,000032506
32507,000032507
32508,000032508
32509,000032509
32510,000032510
SD00057633,SD00057633
SD00057636,SD00057636
SD00057638,SD00057638
SD00057640,SD00057640
SD00057639,SD00057639
SD00057641,SD00057641
SD00057645,SD00057645
SD00057637,SD00057637
SD00057693,SD00057693
SD00057697,SD00057697
SD00057683,SD00057683
SD00057694,SD00057694
SD00057698,SD00057698
SD00057699,SD00057699
SD00057702,SD00057702
SD00057691,SD00057691
SD00057709,SD00057709
SD00057714,SD00057714
SD00057680,SD00057680
SD00057681,SD00057681
SD00057695,SD00057695
SD00057707,SD00057707
SD00057718,SD00057718
SD00057722,SD00057722
SD00057703,SD00057703
SD00057704,SD00057704
SD00057717,SD00057717
SD00057721,SD00057721
SD00057726,SD00057726
SD00057730,SD00057730
SD00057708,SD00057708
SD00057715,SD00057715
SD00057716,SD00057716
SD00057642,SD00057642
SD00057685,SD00057685
SD00057687,SD00057687
SD00057635,SD00057635
SD00057690,SD00057690
SD00057682,SD00057682
SD00057643,SD00057643
SD00057644,SD00057644
SD00057688,SD00057688
SD00057705,SD00057705
SD00057712,SD00057712
SD00057679,SD00057679
SD00057684,SD00057684
SD00057686,SD00057686
SD00057720,SD00057720
SD00057731,SD00057731
SD00057733,SD00057733
SD00057772,SD00057772
SD00057780,SD00057780
SD00057790,SD00057790
SD00057724,SD00057724
SD00057732,SD00057732
SD00057738,SD00057738
SD00057743,SD00057743
SD00057755,SD00057755
SD00057759,SD00057759
SD00057689,SD00057689
SD00057696,SD00057696
SD00057711,SD00057711
SD00057729,SD00057729
SD00057735,SD00057735
SD00057739,SD00057739
SD00057749,SD00057749
SD00057761,SD00057761
SD00057767,SD00057767
SD00057768,SD00057768
SD00057769,SD00057769
SD00057774,SD00057774
SD00057766,SD00057766
SD00057792,SD00057792
SD00057775,SD00057775
SD00057786,SD00057786
SD00057789,SD00057789
SD00057713,SD00057713
SD00057736,SD00057736
SD00057741,SD00057741
SD00057744,SD00057744
SD00057753,SD00057753
SD00057754,SD00057754
SD00057758,SD00057758
SD00057762,SD00057762
SD00057763,SD00057763
SD00057700,SD00057700
SD00057701,SD00057701
SD00057710,SD00057710
SD00057764,SD00057764
SD00057778,SD00057778
SD00057727,SD00057727
SD00057746,SD00057746
SD00057776,SD00057776
SD00057777,SD00057777
SD00057782,SD00057782
SD00057783,SD00057783
SD00057692,SD00057692
SD00057706,SD00057706
SD00057719,SD00057719
SD00057723,SD00057723
SD00057747,SD00057747
SD00057750,SD00057750
SD00057756,SD00057756
SD00057760,SD00057760
SD00057773,SD00057773
SD00057785,SD00057785
SD00057737,SD00057737
SD00057742,SD00057742
SD00057745,SD00057745
SD00057748,SD00057748
SD00057757,SD00057757
SD00057765,SD00057765
SD00057770,SD00057770
SD00057771,SD00057771
SD00057779,SD00057779
SD00057781,SD00057781
SD00057784,SD00057784
SD00057788,SD00057788
SD00057791,SD00057791
SD00057725,SD00057725
SD00057728,SD00057728
SD00057734,SD00057734
SD00057740,SD00057740
SD00057751,SD00057751
SD00057752,SD00057752
SD00057787,SD00057787
SD00051674,SD00051674
SD00055706,SD00055706
SD00055702,SD00055702
SD00055704,SD00055704
SD00055705,SD00055705
SD00055703,SD00055703
SD00055707,SD00055707
SD00055709,SD00055709
SD00055708,SD00055708
SD00055710,SD00055710
rs4u38551,ТР-00027603
rs4u38558,ТР-00027610
SD00024547,SD00024547
SD00024554,SD00024554
SD00005177,SD00005177
SD00005178,SD00005178
SD00005182,SD00005182
SD00005183,SD00005183
SD00005186,SD00005186
SD00005187,SD00005187
SD00006810,SD00006810
SD00006812,SD00006812
SD00007344,SD00007344
SD00007345,SD00007345
SD00024548,SD00024548
SD00031251,SD00031251
SD00030725,SD00030725
SD00030726,SD00030726
SD00030727,SD00030727
SD00032263,SD00032263
SD00032264,SD00032264
SD00032265,SD00032265
SD00032266,SD00032266
SD00036043,SD00036043
SD00036044,SD00036044
SD00036045,SD00036045
SD00036046,SD00036046
SD00025188,SD00025188
SD00025189,SD00025189
SD00026063,SD00026063
SD00026064,SD00026064
SD00028290,SD00028290
SD00028291,SD00028291
SD00028293,SD00028293
SD00028294,SD00028294
SD00028295,SD00028295
SD00028296,SD00028296
SD00028297,SD00028297
SD00028299,SD00028299
SD00028301,SD00028301
SD00028302,SD00028302
SD00028303,SD00028303
SD00028304,SD00028304
SD00028306,SD00028306
SD00031543,SD00031543
SD00031544,SD00031544
SD00031545,SD00031545
SD00031546,SD00031546
SD00031547,SD00031547
SD00031549,SD00031549
SD00031550,SD00031550
SD00031551,SD00031551
SD00031552,SD00031552
SD00031553,SD00031553
SD00031554,SD00031554
SD00031557,SD00031557
SD00031558,SD00031558
SD00031559,SD00031559
SD00031562,SD00031562
SD00031564,SD00031564
SD00031566,SD00031566
SD00031567,SD00031567
SD00031568,SD00031568
SD00031569,SD00031569
SD00031571,SD00031571
SD00031572,SD00031572
SD00031573,SD00031573
SD00031574,SD00031574
SD00031575,SD00031575
SD00031577,SD00031577
SD00031578,SD00031578
SD00031579,SD00031579
SD00031580,SD00031580
SD00031582,SD00031582
SD00031583,SD00031583
SD00031585,SD00031585
SD00031586,SD00031586
SD00031587,SD00031587
SD00032537,SD00032537
SD00033025,SD00033025
SD00033151,SD00033151
SD00033161,SD00033161
SD00033162,SD00033162
SD00033163,SD00033163
SD00034612,SD00034612
SD00034613,SD00034613
SD00034614,SD00034614
SD00034616,SD00034616
SD00034618,SD00034618
SD00034619,SD00034619
SD00034981,SD00034981
SD00032662,SD00032662
SD00032664,SD00032664
SD00032665,SD00032665
SD00032668,SD00032668
SD00032671,SD00032671
SD00032673,SD00032673
SD00032674,SD00032674
SD00032675,SD00032675
SD00032676,SD00032676
SD00032678,SD00032678
SD00033331,SD00033331
SD00034815,SD00034815
SD00034816,SD00034816
SD00036978,SD00036978
SD00036991,SD00036991
SD00036993,SD00036993
SD00036994,SD00036994
SD00036995,SD00036995
SD00036996,SD00036996
SD00036997,SD00036997
SD00036998,SD00036998
SD00036999,SD00036999
SD00037000,SD00037000
SD00042025,SD00042025
SD00042039,SD00042039
SD00042040,SD00042040
SD00042042,SD00042042
SD00042045,SD00042045
SD00042047,SD00042047
SD00042052,SD00042052
SD00042055,SD00042055
SD00042057,SD00042057
SD00042059,SD00042059
SD00042063,SD00042063
SD00042065,SD00042065
SD00046725,SD00046725
SD00046726,SD00046726
SD00046729,SD00046729
SD00046734,SD00046734
SD00046735,SD00046735
SD00046736,SD00046736
SD00046737,SD00046737
SD00046738,SD00046738
SD00042936,SD00042936
SD00042934,SD00042934
SD00047736,SD00047736
SD00042947,SD00042947
SD00042944,SD00042944
SD00041304,SD00041304
SD00042935,SD00042935
SD00042943,SD00042943
SD00042946,SD00042946
SD00042937,SD00042937
SD00047735,SD00047735
SD00047737,SD00047737
SD00051885,SD00051885
SD00051886,SD00051886
SD00051887,SD00051887
SD00051888,SD00051888
SD00052256,SD00052256
SD00052257,SD00052257
SD00052259,SD00052259
SD00052260,SD00052260
SD00052261,SD00052261
SD00052262,SD00052262
SD00052263,SD00052263
SD00052264,SD00052264
SD00052265,SD00052265
SD00053169,SD00053169
SD00053170,SD00053170
SD00053464,SD00053464
SD00051027,SD00051027
SD00052674,SD00052674
SD00052677,SD00052677
SD00051116,SD00051116
SD00051117,SD00051117
SD00051118,SD00051118
SD00051119,SD00051119
SD00052672,SD00052672
SD00052673,SD00052673
SD00053093,SD00053093
SD00053168,SD00053168
SD00053291,SD00053291
SD00053292,SD00053292
SD00053293,SD00053293
SD00053294,SD00053294
SD00053312,SD00053312
SD00054357,SD00054357
SD00054358,SD00054358
SD00054359,SD00054359
SD00051013,SD00051013
SD00051022,SD00051022
SD00051023,SD00051023
SD00051018,SD00051018
SD00051019,SD00051019
SD00051746,SD00051746
SD00053384,SD00053384
SD00054403,SD00054403
SD00051014,SD00051014
SD00054407,SD00054407
SD00051745,SD00051745
SD00051021,SD00051021
SD00054406,SD00054406
SD00051020,SD00051020
SD00054414,SD00054414
SD00054416,SD00054416
SD00054405,SD00054405
SD00054412,SD00054412
SD00054751,SD00054751
SD00055158,SD00055158
SD00055162,SD00055162
SD00055163,SD00055163
SD00055167,SD00055167
SD00055168,SD00055168
SD00055165,SD00055165
SD00055166,SD00055166
SD00055164,SD00055164
SD00055161,SD00055161
SD00055160,SD00055160
SD00055159,SD00055159
SD00054350,SD00054350
SD00054348,SD00054348
SD00054354,SD00054354
SD00054351,SD00054351
SD00055204,SD00055204
SD00055205,SD00055205
SD00055206,SD00055206
SD00054353,SD00054353
SD00054352,SD00054352
SD00055603,SD00055603
SD00055608,SD00055608
SD00055604,SD00055604
SD00055605,SD00055605
SD00055611,SD00055611
SD00055609,SD00055609
SD00055606,SD00055606
SD00055610,SD00055610
SD00055600,SD00055600
SD00055607,SD00055607
SD00056725,SD00056725
SD00056724,SD00056724
SD00056726,SD00056726
SD00056727,SD00056727
SD00056728,SD00056728
SD00056732,SD00056732
SD00056734,SD00056734
SD00057219,SD00057219
SD00056731,SD00056731
SD00056735,SD00056735
SD00057225,SD00057225
SD00057220,SD00057220
SD00057226,SD00057226
SD00057224,SD00057224
SD00057222,SD00057222
SD00057221,SD00057221
SD00057223,SD00057223
SD00056722,SD00056722
SD00056738,SD00056738
SD00056737,SD00056737
SD00056736,SD00056736
SD00056739,SD00056739
SD00056723,SD00056723
SD00055229,SD00055229
SD00055228,SD00055228
SD00055230,SD00055230
SD00055231,SD00055231
SD00055227,SD00055227
SD00055232,SD00055232
Pr49199,SP000047389
rs4u38572,ТР-00027641
rs4u38573,ТР-00027642
rs4u38576,ТР-00027645
Pr45749,SP000044144
Pr45774,SP000044169
SD00052258,SD00052258
Pr51294,SP000049290
Pr51317,SP000049313
Pr51318,SP000049314
Pr51386,SP000049383
SD00052637,SD00052637
rs4u545,00000022916
SD00031588,SD00031588
SD00055220,SD00055220
SD00055221,SD00055221
SD00055219,SD00055219
SD00055223,SD00055223
SD00055217,SD00055217
SD00055218,SD00055218
Pr51830,SP000049814
SD00032663,SD00032663
Pr866,SP000029384
Pr867,SP000029385
Pr880,SP000031238
Pr23565,SP000032258
Pr23589,SP000032489
Pr23590,SP000032491
Pr23613,SP000032582
Pr23617,SP000032588
Pr23623,SP000033606
Pr23625,SP000033650
Pr23635,SP000033666
Pr23636,SP000033667
Pr23650,SP000035139
Pr36241,SP000035637
Pr36246,SP000035642
Pr37667,SP000037016
Pr42620,SP000041708
Pr44559,SP000043033
Pr44560,SP000043034
Pr44882,SP000043343
Pr44885,SP000043346
Pr874,SP000030158
Pr23627,SP000033652
Pr23631,SP000033656
Pr23637,SP000033668
Pr36242,SP000035638
Pr42232,SP000041345
Pr42632,SP000041720
Pr44561,SP000043035
Pr44562,SP000043036
Pr44564,SP000043038
Pr44566,SP000043040
Pr45638,SP000044036
Pr56471,SP000054217
SD00055172,SD00055172
SD00055171,SD00055171
SD00057796,SD00057796
SD00057798,SD00057798
SD00057801,SD00057801
SD00057794,SD00057794
SD00057797,SD00057797
SD00057807,SD00057807
SD00057809,SD00057809
SD00057799,SD00057799
SD00057806,SD00057806
SD00057815,SD00057815
SD00057813,SD00057813
SD00057817,SD00057817
SD00057818,SD00057818
SD00057805,SD00057805
SD00057808,SD00057808
SD00057821,SD00057821
SD00057823,SD00057823
SD00057833,SD00057833
SD00057835,SD00057835
SD00057824,SD00057824
SD00057828,SD00057828
SD00057848,SD00057848
SD00057845,SD00057845
SD00057846,SD00057846
SD00057858,SD00057858
SD00057825,SD00057825
SD00057826,SD00057826
SD00057838,SD00057838
SD00057795,SD00057795
SD00057800,SD00057800
SD00057804,SD00057804
SD00057816,SD00057816
SD00057829,SD00057829
SD00057851,SD00057851
SD00057854,SD00057854
SD00057855,SD00057855
SD00057802,SD00057802
SD00057820,SD00057820
SD00057832,SD00057832
SD00057844,SD00057844
SD00057849,SD00057849
SD00057852,SD00057852
SD00057842,SD00057842
SD00057847,SD00057847
SD00057853,SD00057853
SD00057793,SD00057793
SD00057803,SD00057803
SD00057811,SD00057811
SD00057814,SD00057814
SD00057810,SD00057810
SD00057812,SD00057812
SD00057856,SD00057856
SD00057822,SD00057822
SD00057827,SD00057827
SD00057837,SD00057837
SD00057839,SD00057839
SD00057840,SD00057840
SD00057841,SD00057841
SD00057843,SD00057843
SD00057819,SD00057819
SD00057830,SD00057830
SD00057831,SD00057831
SD00057834,SD00057834
SD00057836,SD00057836
SD00057850,SD00057850
SD00057857,SD00057857
SD00057866,SD00057866
rs4u38672,ТР-00027742
rs4u38673,ТР-00027743
rs4u38674,ТР-00027744
rs4u38675,ТР-00027745
rs4u38676,ТР-00027746
rs4u38677,ТР-00027747
rs4u38678,ТР-00027748
rs4u38679,ТР-00027749
rs4u38680,ТР-00027750
rs4u38681,ТР-00027751
rs4u38682,ТР-00027752
rs4u38683,ТР-00027753
SD00004269,SD00004269
SD00020193,SD00020193
SD00020197,SD00020197
SD00022318,SD00022318
SD00037930,SD00037930
SD00037933,SD00037933
SD00050957,SD00050957
SD00057009,SD00057009
31391,000031391
Pr57228,SP000054964
SD00055700,SD00055700
SD00057131,SD00057131
SD00057017,SD00057017
SD00057015,SD00057015
SD00057016,SD00057016
SD00057019,SD00057019
SD00057132,SD00057132
SD00054255,SD00054255
SD00054043,SD00054043
SD00054042,SD00054042
SD00055141,SD00055141
SD00055142,SD00055142
SD00055139,SD00055139
Pr50071,SP000048081
SD00055694,SD00055694
SD00055695,SD00055695
SD00055696,SD00055696
SD00057254,SD00057254
SD00057255,SD00057255
SD00057256,SD00057256
SD00055691,SD00055691
SD00055692,SD00055692
SD00055684,SD00055684
SD00055693,SD00055693
SD00055686,SD00055686
SD00055685,SD00055685
SD00055689,SD00055689
SD00055690,SD00055690
SD00055688,SD00055688
SD00055687,SD00055687
SD00055683,SD00055683
SD00055682,SD00055682
Pr42226,SP000041339
Pr23583,SP000032276
Pr23584,SP000032277
Pr23632,SP000033657
Pr42227,SP000041340
Pr44563,SP000043037
Pr44565,SP000043039
Pr3343,SP000025071
Pr49936,SP000047955
SD00058145,SD00058145
SD00058141,SD00058141
SD00058143,SD00058143
SD00058147,SD00058147
SD00058149,SD00058149
SD00058142,SD00058142
SD00058146,SD00058146
SD00058144,SD00058144
SD00058148,SD00058148
SD00058150,SD00058150
19559,000019559
,ТР-00027764
SD00032661,SD00032661
SD00032672,SD00032672
SD00042945,SD00042945
SD00051026,SD00051026
SD00054415,SD00054415
SD00054402,SD00054402
SD00054752,SD00054752
SD00054753,SD00054753
SD00055140,SD00055140
Pr36247,SP000035643
Pr23616,SP000032587
SD00055964,SD00055964
SD00055965,SD00055965
24361,000024361
24362,000024362
24367,000024367
24369,000024369
31825,000031825
31826,000031826
31828,000031828
31829,000031829
31830,000031830
31831,000031831
31835,000031835
31860,000031860
31861,000031861
SD00056890,SD00056890
SD00008819,SD00008819
SD00054411,SD00054411
15831,000015831
,KH-02-100
SD00052468,SD00052468
SD00054241,SD00054241
SD00055370,SD00055370
SD00055371,SD00055371
SD00055372,SD00055372
SD00056530,SD00056530
SD00055381,SD00055381
SD00056527,SD00056527
SD00056529,SD00056529
SD00056531,SD00056531
SD00056528,SD00056528
,SP000043316H
,000021200H
,000017651H
SD00055169,SD00055169
SD00055170,SD00055170
5770,000005770
rs4u9017,00000021696
rs4u19761,ТР-00004719
rs4u35626,ТР-00024433
rs4u38652,ТР-00027721
Pr875,SP000030478
Pr879,SP000030689
Pr23580,SP000032273
SD00052676,SD00052676
SD00054242,SD00054242
SD00054251,SD00054251
SD00055374,SD00055374
SD00054249,SD00054249
SD00054243,SD00054243
SD00055373,SD00055373
SD00055375,SD00055375
SD00055376,SD00055376
SD00055366,SD00055366
SD00056519,SD00056519
SD00056520,SD00056520
SD00056521,SD00056521
Pr2742,SP000026089
Pr2743,SP000026090
Pr36696,SP000036085
rs4u21572,ТР-00010069
rs4u21574,ТР-00010071
rs4u21604,ТР-00010101
rs4u21608,ТР-00010105
rs4u21611,ТР-00010108
rs4u21735,ТР-00010232
rs4u21737,ТР-00010234
rs4u34026,ТР-00022710
rs4u34040,ТР-00022724
rs4u34052,ТР-00022736
rs4u34073,ТР-00022757
rs4u34075,ТР-00022759
rs4u34077,ТР-00022761
rs4u34129,ТР-00022813
rs4u34152,ТР-00022836
Pr51326,SP000049322
SD00050954,SD00050954
SD00056524,SD00056524
SD00056525,SD00056525
15956,000015956
rs4u38575,ТР-00027644
rs4u38670,ТР-00027740
rs4u266,ТР-00000894
rs4u425,ТР-00000897
rs4u1116,ТР-00008145
rs4u1393,ТР-00008142
rs4u15802,00000021758
rs4u21539,ТР-00010036
rs4u21545,ТР-00010042
rs4u21553,ТР-00010050
rs4u21578,ТР-00010075
rs4u33901,ТР-00022585
rs4u33928,ТР-00022612
rs4u33934,ТР-00022618
rs4u33952,ТР-00022636
rs4u34029,ТР-00022713
rs4u34177,ТР-00022861
rs4u34202,ТР-00022886
rs4u34203,ТР-00022887
rs4u34226,ТР-00022910
rs4u34238,ТР-00022922
rs4u37135,ТР-00025918
rs4u33277,ТР-00021961
SD00056729,SD00056729
31952,000031952
31955,000031955
31956,000031956
Pr56180,SP000053933
SD00054410,SD00054410
Pr820,SP000022029
Pr889,SP000031249
Pr23614,SP000032583
Pr36243,SP000035639
Pr36244,SP000035640
Pr53622,SP000051516
SD00054294,SD00054294
SD00054293,SD00054293
SD00054286,SD00054286
SD00056360,SD00056360
SD00056361,SD00056361
SD00056362,SD00056362
SD00056364,SD00056364
SD00056358,SD00056358
SD00056365,SD00056365
SD00056363,SD00056363
SD00056348,SD00056348
SD00056355,SD00056355
SD00056367,SD00056367
SD00056374,SD00056374
SD00056370,SD00056370
SD00056373,SD00056373
SD00056369,SD00056369
SD00056371,SD00056371
SD00056376,SD00056376
SD00056366,SD00056366
SD00056372,SD00056372
SD00056368,SD00056368
SD00056353,SD00056353
SD00056354,SD00056354
SD00056349,SD00056349
SD00056359,SD00056359
SD00056350,SD00056350
SD00056351,SD00056351
SD00056356,SD00056356
SD00056347,SD00056347
SD00056357,SD00056357
SD00056352,SD00056352
SD00056744,SD00056744
SD00056742,SD00056742
SD00056733,SD00056733
SD00056743,SD00056743
5656,000005656
19349,000019349
31404,000031404
32062,000032062
,00000021373
Pr47790,SP000046041
Pr49010,SP000047200
Pr49182,SP000047372
SD00032294,SD00032294
SD00055277,SD00055277
SD00055276,SD00055276
SD00055278,SD00055278
SD00057068,SD00057068
Pr49207,SP000047397
SD00042225,SD00042225
SD00042224,SD00042224
SD00057614,SD00057614
SD00057610,SD00057610
SD00057611,SD00057611
SD00057608,SD00057608
SD00057605,SD00057605
SD00057606,SD00057606
SD00057615,SD00057615
SD00053463,SD00053463
SD00055175,SD00055175
SD00055572,SD00055572
Pr887,SP000031247
Pr23628,SP000033653
Pr44552,SP000043026
Pr57877,SP000055600
SD00055646,SD00055646
rs4u38189,ТР-00027265
SD00055966,SD00055966
,SD00057235
,ТР-00025644
,ТР-00007773
SD00056930,SD00056930
SD00056929,SD00056929
SD00057863,SD00057863
SD00057381,SD00057381
SD00057382,SD00057382
SD00030386,SD00030386
SD00057092,SD00057092
SD00057207,SD00057207
SD00057209,SD00057209
SD00057210,SD00057210
SD00057121,SD00057121
SD00057114,SD00057114
SD00057171,SD00057171
SD00057234,SD00057234
SD00057138,SD00057138
SD00057140,SD00057140
SD00057174,SD00057174
SD00057196,SD00057196
SD00057168,SD00057168
SD00057176,SD00057176
SD00057188,SD00057188
SD00057116,SD00057116
SD00057117,SD00057117
SD00057118,SD00057118
SD00057237,SD00057237
SD00057251,SD00057251
SD00057236,SD00057236
SD00057252,SD00057252
SD00057233,SD00057233
SD00057173,SD00057173
SD00057184,SD00057184
SD00057195,SD00057195
SD00057150,SD00057150
SD00057155,SD00057155
SD00057158,SD00057158
SD00057161,SD00057161
SD00057162,SD00057162
SD00057262,SD00057262
SD00057300,SD00057300
SD00057269,SD00057269
SD00057274,SD00057274
SD00057267,SD00057267
SD00057292,SD00057292
SD00057297,SD00057297
SD00057263,SD00057263
SD00057265,SD00057265
SD00057294,SD00057294
SD00057264,SD00057264
SD00057148,SD00057148
SD00057102,SD00057102
SD00057108,SD00057108
SD00057103,SD00057103
SD00057106,SD00057106
SD00057100,SD00057100
SD00057326,SD00057326
SD00057139,SD00057139
SD00057075,SD00057075
SD00057076,SD00057076
SD00057120,SD00057120
SD00057167,SD00057167
SD00057170,SD00057170
SD00057175,SD00057175
SD00057178,SD00057178
SD00057200,SD00057200
SD00057104,SD00057104
SD00057099,SD00057099
SD00057101,SD00057101
SD00057107,SD00057107
SD00057109,SD00057109
SD00057112,SD00057112
SD00057111,SD00057111
SD00057324,SD00057324
SD00057125,SD00057125
SD00057124,SD00057124
SD00057206,SD00057206
SD00057166,SD00057166
SD00057179,SD00057179
SD00057187,SD00057187
SD00057198,SD00057198
SD00057186,SD00057186
SD00057095,SD00057095
SD00057098,SD00057098
SD00057105,SD00057105
SD00057093,SD00057093
SD00057199,SD00057199
SD00057115,SD00057115
SD00057119,SD00057119
SD00057122,SD00057122
SD00057246,SD00057246
SD00057231,SD00057231
SD00057230,SD00057230
SD00057266,SD00057266
SD00057299,SD00057299
SD00057169,SD00057169
SD00057185,SD00057185
SD00057194,SD00057194
SD00057147,SD00057147
SD00057149,SD00057149
SD00057077,SD00057077
SD00057151,SD00057151
SD00057153,SD00057153
SD00057157,SD00057157
SD00057163,SD00057163
SD00057327,SD00057327
SD00057142,SD00057142
SD00057074,SD00057074
SD00057159,SD00057159
SD00057160,SD00057160
SD00057248,SD00057248
SD00057244,SD00057244
SD00057245,SD00057245
SD00057249,SD00057249
SD00057243,SD00057243
SD00057235,SD00057235
SD00057238,SD00057238
SD00057240,SD00057240
SD00057239,SD00057239
SD00057241,SD00057241
SD00057197,SD00057197
SD00057141,SD00057141
SD00057143,SD00057143
SD00057094,SD00057094
SD00057096,SD00057096
SD00057097,SD00057097
SD00057208,SD00057208
SD00057172,SD00057172
SD00057156,SD00057156
SD00057272,SD00057272
SD00057260,SD00057260
SD00057258,SD00057258
SD00057259,SD00057259
SD00057135,SD00057135
SD00057136,SD00057136
SD00056017,SD00056017
SD00055408,SD00055408
SD00055407,SD00055407
SD00057305,SD00057305
SD00057307,SD00057307
SD00057313,SD00057313
SD00057312,SD00057312
SD00057322,SD00057322
SD00057316,SD00057316
SD00057314,SD00057314
SD00057315,SD00057315
SD00057320,SD00057320
SD00057306,SD00057306
SD00057319,SD00057319
SD00057321,SD00057321
SD00057310,SD00057310
SD00057311,SD00057311
SD00057309,SD00057309
SD00057318,SD00057318
SD00057478,SD00057478
SD00057481,SD00057481
SD00057483,SD00057483
SD00057487,SD00057487
SD00057477,SD00057477
SD00057549,SD00057549
SD00057550,SD00057550
SD00057484,SD00057484
SD00057480,SD00057480
SD00057601,SD00057601
SD00057578,SD00057578
SD00057562,SD00057562
SD00057582,SD00057582
SD00057576,SD00057576
SD00057583,SD00057583
SD00057593,SD00057593
SD00057546,SD00057546
SD00057551,SD00057551
SD00057555,SD00057555
SD00057553,SD00057553
SD00057559,SD00057559
SD00057564,SD00057564
SD00057598,SD00057598
SD00057596,SD00057596
SD00057574,SD00057574
SD00057586,SD00057586
SD00057592,SD00057592
SD00057485,SD00057485
SD00057573,SD00057573
SD00057585,SD00057585
SD00057587,SD00057587
SD00057491,SD00057491
SD00057482,SD00057482
SD00057604,SD00057604
SD00057591,SD00057591
SD00057594,SD00057594
SD00057501,SD00057501
SD00057566,SD00057566
SD00057569,SD00057569
SD00057572,SD00057572
SD00057577,SD00057577
SD00057580,SD00057580
SD00057584,SD00057584
SD00057554,SD00057554
SD00057557,SD00057557
SD00057558,SD00057558
SD00057560,SD00057560
SD00057498,SD00057498
SD00057497,SD00057497
SD00057489,SD00057489
SD00057490,SD00057490
SD00057552,SD00057552
SD00057600,SD00057600
SD00057556,SD00057556
SD00057502,SD00057502
SD00057494,SD00057494
SD00057492,SD00057492
SD00057499,SD00057499
SD00057479,SD00057479
SD00057561,SD00057561
SD00057496,SD00057496
SD00057599,SD00057599
SD00057597,SD00057597
SD00057872,SD00057872
SD00058098,SD00058098
SD00058102,SD00058102
SD00058105,SD00058105
SD00058101,SD00058101
SD00058111,SD00058111
SD00058134,SD00058134
SD00058103,SD00058103
SD00058104,SD00058104
SD00058109,SD00058109
SD00058086,SD00058086
SD00058083,SD00058083
SD00058079,SD00058079
SD00058099,SD00058099
SD00058106,SD00058106
SD00058110,SD00058110
SD00058082,SD00058082
SD00058080,SD00058080
SD00058100,SD00058100
SD00058078,SD00058078
SD00058092,SD00058092
SD00058108,SD00058108
SD00058112,SD00058112
SD00058107,SD00058107
SD00058113,SD00058113
Pr45213,SP000043620
Pr56424,SP000054172
Pr56425,SP000054173
Pr49350,SP000047540
SD00057165,SD00057165
SD00057325,SD00057325
SD00057212,SD00057212
SD00057213,SD00057213
SD00057211,SD00057211
SD00057317,SD00057317
SD00057486,SD00057486
SD00057595,SD00057595
SD00057603,SD00057603
SD00057571,SD00057571
SD00057476,SD00057476
SD00057567,SD00057567
SD00057475,SD00057475
SD00057565,SD00057565
SD00057570,SD00057570
SD00057568,SD00057568
SD00057602,SD00057602
SD00057500,SD00057500
SD00057547,SD00057547
SD00057548,SD00057548
SD00057493,SD00057493
SD00057495,SD00057495
SD00057563,SD00057563
SD00057581,SD00057581
SD00057488,SD00057488
SD00057579,SD00057579
SD00029379,SD00029379
SD00028308,SD00028308
SD00055836,SD00055836
SD00057145,SD00057145
SD00057152,SD00057152
SD00057146,SD00057146
SD00057154,SD00057154
SD00031581,SD00031581
22002,000022002
24615,000024615
25996,000025996
27620,000027620
SD00025185,SD00025185
SD00028300,SD00028300
SD00028305,SD00028305
SD00031565,SD00031565
SD00031584,SD00031584
SD00033160,SD00033160
SD00034611,SD00034611
SD00041306,SD00041306
SD00051985,SD00051985
SD00054074,SD00054074
SD00054076,SD00054076
SD00054075,SD00054075
SD00054077,SD00054077
SD00057871,SD00057871
rs4u39250,ТР-00028290
SD00031561,SD00031561
SD00055544,SD00055544
Pr56216,SP000053968
Pr56217,SP000053969
Pr56285,SP000054037
Pr56286,SP000054038
Pr56287,SP000054039
Pr56288,SP000054040
Pr56295,SP000054047
Pr56296,SP000054048
Pr56297,SP000054049
Pr56220,SP000053972
Pr56221,SP000053973
Pr56222,SP000053974
Pr56223,SP000053975
Pr56224,SP000053976
Pr56225,SP000053977
Pr56226,SP000053978
Pr56227,SP000053979
Pr56228,SP000053980
Pr56230,SP000053982
Pr56231,SP000053983
Pr56249,SP000054001
Pr56250,SP000054002
Pr56252,SP000054004
Pr56253,SP000054005
Pr56254,SP000054006
Pr56255,SP000054007
Pr56256,SP000054008
Pr56257,SP000054009
Pr56259,SP000054011
Pr56260,SP000054012
Pr56261,SP000054013
Pr56262,SP000054014
Pr56263,SP000054015
Pr56274,SP000054026
Pr56278,SP000054030
Pr56279,SP000054031
Pr56280,SP000054032
Pr56229,SP000053981
Pr56264,SP000054016
Pr56265,SP000054017
Pr56266,SP000054018
Pr56267,SP000054019
Pr56268,SP000054020
Pr56269,SP000054021
Pr56270,SP000054022
Pr56271,SP000054023
Pr56272,SP000054024
Pr56273,SP000054025
Pr56275,SP000054027
Pr56276,SP000054028
Pr56277,SP000054029
Pr56282,SP000054034
Pr56283,SP000054035
Pr56289,SP000054041
Pr56290,SP000054042
Pr56291,SP000054043
Pr56292,SP000054044
Pr56293,SP000054045
Pr56294,SP000054046
Pr2744,SP000028082
0eb98d17-170a-4982-9624-007eca37f298,EP5452
eba01069-218b-4047-8b98-6181c4d7a325,EP6227
bcd99d5d-eed7-42ce-8de2-d4f92bf14897,EP5453
b21b151c-895f-46a9-8877-d40b45ad753f,EP5454
b9bb86fc-10ed-441f-a3d4-6a39ee36ff66,EP6233
c507e3b0-fc98-4feb-8922-46b4be19a193,EP5455
2e6c34c5-038a-4029-9607-7b1599b53de6,EP5456
83085b65-2816-496c-b40e-58563710b06c,EP6276
513556ba-ac54-434d-b734-63590f3190e7,EP6220
2a0633a5-edcc-42e0-8c7b-41018778b37d,EP6229
aa73988d-9178-4372-8c9e-33460922e9fa,EP6228
02799799-1f6f-4a3d-8b92-3b07a79fe06a,EP6231
10775c0e-8433-4499-93d7-99237cb48703,EP6239
919a4326-01ee-4c17-bb91-654c2fc3b668,EP6236
f568089e-35ed-4fd4-8a89-eeca95b16e4e,EP6230
006a683e-8edc-486f-ace0-c65c66c08417,EP6232
92823eac-ad00-4e6a-aca8-53c81e8500d8,EP5451
d2b9c8b7-8806-42ef-8c86-824fe4cd3c45,EP6226
4c075a56-28e2-4f22-8b04-97c723dc39e8,EP6238
2355b244-664f-42cc-9b59-eb19b51a1485,EP6235
a5227e1c-7b99-40c4-ae8d-7dec2de6eb28,EP6234
2cab9b84-8cdb-4b34-8f49-c5e054c28caa,KR3169
7b14cdbb-bf61-4fac-af40-675550501fa9,KR5033
0158fe3a-cb25-4933-b579-3c49ac262926,KR3155
80590d0c-cc8e-48ed-8916-3db6d21ac357,KR3165
8e23c4ea-3568-4913-94f6-13e71fc9804f,KR3367
1b3b0930-a960-42be-828e-5a8d9559eeaa,KR5026
fdb5ba7a-f979-445c-8382-ab64b3c0f383,KR5023
2d7c5653-5d0a-412e-9d76-ace2ede790dc,KR5018
b9ae763e-ec4c-49a1-8f07-7488109b9de6,KR5027
7cfd3ffb-7510-4be3-b4c7-78054745218b,KR3166
e45ea7fd-df34-4342-a770-1a20acb0ccc4,KR5448
78f5b114-f4cd-4725-8f8d-e05b67d614dd,KR5022
f7b11f00-412f-4495-a16a-abd09565ff0f,KR5467
985bb2e8-65ca-4b00-af18-63127104feb2,KR3172
60a7a160-90a7-4e5a-8169-e683edc51443,KR3157
8a7beecd-53c6-45e6-ba8c-4b9e056bbbf6,KR5768
cd4cd688-31bb-4997-8834-78d588f809db,KR5637
00097cfd-5ebb-4666-b94c-34c4dc4077dd,KR5636
f62eaa43-cc87-4227-b1b8-868569a70735,KR5540
16311436-5068-49de-ad84-7efcbfecc873,KR5017
fccb233c-b196-475e-9da1-01399041b65f,KR3162
5c584722-3eed-4907-b3c1-692183213220,KR3161
d95e75eb-5f63-45bd-bdb6-d5e23fece2d9,KR5875
c1946ac7-343a-464a-af10-498e5a9eb5ec,KR3158
c6f8649f-b912-4313-b7fc-ced18a9f5824,KR5449
6717bf09-f1ee-4917-802f-526d0dad62fc,KR5032
4e323eac-4eab-4d5a-8a04-c0c605bd0877,KR5030
511a8e39-d9fd-4eb3-9dcc-a4ab5790d248,KR5542
6a4e0648-446b-4fb1-929a-f9df29b07d44,KR4778
dba22871-1a48-4180-8945-1f4f7e0a50c1,KR4780
21913096-dada-4465-9ffc-4344e7934108,KR5031
656d88b8-3450-4f27-9952-4b5e330344ff,KR5327
b49be24a-7f42-40a3-89c8-9ad3547089fe,KR3159
43bf78d2-675f-48d2-932b-d8191641d647,KR5021
e805eb57-d309-4062-a0f6-5807c3cddcd9,KR5769
438fb1eb-4aed-4b49-bdb2-48ab8d763926,KR5028
421f7d33-7248-4cd5-8b64-a0e1415be357,KR5447
4eceac5f-7fe7-42d7-acb8-c773782ed65c,KR5328
0a114ae2-191e-4353-ab45-7051047729f6,KR3156
fa9f05b1-39a9-4d36-9d8c-da228a78e2c9,KR3142
0a7f9e31-7a9b-420b-8075-900ead4b6720,KR4777
61612eed-45ca-43a2-b8ae-862f5393f266,KR5019
cc171077-fcfa-447d-9925-489c7823eb47,KR5326
1d7f33ed-a706-4d07-b120-41c0ffca565d,KR3160
6f034349-618a-4a29-9218-73e594219957,KR5874
13708990-49a4-49fa-9c90-abd2965655da,KR3167
d068d26b-dd8c-41bc-9564-425c41f9d751,KR4779
fbcb9a56-9f9b-4bc0-9b6d-dd792b1b60db,KR5450
92e8dedd-84a3-4080-82cf-0459abcd0b9f,KR6193
200d6280-5ab6-4336-b22a-9ee43b442e68,KR5020
983cc35f-f7d8-4ea9-bce5-246a1401110b,MI6029
3e7fe2de-45b6-4734-81f0-e59ba0d6d3da,MI6028
720f8098-d059-4652-8a5a-dad95c15dd4b,MI6563
2591e6f4-3867-44d9-bf4e-b03d96dd3f02,MI6562
,ТР-00027104
,ТР-00027103
,ТР-00027105
,ТР-00027102
,ТР-00027103
